&	e comercial
#	cerquilha
@	arroba
§	parágrafo
™	marca comercial
®	marca registrada
©	direitos autorais
_	sublinhado
%	por cento
*	asterisco
+	mais
/	barra
=	igual
^	acento circunflexo
|	barra vertical
~	til
$	dólar
£	libra esterlina
€	euro
₩	won
¥	ienes
°	grau
º	ordinal masculino
‼	dupla exclamação
⁄	barra de fração
⁉	exclamação com interrogação
⁻	menos sobrescrito
₡	colón costarriquenho
₢	cruzeiro
₣	franco francês
₤	lira
₦	naira nigeriana
₧	peseta espanhola
₨	rupia
₪	novo shekel israelense
₫	dong vietnamita
₭	kip laosiano
₮	tugrik mongol
₰	centavo alemão
₱	peso
₲	guarani paraguaio
₳	austral
₴	hryvnia ucraniana
₵	cedi ganês
₶	livre tournois
₷	spesmilo
₸	tenge cazaque
₹	rupia indiana
₺	lira turca
₼	manat azeri
₽	rublo
₾	lari georgiano
₿	bitcoin
℗	símbolo de direitos autorais de fonograma
ℹ	informações
←	seta apontando para a esquerda
↑	seta apontando para cima
→	seta apontando para a direita
↓	seta apontando para baixo
↔	seta para esquerda e direita
↕	seta para cima e para baixo
↖	seta para cima e para a esquerda
↗	seta para cima e para a direita
↘	seta para baixo e para a direita
↙	seta para baixo e para a esquerda
↚	traçado de seta para a esquerda
↛	traçado de seta para a direita
↜	seta ondulada para a esquerda
↝	seta ondulada para a direita
↞	seta de duas pontas para a esquerda
↟	seta de duas pontas para cima
↠	seta de duas pontas para a direita
↡	seta de duas pontas para baixo
↢	flecha com cauda para a esquerda
↣	flecha com cauda para a direita
↤	flecha com barra para a esquerda
↥	flecha com barra para cima
↦	flecha com barra para a direita
↧	flecha com barra para baixo
↨	seta para cima e para baixo com base
↩	seta curva da direita para a esquerda
↪	seta curva da esquerda para a direita
↫	seta para a esquerda com laço
↬	seta para a direita com laço
↭	seta ondulada bidirecional
↮	traçado de seta para direita e esquerda
↯	seta em zigue-zague para baixo
↰	seta para cima com ponta para esquerda
↱	seta para cima com ponta para direita
↲	seta para baixo com ponta para esquerda
↳	seta para baixo com ponta para direita
↴	seta para direita com ponta para baixo
↵	seta para baixo com curva para esquerda
↶	seta de semicírculo superior no sentido anti-horário
↷	seta de semicírculo superior no sentido horário
↸	seta noroeste sob barra longa
↹	seta para a esquerda da barra sobre seta para a direita da barra
↺	seta de círculo aberto no sentido anti-horário
↻	seta de círculo aberto no sentido horário
↼	arpão para a esquerda com farpa para cima
↽	arpão para a esquerda com farpa para baixo
↾	arpão para cima com farpa para a direita
↿	arpão para cima com farpa para a esquerda
⇀	arpão para a direita com farpa para cima
⇁	arpão para a direita com farpa para baixo
⇂	arpão para baixo com farpa para a direita
⇃	arpão para baixo com farpa para a esquerda
⇄	seta para a direita sobre seta para a esquerda
⇅	setas apontando para cima e para baixo
⇆	setas apontando para a esquerda e para a direita
⇇	setas paralelas para a esquerda
⇈	setas paralelas para cima
⇉	setas paralelas para a direita
⇊	setas paralelas para baixo
⇋	arpão para a esquerda sobre arpão para a direita
⇌	arpão para a direita sobre arpão para a esquerda
⇍	seta dupla para a esquerda com traço
⇎	seta dupla bidirecional com traço
⇏	seta dupla para a direita com traço
⇐	seta dupla para a esquerda
⇑	seta dupla para cima
⇒	seta dupla para a direita
⇓	seta dupla para baixo
⇔	seta dupla bidirecional
⇖	seta dupla para noroeste
⇗	seta dupla para nordeste
⇘	seta dupla para sudeste
⇙	seta dupla para sudoeste
⇚	seta tripla para a esquerda
⇛	seta tripla para a direita
⇜	seta de rabisco para a esquerda
⇝	seta de rabisco para a direita
⇞	seta para cima com traço duplo
⇟	seta para baixo com traço duplo
⇠	seta tracejada para a esquerda
⇡	seta tracejada para cima
⇢	seta tracejada para a direita
⇣	seta tracejada para baixo
⇤	seta para a esquerda da barra
⇥	seta para a direita da barra
⇦	seta branca para a esquerda
⇧	seta branca para cima
⇨	seta branca para a direita
⇩	seta branca para baixo
⇪	seta branca para cima da barra
⇵	seta para baixo à esquerda da seta para cima
∀	para todos
∂	diferencial parcial
∃	existe
∅	conjunto vazio
∆	delta
∇	nabla
∈	elemento de
∉	não pertence
∋	contém como membro
∎	fim da prova
∏	produto n-ário
∑	somatório
−	sinal de menos
∓	menos ou mais
∕	barra de divisão
∗	operador de asterisco
∘	operador de anel
∙	operador de marca de lista
√	raiz quadrada
∝	proporcional a
∞	sinal de infinito
∟	ângulo direito
∠	ângulo
∣	divide
∥	paralelo
∧	e lógico
∩	interseção
∪	união
∫	integral
∬	integral duplo
∮	integral de contorno
∴	então
∵	porque
∶	razão
∷	proporção
∼	operador de til
∽	til invertido
∾	s preguiçoso invertido
≃	assintoticamente igual
≅	aproximadamente igual
≈	quase igual
≌	tudo igual
≒	aproximadamente igual à imagem
≖	anel em igual
≠	desigual
≡	igual a
≣	estritamente equivalente
≤	menor que ou igual a
≥	maior que ou igual
≦	menor que sobre igual
≧	maior que sobre igual
≪	muito menor que
≫	muito maior que
≬	entre
≮	não menor que
≯	não maior que
≳	maior que ou equivalente
≺	precede
≻	sucede
⊁	não sucede
⊂	subconjunto de
⊃	superconjunto
⊆	subconjunto de ou igual
⊇	superconjunto de ou igual
⊕	mais em círculo
⊖	menos em círculo
⊗	vezes em círculo
⊘	barra de divisão em círculo
⊙	operador de ponto em círculo
⊚	operador de anel em círculo
⊛	operador de asterisco em círculo
⊞	mais em quadrado
⊟	menos em quadrado
⊥	contradição arbitrária
⊮	não força
⊰	precede em relação
⊱	sucede em relação
⊶	original
⊹	matriz conjugada hermitiana
⊿	triângulo retângulo direito
⋁	ou lógico n-ário
⋂	interseção n-ária
⋃	união n-ária
⋅	operador de ponto
⋆	operador de estrela
⋈	junção natural
⋒	interseção dupla
⋘	muitíssimo menor que
⋙	muitíssimo maior que
⋭	não contém como subgrupo normal ou igual
⋮	reticências verticais
⋯	reticências horizontais a meio da linha
⋰	reticências diagonais direitas para cima
⋱	reticências diagonais direitas para baixo
⌚	relógio de pulso
⌛	ampulheta
⌨	teclado
⏏	botão ejetar
⏩	botão avançar
⏪	botão de retroceder
⏫	botão de avanço para cima
⏬	botão de avanço para baixo
⏭	botão de próxima faixa
⏮	botão de faixa anterior
⏯	botão de reproduzir ou pausar
⏰	despertador
⏱	cronômetro
⏲	relógio temporizador
⏳	ampulheta cheia em cima
⏸	botão pausar
⏹	botão parar
⏺	botão gravar
Ⓜ	círculo com a letra M
■	quadrado preenchido
□	quadrado vazio
▢	quadrado vazio com cantos arredondados
▣	quadrado vazio com quadrado preenchido
▤	quadrado com linhas horizontais
▥	quadrado com linhas verticais
▦	quadrado com linhas cruzadas ortogonais
▧	quadrado com linhas do canto superior esquerdo para o canto inferior direito
▨	quadrado com linhas do canto superior direito para o canto inferior esquerdo
▩	quadrado com linhas cruzadas diagonais
▪	quadrado preto pequeno
▫	quadrado branco pequeno
▬	retângulo preenchido
▭	retângulo vazio
▮	retângulo vertical preenchido
▰	paralelogramo preenchido
▲	triângulo preenchido apontando para cima
△	triângulo vazio apontando para cima
▴	triângulo pequeno preenchido apontando para cima
▵	triângulo pequeno vazio apontando para cima
▶	botão reproduzir
▷	triângulo vazio apontando para a direita
▸	triângulo pequeno preenchido apontando para a direita
▹	triângulo pequeno vazio apontando para a direita
►	ponteiro preenchido apontando para a direita
▻	ponteiro vazio apontando para a direita
▼	triângulo preenchido apontando para baixo
▽	triângulo vazio apontando para baixo
▾	triângulo pequeno preenchido apontando para baixo
▿	triângulo pequeno vazio apontando para baixo
◀	botão de voltar
◁	triângulo vazio apontando para a esquerda
◂	triângulo pequeno preenchido apontando para a esquerda
◃	triângulo pequeno vazio apontando para a esquerda
◄	ponteiro preenchido apontando para a esquerda
◅	ponteiro vazio apontando para a esquerda
◆	losango preenchido
◇	losango vazio
◈	losango vazio com losango preenchido
◉	círculo vazio com círculo preenchido
◊	losango
○	círculo vazio
◌	círculo pontilhado
◍	círculo com linhas verticais
◎	círculos concêntricos
●	círculo preenchido
◐	círculo com a metade esquerda preenchida
◑	círculo com a metade direita preenchida
◒	círculo com a metade inferior preenchida
◓	círculo com a metade superior preenchida
◔	círculo com quadrante superior direito preenchido
◕	círculo preenchido exceto o quadrante superior esquerdo
◖	metade esquerda do círculo preenchida
◗	metade direita do círculo preenchida
◘	marcador invertido
◙	quadrado preenchido com círculo vazio
◜	quarto de círculo superior esquerdo
◝	quarto de círculo superior direito
◞	quarto de círculo inferior direito
◟	quarto de círculo inferior esquerdo
◠	meio círculo superior
◡	meio círculo inferior
◢	triângulo inferior direito preenchido
◣	triângulo inferior esquerdo preenchido
◤	triângulo superior esquerdo preenchido
◥	triângulo superior direito preenchido
◦	marcador vazio
◯	círculo vazio grande
◳	quadrado vazio com quadrante superior direito
◷	círculo vazio com quadrante superior direito
◻	quadrado branco médio
◼	quadrado preto médio
◽	quadrado branco médio menor
◾	quadrado preto médio menor
◿	triângulo inferior direito
☀	sol
☁	nuvem
☂	sombrinha aberta
☃	boneco de neve na neve
☄	cometa
☎	telefone no gancho
☑	caixa de seleção marcada com tique
☔	sombrinha na chuva
☕	café
☘	trevo
☝	indicador apontando para cima
☠	caveira e ossos cruzados
☢	radioativo
☣	risco biológico
☦	cruz ortodoxa
☪	estrela e lua crescente
☮	símbolo da paz
☯	yin yang
☸	roda do Dharma
☹	rosto franzido
☺	rosto sorridente
♀	símbolo de feminino
♂	símbolo de masculino
♈	signo de Áries
♉	signo de Touro
♊	signo de Gêmeos
♋	signo de Câncer
♌	signo de Leão
♍	signo de Virgem
♎	signo de Libra
♏	signo de Escorpião
♐	signo de Sagitário
♑	signo de Capricórnio
♒	signo de Aquário
♓	signo de Peixes
♟	peão de xadrez
♠	naipe de espadas
♣	naipe de paus
♥	naipe de copas
♦	naipe de ouros
♨	chamas
♪	colcheia
♭	bemol
♯	sustenido
♻	símbolo de reciclagem
♾	infinito
♿	símbolo de cadeira de rodas
⚒	martelo e picareta
⚓	âncora
⚔	espadas cruzadas
⚕	símbolo da medicina
⚖	balança
⚗	alambique
⚙	engrenagem
⚛	símbolo de átomo
⚜	flor-de-lis
⚠	aviso
⚡	alta tensão
⚧	símbolo transgênero
⚪	círculo branco
⚫	círculo preto
⚰	caixão
⚱	urna funerária
⚽	bola de futebol
⚾	bola de beisebol
⛄	boneco de neve
⛅	sol por trás das nuvens
⛈	chuva com trovão
⛎	signo de Ofiúco
⛏	picareta
⛑	capacete com cruz branca
⛓	correntes
⛔	entrada proibida
⛩	santuário japonês
⛪	igreja
⛰	montanha
⛱	guarda-sol
⛲	fonte
⛳	bandeira no buraco
⛴	balsa
⛵	barco a vela
⛷	esquiador
⛸	patins de gelo
⛹	jogador de basquete
⛺	barraca
⛽	posto de gasolina
✂	tesoura
✅	marca de seleção branca
✈	avião
✉	envelope
✊	punho levantado
✋	mão levantada
✌	mão em V de vitória
✍	escrevendo à mão
✏	lápis
✒	ponta de caneta tinteiro
✔	marca de seleção
✖	x de multiplicação
✝	cruz latina
✡	estrela de Davi
✨	brilhos
✳	asterisco de oito pontas
✴	estrela de oito pontas
❄	floco de neve
❇	faísca
❌	xis
❎	botão de xis
❓	ponto de interrogação
❔	ponto de interrogação branco
❕	ponto de exclamação branco
❗	ponto de exclamação
❣	exclamação de coração
❤	coração vermelho
➕	símbolo de adição
➖	símbolo de subtração
➗	símbolo de divisão
➡	seta para a direita
➰	laço encaracolado
➿	loop encaracolado duas vezes
⤴	seta para a direita curvada para cima
⤵	seta para a direita curvada para baixo
⨧	mais com dois subscrito
⨯	produto vetorial
⨼	produto interior
⩣	ou lógico com duas barras subscritas
⩽	menor que ou igual inclinado
⪍	menor que acima de similar ou igual
⪚	igual de duas linhas ou maior que
⪺	sucede acima de não quase igual
⬅	seta para a esquerda
⬆	seta para cima
⬇	seta para baixo
⬛	quadrado preto grande
⬜	quadrado branco grande
⭐	estrela branca média
⭕	círculo grande pesado
〰	travessão ondulado
〽	sinal japonês indicando início de música
㊗	ideográfico circular parabéns”
㊙	ideográfico circular segredo”
﷼	rial
🅰	botão A (tipo sanguíneo)
🅱	botão B (tipo sanguíneo)
🅾	botão O (tipo sanguíneo)
🅿	botão P
🆎	botão AB (tipo sanguíneo)
🆑	botão CL
🆒	botão COOL
🆓	botão FREE
🆔	botão ID
🆕	botão NEW
🆖	botão NG
🆗	botão OK
🆘	botão SOS
🆙	botão UP!
🆚	botão VS
🇨🇶	bandeira de Sark
🈁	botão japonês de aqui”
🈂	letra sa” em katakana
🈚	ideograma quadrado não possuir
🈯	ideograma quadrado dedo”
🈲	ideograma quadrado proibido
🈳	ideograma quadrado vaga
🈴	ideograma quadrado acordo
🈵	ideograma quadrado completo
🈶	ideograma quadrado possuir
🈷	ideográfico quadrado lua”
🈸	ideograma quadrado aplicar”
🈹	ideograma quadrado desconto
🈺	ideograma quadrado trabalho
🉐	ideograma circular vantagem”
🉑	ideograma circular aceitar”
🀄	Peça de Mahjong
🃏	Carta curinga
🌀	ciclone
🌁	enevoado
🌂	guarda-chuva
🌃	noite estrelada
🌄	aurora sobre montanhas
🌅	aurora sobre água
🌆	cidade ao anoitecer
🌇	pôr do sol
🌈	arco-íris
🌉	ponte da noite
🌊	onda
🌋	vulcão
🌌	céu estrelado
🌍	globo mostrando Europa e África
🌎	globo mostrando as Américas
🌏	globo mostrando Ásia e Oceania
🌐	globo com meridianos
🌑	lua nova
🌒	lua crescente côncava
🌓	quarto crescente
🌔	lua crescente convexa
🌕	lua cheia
🌖	lua minguante convexa
🌗	quarto minguante
🌘	lua minguante côncava
🌙	lua
🌚	rosto da lua nova
🌛	rosto da lua de quarto crescente
🌜	rosto da lua de quarto minguante
🌝	rosto da lua cheia
🌞	rosto do sol
🌟	estrela brilhante
🌠	estrela cadente
🌡	termômetro
🌤	sol com nuvens
🌥	nublado
🌦	sol com chuva
🌧	nuvem com chuva
🌨	nuvem com neve
🌩	nuvem com trovão
🌪	tornado
🌫	neblina
🌬	rosto de vento
🌭	cachorro-quente
🌮	taco
🌯	burrito
🌰	castanha
🌱	planta jovem
🌲	árvore de pinheiro
🌳	árvore caidiça
🌴	árvore de palmeira
🌵	cacto
🌶	pimenta
🌷	tulipa
🌸	flor de cerejeira
🌹	rosa
🌺	hibisco
🌻	girassol
🌼	florescer
🌽	milho
🌾	planta do arroz
🌿	erva
🍀	trevo de quatro folhas
🍁	folha de bordo
🍂	folhas caídas
🍃	folha ao vento
🍄	cogumelo
🍅	tomate
🍆	berinjela
🍇	uvas
🍈	melão
🍉	melancia
🍊	tangerina
🍋	limão
🍌	banana
🍍	abacaxi
🍎	maçã vermelha
🍏	maçã verde
🍐	pera
🍑	pêssego
🍒	cereja
🍓	morango
🍔	hambúrguer
🍕	fatia de pizza
🍖	carne
🍗	coxa de frango
🍘	biscoito de arroz
🍙	bolinho de arroz
🍚	arroz cozido
🍛	curry e arroz
🍜	lámen
🍝	espaguete
🍞	pão
🍟	batata frita
🍠	batata assada
🍡	mochi
🍢	oden
🍣	sushi
🍤	camarão frito
🍥	bolinho de peixe
🍦	sorvete italiano
🍧	raspadinha de gelo
🍨	sorvete
🍩	donut
🍪	bolacha
🍫	chocolate
🍬	doce
🍭	pirulito
🍮	pudim de ovos
🍯	pote de mel
🍰	bolo recheado
🍱	bentô
🍲	ensopado
🍳	frigideira
🍴	garfo e faca
🍵	xícara
🍶	saquê
🍷	vinho
🍸	coquetel
🍹	bebida tropical
🍺	cerveja
🍻	canecas de cerveja
🍼	mamadeira
🍽	prato com talheres
🍾	espumante estourando
🍿	pipoca
🎀	fita
🎁	presente
🎂	bolo de aniversário
🎃	abóbora de halloween
🎄	árvore de natal
🎅	noel
🎆	fogos de artifício
🎇	vela estrela
🎈	balão
🎉	cone de festa
🎊	confete
🎋	árvore e tiras de papel
🎌	bandeiras cruzadas
🎍	decoração de pinhas
🎎	bonecas
🎏	bandeira de carpas
🎐	carrilhão de vento
🎑	contemplação da lua
🎒	mochila escolar
🎓	chapéu de formatura
🎖	medalha militar
🎗	fita de lembrete
🎙	microfone de estúdio
🎚	controle de volume
🎛	botões giratórios
🎞	rolo de filmes
🎟	ingresso de cinema
🎠	carrossel
🎡	roda gigante
🎢	montanha russa
🎣	pesca
🎤	microfone
🎥	câmera de cinema
🎦	cinema
🎧	fones de ouvido
🎨	paleta de tintas
🎩	cartola
🎪	circo
🎫	ingresso
🎬	claquete
🎭	máscara
🎮	video game
🎯	na mosca
🎰	caça-níquel
🎱	bilhar
🎲	jogo de dado
🎳	boliche
🎴	carta de baralho
🎵	nota musical
🎶	notas musicais
🎷	saxofone
🎸	guitarra
🎹	teclado musical
🎺	trompete
🎻	violino
🎼	partitura musical
🎽	camiseta de corrida
🎾	tênis
🎿	esqui
🏀	bola de basquete
🏁	bandeira quadriculada
🏂	praticante de snowboard
🏃	maratonista
🏄	surf
🏅	medalha esportiva
🏆	troféu
🏇	corrida de cavalos
🏈	bola de futebol americano
🏉	bola de rugby
🏊	nadador
🏋	levantador de peso
🏌	jogador de golfe
🏍	motocicleta
🏎	carro de corrida
🏏	críquete
🏐	bola de vôlei
🏑	hóquei de campo
🏒	hóquei no gelo
🏓	pingue-pongue
🏔	montanha com neve
🏕	acampamento
🏖	praia e guarda-sol
🏗	construção
🏘	casas
🏙	cidade
🏚	casa abandonada
🏛	prédio grego
🏜	deserto
🏝	ilha deserta
🏞	parque com rio
🏟	estádio
🏠	casa
🏡	lar
🏢	edifício comercial
🏣	correio japonês
🏤	correio
🏥	hospital
🏦	banco
🏧	símbolo de caixa automático
🏨	hotel
🏩	motel
🏪	loja de conveniência
🏫	escola
🏬	loja de departamentos
🏭	fábrica
🏮	lanterna vermelha de papel
🏯	castelo japonês
🏰	castelo europeu
🏳	bandeira branca
🏴	bandeira preta
🏵	flor amarela
🏷	etiqueta
🏸	badminton
🏹	arco e flecha
🏺	vaso chinês
🏻	pele clara
🏼	pele morena clara
🏽	pele morena
🏾	pele morena escura
🏿	pele escura
🐀	rato
🐁	camundongo
🐂	boi
🐃	búfalo-asiático
🐄	vaca
🐅	tigre
🐆	leopardo
🐇	coelho
🐈	gato
🐉	dragão
🐊	crocodilo
🐋	baleia
🐌	caracol
🐍	cobra
🐎	cavalo
🐏	carneiro
🐐	cabra
🐑	ovelha
🐒	macaco
🐓	galo
🐔	galinha
🐕	cachorro
🐖	porco
🐗	javali
🐘	elefante
🐙	polvo
🐚	concha
🐛	inseto
🐜	formiga
🐝	abelha de mel
🐞	joaninha
🐟	peixe
🐠	peixe tropical
🐡	baiacu
🐢	tartaruga
🐣	pintinho chocando
🐤	rosto de pintinho
🐥	pintinho
🐦	pássaro
🐧	pinguim
🐨	coala
🐩	poodle
🐪	camelo de uma só corcova
🐫	camelo com duas corcovas
🐬	golfinho
🐭	rosto de camundongo
🐮	rosto de vaca
🐯	rosto de tigre
🐰	rosto de coelho
🐱	rosto de gato
🐲	rosto de dragão
🐳	baleia esguichando água
🐴	rosto de cavalo
🐵	rosto de macaco
🐶	rosto de cachorro
🐷	rosto de porco
🐸	rosto de sapo
🐹	rosto de hamster
🐺	rosto de lobo
🐻	rosto de urso
🐼	rosto de panda
🐽	nariz de porco
🐾	pata
🐿	esquilo
👀	olhos
👁	olho
👂	orelha
👃	nariz
👄	boca
👅	língua
👆	dorso da mão com dedo indicador apontando para cima
👇	dorso da mão com dedo indicador apontando para baixo
👈	dorso da mão com dedo indicador apontando para a esquerda
👉	dorso da mão com dedo indicador apontando para a direita
👊	soco
👋	mão acenando
👌	sinal de ok
👍	polegar para cima
👎	polegar para baixo
👏	mãos aplaudindo
👐	mãos abertas
👑	coroa
👒	chapéu feminino
👓	óculos
👔	gravata
👕	camiseta
👖	calça
👗	vestido
👘	quimono
👙	biquíni
👚	roupas femininas
👛	bolsinha
👜	bolsa de mão
👝	bolsa pequena
👞	sapato masculino
👟	tênis de corrida
👠	sapato de salto alto
👡	sandália feminina
👢	bota feminina
👣	pegadas
👤	silhueta de busto
👥	silhueta de bustos
👦	menino
👧	menina
👨	homem
👩	mulher
👪	família
👫	homem e mulher de mãos dadas
👬	dois homens de mãos dadas
👭	duas mulheres de mão dadas
👮	policial
👯	coelhinhas
👰	noiva
👱	pessoa loira
👲	homem de boné
👳	pessoa vestindo turbante
👴	homem idoso
👵	idosa
👶	bebê
👷	trabalhador de construção civil
👸	princesa
👹	ogro
👺	duende japonês
👻	fantasma
👼	bebê anjo
👽	alienígena
👾	monstro alienígena
👿	rosto zangado com chifres
💀	caveira
💁	recepção
💂	guarda
💃	bailarina
💄	batom
💅	esmalte de unha
💆	massagem facial
💇	corte de cabelo
💈	barbearia
💉	seringa
💊	comprimido
💋	marca de beijo
💌	carta de amor
💍	anel
💎	pedra preciosa
💏	beijo
💐	buquê
💑	casal apaixonado
💒	capela de casamento
💓	coração pulsante
💔	coração partido
💕	dois corações
💖	coração brilhante
💗	coração crescendo
💘	coração com flecha
💙	coração azul
💚	coração verde
💛	coração amarelo
💜	coração roxo
💝	coração com fita
💞	corações girando
💟	coração decorativo
💠	diamante com um ponto
💡	lâmpada
💢	símbolo de raiva
💣	bomba
💤	zzz
💥	colisão
💦	pingos de suor
💧	gota de suor
💨	rapidez
💩	cocô
💪	bíceps
💫	zonzo
💬	balão de diálogo
💭	balão de pensamento
💮	carimbo de flor
💯	cem pontos
💰	saco de dinheiro
💱	câmbio de moeda
💲	cifrão
💳	cartão de crédito
💴	nota de iene
💵	nota de dólar
💶	nota de euro
💷	nota de libra
💸	dinheiro voando
💹	gráfico subindo com iene
💺	assento
💻	laptop
💼	maleta
💽	minidisc
💾	disquete
💿	cd
📀	DVD
📁	pasta de arquivos
📂	pasta de arquivos aberta
📃	página dobrada
📄	página voltada para cima
📅	calendário
📆	calendário com folhas destacáveis
📇	índice de cartões
📈	gráfico subindo
📉	gráfico caindo
📊	gráfico de barras
📋	prancheta
📌	tacha
📍	tacha redonda
📎	clipe de papel
📏	régua reta
📐	régua triangular
📑	marcadores de página
📒	livro contábil
📓	caderno
📔	caderno decorado
📕	livro fechado
📖	livro aberto
📗	livro verde
📘	livro azul
📙	livro laranja
📚	livros
📛	crachá
📜	pergaminho
📝	memorando
📞	telefone
📟	pager
📠	fax
📡	antena parabólica
📢	buzina
📣	megafone
📤	bandeja de saída
📥	bandeja de entrada
📦	pacote
📧	e-mail
📨	envelope chegando
📩	envelope com seta
📪	caixa de correio fechada com bandeira abaixada
📫	caixa de correio fechada com bandeira levantada
📬	caixa de correio aberta com bandeira levantada
📭	caixa de correio aberta com bandeira abaixada
📮	caixa de correio
📯	corneta postal
📰	jornal
📱	telefone celular
📲	telefone celular com seta
📳	modo vibratório
📴	telefone celular desligado
📵	proibido o uso de telefone celular
📶	barras de sinal
📷	câmera
📸	câmera com flash
📹	câmera de vídeo
📺	televisão
📻	rádio
📼	videocassete
📽	projetor de filmes
📿	rosário de oração
🔀	botão de músicas aleatórias
🔁	botão de repetir
🔂	botão de repetir uma única faixa
🔃	setas verticais no sentido horário
🔄	botão de setas em sentido anti-horário
🔅	botão de diminuir brilho
🔆	botão de aumentar brilho
🔇	alto-falante silenciado
🔈	alto-falante com volume baixo
🔉	alto-falante com volume médio
🔊	alto-falante com volume alto
🔋	pilha
🔌	tomada elétrica
🔍	lupa para a esquerda
🔎	lupa para a direita
🔏	cadeado com caneta
🔐	cadeado fechado com chave
🔑	chave
🔒	cadeado
🔓	cadeado aberto
🔔	sino
🔕	sino silenciado
🔖	marcador de página
🔗	link
🔘	botão de opção
🔙	seta BACK
🔚	seta END
🔛	seta ON!
🔜	seta SOON
🔝	seta TOP
🔞	proibido para menores de dezoito anos
🔟	tecla do número dez
🔠	letras latinas maiúsculas
🔡	letras latinas minúsculas
🔢	números
🔣	símbolos
🔤	letras latinas
🔥	fogo
🔦	lanterna
🔧	chave inglesa
🔨	martelo
🔩	porca e parafuso
🔪	faca de cozinha
🔫	pistola
🔬	microscópio
🔭	telescópio
🔮	bola de cristal
🔯	estrela de seis pontas
🔰	símbolo japonês de principiante
🔱	emblema de tridente
🔲	botão quadrado preto
🔳	botão quadrado branco
🔴	círculo vermelho
🔵	círculo azul
🔶	losango laranja grande
🔷	losango azul grande
🔸	losango laranja pequeno
🔹	losango azul pequeno
🔺	triângulo vermelho para cima
🔻	triângulo vermelho para baixo
🔼	botão apontando para cima
🔽	botão apontando para baixo
🕉	om
🕊	pomba branca
🕋	caaba islã
🕌	mesquita
🕍	sinagoga
🕎	menorá
🕐	uma hora
🕑	duas horas
🕒	três horas
🕓	quatro horas
🕔	cinco horas
🕕	seis horas
🕖	sete horas
🕗	oito horas
🕘	nove horas
🕙	dez horas
🕚	onze horas
🕛	doze horas
🕜	uma e meia
🕝	duas e meia
🕞	três e meia
🕟	quatro e meia
🕠	cinco e meia
🕡	seis e meia
🕢	sete e meia
🕣	oito e meia
🕤	nove e meia
🕥	dez e meia
🕦	onze e meia
🕧	doze e meia
🕯	vela
🕰	relógio de mesa
🕳	buraco
🕴	homem de terno
🕵	detetive
🕶	óculos escuros
🕷	aranha
🕸	teia de aranha
🕹	joystick
🕺	homem dançando
🖇	clipes de papel conectados
🖊	caneta
🖋	caneta tinteiro
🖌	pincel
🖍	giz de cera
🖐	mão aberta indicando cinco
🖕	dedo do meio
🖖	saudação vulcana
🖤	coração preto
🖥	computador de mesa
🖨	impressora
🖱	mouse
🖲	trackball
🖼	quadro emoldurado
🗂	divisores de pastas
🗃	caixa de arquivos
🗄	gavetas de escritório
🗑	lixeira
🗒	bloco espiral
🗓	calendário espiral
🗜	braçadeira
🗝	chave antiga
🗞	jornal enrolado
🗡	adaga
🗣	silhueta falando
🗨	balão de diálogo à esquerda
🗯	balão de raiva à direita
🗳	urna eleitoral com cédula
🗺	mapa-múndi
🗻	Monte Fuji
🗼	Torre de Tóquio
🗽	Estátua da Liberdade
🗾	mapa do Japão
🗿	moai
😀	rosto risonho
😁	sorriso mostrando os dentes
😂	rosto chorando de rir
😃	rosto risonho com olhos bem abertos
😄	rosto risonho com olhos sorridentes
😅	rosto risonho com gota de suor
😆	rosto risonho com olhos semicerrados
😇	rosto sorridente com auréola
😈	rosto sorridente com chifres
😉	rosto com olho piscando
😊	rosto sorridente com olhos sorridentes
😋	rosto saboreando comida
😌	rosto aliviado
😍	rosto sorridente com olhos em forma de coração
😎	rosto sorridente com óculos de sol
😏	rosto com sorriso convencido
😐	rosto neutro
😑	rosto inexpressivo
😒	rosto aborrecido
😓	rosto cabisbaixo com gota de suor
😔	rosto deprimido
😕	rosto confuso
😖	rosto perplexo
😗	rosto beijando
😘	rosto mandando um beijo
😙	rosto beijando com olhos sorridentes
😚	rosto beijando com olhos fechados
😛	rosto mostrando a língua
😜	rosto piscando e com língua para fora
😝	rosto com olhos semicerrados e língua para fora
😞	rosto desapontado
😟	rosto preocupado
😠	rosto zangado
😡	rosto furioso
😢	rosto chorando
😣	rosto perseverante
😤	rosto soltando vapor pelo nariz
😥	rosto triste, mas aliviado
😦	rosto franzido com boca aberta
😧	rosto angustiado
😨	rosto amedrontado
😩	rosto desolado
😪	rosto sonolento
😫	rosto cansado
😬	rosto expressando desagrado
😭	rosto chorando aos berros
😮	rosto com boca aberta
😯	rosto surpreso
😰	rosto ansioso com gota de suor
😱	rosto gritando de medo
😲	rosto espantado
😳	rosto ruborizado
😴	rosto dormindo
😵	rosto atordoado
😶	rosto sem boca
😷	rosto com máscara médica
😸	rosto de gato sorrindo com olhos sorridentes
😹	rosto de gato com lágrimas de alegria
😺	rosto de gato sorrindo
😻	rosto de gato sorridente com olhos em forma de coração
😼	rosto de gato irônico
😽	rosto de gato mandando um beijo
😾	rosto de gato mal-humorado
😿	rosto de gato chorando
🙀	rosto de gato aborrecido
🙁	rosto levemente franzido
🙂	rosto levemente sorridente
🙃	rosto de cabeça para baixo
🙄	rosto com olhos revirados
🙅	gesto para não é bom”
🙆	gesto para OK”
🙇	perdão
🙈	macaco que não vê nada
🙉	macaco que não ouve nada
🙊	macaco que não fala nada
🙋	levantando a mão
🙌	mãos para cima
🙍	franzindo a sobrancelha
🙎	fazendo bico
🙏	mãos juntas
🚀	foguete
🚁	helicóptero
🚂	locomotiva
🚃	vagão de trem
🚄	trem de alta velocidade
🚅	trem de alta velocidade japonês
🚆	trem
🚇	metrô
🚈	trem urbano
🚉	estação
🚊	bonde elétrico
🚋	bonde
🚌	ônibus
🚍	ônibus se aproximando
🚎	ônibus movido a eletricidade
🚏	ponto de ônibus
🚐	van
🚑	ambulância
🚒	carro do corpo de bombeiros
🚓	viatura policial
🚔	viatura policial se aproximando
🚕	táxi
🚖	táxi se aproximando
🚗	carro
🚘	carro se aproximando
🚙	trailer
🚚	caminhão de entrega
🚛	caminhão
🚜	trator
🚝	monotrilho
🚞	estrada de ferro na montanha
🚟	estrada de ferro suspensa
🚠	cabo suspenso usado em teleféricos nas montanhas
🚡	teleférico
🚢	navio
🚣	barco a remo
🚤	lancha
🚥	semáforo horizontal
🚦	semáforo vertical
🚧	em construção
🚨	luz giratória
🚩	bandeira triangular
🚪	porta
🚫	proibido
🚬	cigarro
🚭	proibido fumar
🚮	símbolo de lixeira
🚯	proibido jogar lixo no chão
🚰	água potável
🚱	água não potável
🚲	bicicleta
🚳	proibido andar de bicicleta
🚴	ciclista
🚵	ciclista das montanhas
🚶	pedestre
🚷	proibida a passagem de pedestres
🚸	crianças atravessando
🚹	banheiro masculino
🚺	banheiro feminino
🚻	banheiro
🚼	símbolo de bebê
🚽	vaso sanitário
🚾	banheiro
🚿	chuveiro
🛀	banho
🛁	banheira
🛂	controle de passaportes
🛃	alfândega
🛄	restituição de bagagem
🛅	depósito de bagagem
🛋	sofá e luminária
🛌	pessoa deitada na cama
🛍	sacolas de compras
🛎	sineta
🛏	cama
🛐	local de culto
🛑	sinal de pare
🛒	carrinho de compras
🛕	templo hindu
🛖	cabana
🛗	elevador
🛜	sem fio
🛝	escorregador
🛞	roda
🛟	boia
🛠	martelo e chave-inglesa
🛡	escudo
🛢	lata de óleo
🛣	estrada
🛤	trilhos
🛥	barco
🛩	avião pequeno
🛫	avião decolando
🛬	avião aterrissando
🛰	satélite
🛳	cruzeiro
🛴	patinete
🛵	scooter
🛶	canoa
🛷	trenó
🛸	disco voador
🛹	skate
🛺	automóvel riquixá
🛻	caminhonete
🛼	patins de rodas
🟠	círculo laranja
🟡	círculo amarelo
🟢	círculo verde
🟣	círculo roxo
🟤	círculo marrom
🟥	quadrado vermelho
🟦	quadrado azul
🟧	quadrado laranja
🟨	quadrado amarelo
🟩	quadrado verde
🟪	quadrado roxo
🟫	quadrado marrom
🟰	sinal de igual
🤌	dedos comprimidos
🤍	coração branco
🤎	coração marrom
🤏	mão beliscando
🤐	rosto com boca de zíper
🤑	rosto com cifrões
🤒	rosto com termômetro
🤓	rosto de nerd
🤔	rosto pensativo
🤕	rosto com atadura na cabeça
🤖	rosto de robô
🤗	rosto abraçando
🤘	saudação do rock
🤙	sinal me liga
🤚	dorso da mão levantado
🤛	punho esquerdo
🤜	punho direito
🤝	aperto de mãos
🤞	dedos cruzados
🤟	te amo em libras
🤠	rosto com chapéu de caubói
🤡	rosto de palhaço
🤢	rosto nauseado
🤣	rosto rolando no chão de rir
🤤	rosto babando
🤥	rosto de mentiroso
🤦	pessoa decepcionada
🤧	rosto espirrando
🤨	rosto com sobrancelha levantada
🤩	rosto com olhar maravilhado
🤪	rosto louco
🤫	rosto fazendo sinal de silêncio
🤬	rosto com símbolos na boca
🤭	rosto com a mão sobre a boca
🤮	rosto vomitando
🤯	cabeça explodindo
🤰	mulher grávida
🤱	amamentando
🤲	palmas unidas para cima
🤳	selfie
🤴	príncipe
🤵	homem de smoking
🤶	mamãe noel
🤷	dar de ombros
🤸	estrela
🤹	malabarismo
🤺	esgrimista
🤼	lutadores
🤽	polo aquático
🤾	handebol
🤿	máscara de mergulho
🥀	flor murcha
🥁	tambor
🥂	taças brindando
🥃	copo
🥄	colher
🥅	gol
🥇	medalha de ouro
🥈	medalha de prata
🥉	medalha de bronze
🥊	luva de boxe
🥋	quimono de artes marciais
🥌	pedra de curling
🥍	lacrosse
🥎	softbol
🥏	frisbee
🥐	croissant
🥑	abacate
🥒	pepino
🥓	bacon
🥔	batata
🥕	cenoura
🥖	baguete
🥗	salada verde
🥘	caçarola com comida
🥙	pão recheado
🥚	ovo
🥛	copo de leite
🥜	amendoim
🥝	kiwi
🥞	panquecas
🥟	bolinho
🥠	biscoito da sorte
🥡	caixa para viagem
🥢	hashi
🥣	tigela com colher
🥤	copo com canudo
🥥	coco
🥦	brócolis
🥧	torta
🥨	pretzel
🥩	corte de carne
🥪	sanduíche
🥫	comida enlatada
🥬	verdura
🥭	manga
🥮	bolo lunar
🥯	rosca
🥰	rosto sorridente com três corações
🥱	rosto bocejando
🥲	rosto sorridente com lágrima
🥳	rosto festivo
🥴	rosto embriagado
🥵	rosto fervendo de calor
🥶	rosto gelado
🥷	ninja
🥸	rosto disfarçado
🥹	rosto segurando as lágrimas
🥺	rosto implorando
🥻	sari
🥼	jaleco
🥽	óculos de proteção
🥾	bota de trekking
🥿	sapatilha
🦀	caranguejo
🦁	leão
🦂	escorpião
🦃	peru
🦄	unicórnio
🦅	águia
🦆	pato
🦇	morcego
🦈	tubarão
🦉	coruja
🦊	raposa
🦋	borboleta
🦌	cervo
🦍	gorila
🦎	lagartixa
🦏	rinoceronte
🦐	camarão
🦑	lula
🦒	girafa
🦓	zebra
🦔	porco-espinho
🦕	saurópode
🦖	tiranossauro rex
🦗	grilo
🦘	canguru
🦙	lhama
🦚	pavão
🦛	hipopótamo
🦜	papagaio
🦝	guaxinim
🦞	lagosta
🦟	mosquito
🦠	micróbio
🦡	texugo
🦢	cisne
🦣	mamute
🦤	dodô
🦥	preguiça
🦦	lontra
🦧	orangotango
🦨	gambá
🦩	flamingo
🦪	ostra
🦫	castor
🦬	bisão
🦭	foca
🦮	cão-guia
🦯	bengala para cegos
🦰	cabelo vermelho
🦱	cabelo cacheado
🦲	careca
🦳	cabelo branco
🦴	osso
🦵	perna
🦶	pé
🦷	dente
🦸	super-herói
🦹	supervilão
🦺	colete salva-vidas
🦻	ouvido com aparelho auditivo
🦼	cadeira de rodas motorizada
🦽	cadeira de rodas manual
🦾	braço mecânico
🦿	perna mecânica
🧀	queijo
🧁	cupcake
🧂	sal
🧃	suco de caixa
🧄	alho
🧅	cebola
🧆	falafel
🧇	waffle
🧈	manteiga
🧉	mate
🧊	cubo de gelo
🧋	chá perolado
🧌	troll
🧍	pessoa em pé
🧎	pessoa ajoelhando
🧏	pessoa surda
🧐	rosto com monóculo
🧑	adulto
🧒	criança
🧓	idoso
🧔	barbudo
🧕	mulher com véu
🧖	pessoa na sauna
🧗	pessoa escalando
🧘	pessoa na posição de lótus
🧙	mago
🧚	fada
🧛	vampiro
🧜	pessoa sereia
🧝	elfo
🧞	gênio
🧟	zumbi
🧠	cérebro
🧡	coração laranja
🧢	boné
🧣	cachecol
🧤	luvas
🧥	casaco
🧦	meias
🧧	envelope vermelho
🧨	bombinha
🧩	quebra-cabeça
🧪	tubo de ensaio
🧫	placa de Petri
🧬	dna
🧭	bússola
🧮	ábaco
🧯	extintor de incêndio
🧰	caixa de ferramentas
🧱	tijolo
🧲	ímã
🧳	mala
🧴	frasco de loção
🧵	carretel
🧶	novelo
🧷	alfinete de segurança
🧸	ursinho de pelúcia
🧹	vassoura
🧺	cesta
🧻	rolo de papel
🧼	sabonete
🧽	esponja
🧾	recibo
🧿	olho turco
🇦🇨	bandeira da Ilha de Ascensão
🇦🇩	bandeira de Andorra
🇦🇪	bandeira de Emirados Árabes Unidos
🇦🇫	bandeira de Afeganistão
🇦🇬	bandeira de Antígua e Barbuda
🇦🇮	bandeira de Anguilla
🇦🇱	bandeira de Albânia
🇦🇲	bandeira de Armênia
🇦🇴	bandeira de Angola
🇦🇶	bandeira de Antártida
🇦🇷	bandeira da Argentina
🇦🇸	bandeira de Samoa Americana
🇦🇹	bandeira de Áustria
🇦🇺	bandeira da Austrália
🇦🇼	bandeira de Aruba
🇦🇽	bandeira das Ilhas Aland
🇦🇿	bandeira de Azerbaijão
🇧🇦	bandeira de Bósnia e Herzegovina
🇧🇧	bandeira de Barbados
🇧🇩	bandeira de Bangladesh
🇧🇪	bandeira de Bélgica
🇧🇫	bandeira de Burquina Faso
🇧🇬	bandeira de Bulgária
🇧🇭	bandeira de Bahrein
🇧🇮	bandeira de Burundi
🇧🇯	bandeira de Benin
🇧🇱	bandeira de São Bartolomeu
🇧🇲	bandeira de Bermudas
🇧🇳	bandeira de Brunei
🇧🇴	bandeira de Bolívia
🇧🇶	bandeira de Países Baixos Caribenhos
🇧🇷	bandeira do Brasil
🇧🇸	bandeira de Bahamas
🇧🇹	bandeira de Butão
🇧🇻	bandeira da Ilha Bouvet
🇧🇼	bandeira de Botsuana
🇧🇾	bandeira de Bielorrússia
🇧🇿	bandeira de Belize
🇨🇦	bandeira de Canadá
🇨🇨	bandeira das Ilhas Cocos (Keeling)
🇨🇩	bandeira de Congo - Kinshasa
🇨🇫	bandeira da República Centro-Africana
🇨🇬	bandeira de Congo - Brazzaville
🇨🇭	bandeira da Suíça
🇨🇮	bandeira de Costa do Marfim
🇨🇰	bandeira das Ilhas Cook
🇨🇱	bandeira de Chile
🇨🇲	bandeira de Camarões
🇨🇳	bandeira da China
🇨🇴	bandeira de Colômbia
🇨🇵	bandeira da Ilha de Clipperton
🇨🇷	bandeira de Costa Rica
🇨🇺	bandeira de Cuba
🇨🇻	bandeira de Cabo Verde
🇨🇼	bandeira de Curaçao
🇨🇽	bandeira da Ilha Christmas
🇨🇾	bandeira de Chipre
🇨🇿	bandeira de Tchéquia
🇩🇪	bandeira da Alemanha
🇩🇬	bandeira de Diego Garcia
🇩🇯	bandeira de Djibuti
🇩🇰	bandeira de Dinamarca
🇩🇲	bandeira de Dominica
🇩🇴	bandeira da República Dominicana
🇩🇿	bandeira de Argélia
🇪🇦	bandeira de Ceuta e Melilha
🇪🇨	bandeira de Equador
🇪🇪	bandeira de Estônia
🇪🇬	bandeira de Egito
🇪🇭	bandeira de Saara Ocidental
🇪🇷	bandeira de Eritreia
🇪🇸	bandeira da Espanha
🇪🇹	bandeira de Etiópia
🇪🇺	bandeira da União Europeia
🇫🇮	bandeira de Finlândia
🇫🇯	bandeira de Fiji
🇫🇰	bandeira das Ilhas Malvinas
🇫🇲	bandeira de Micronésia
🇫🇴	bandeira das Ilhas Faroe
🇫🇷	bandeira da França
🇬🇦	bandeira de Gabão
🇬🇧	bandeira do Reino Unido
🇬🇩	bandeira de Granada
🇬🇪	bandeira de Geórgia
🇬🇫	bandeira de Guiana Francesa
🇬🇬	bandeira de Guernsey
🇬🇭	bandeira de Gana
🇬🇮	bandeira de Gibraltar
🇬🇱	bandeira de Groenlândia
🇬🇲	bandeira de Gâmbia
🇬🇳	bandeira de Guiné
🇬🇵	bandeira de Guadalupe
🇬🇶	bandeira de Guiné Equatorial
🇬🇷	bandeira de Grécia
🇬🇸	bandeira das Ilhas Geórgia do Sul e Sandwich do Sul
🇬🇹	bandeira de Guatemala
🇬🇺	bandeira de Guam
🇬🇼	bandeira de Guiné-Bissau
🇬🇾	bandeira de Guiana
🇭🇰	bandeira de Hong Kong, RAE da China
🇭🇲	bandeira das Ilhas Heard e McDonald
🇭🇳	bandeira de Honduras
🇭🇷	bandeira de Croácia
🇭🇹	bandeira de Haiti
🇭🇺	bandeira de Hungria
🇮🇨	bandeira das Ilhas Canárias
🇮🇩	bandeira de Indonésia
🇮🇪	bandeira de Irlanda
🇮🇱	bandeira de Israel
🇮🇲	bandeira da Ilha de Man
🇮🇳	bandeira da Índia
🇮🇴	bandeira de Território Britânico do Oceano Índico
🇮🇶	bandeira de Iraque
🇮🇷	bandeira de Irã
🇮🇸	bandeira de Islândia
🇮🇹	bandeira da Itália
🇯🇪	bandeira de Jersey
🇯🇲	bandeira da Jamaica
🇯🇴	bandeira de Jordânia
🇯🇵	bandeira de Japão
🇰🇪	bandeira de Quênia
🇰🇬	bandeira de Quirguistão
🇰🇭	bandeira de Camboja
🇰🇮	bandeira de Quiribati
🇰🇲	bandeira de Comores
🇰🇳	bandeira de São Cristóvão e Névis
🇰🇵	bandeira da Coreia do Norte
🇰🇷	bandeira da Coreia do Sul
🇰🇼	bandeira de Kuwait
🇰🇾	bandeira das Ilhas Cayman
🇰🇿	bandeira de Cazaquistão
🇱🇦	bandeira de Laos
🇱🇧	bandeira de Líbano
🇱🇨	bandeira de Santa Lúcia
🇱🇮	bandeira de Liechtenstein
🇱🇰	bandeira de Sri Lanka
🇱🇷	bandeira de Libéria
🇱🇸	bandeira de Lesoto
🇱🇹	bandeira de Lituânia
🇱🇺	bandeira de Luxemburgo
🇱🇻	bandeira de Letônia
🇱🇾	bandeira de Líbia
🇲🇦	bandeira de Marrocos
🇲🇨	bandeira de Mônaco
🇲🇩	bandeira de Moldávia
🇲🇪	bandeira de Montenegro
🇲🇫	bandeira de São Martinho
🇲🇬	bandeira de Madagascar
🇲🇭	bandeira das Ilhas Marshall
🇲🇰	bandeira de Macedônia
🇲🇱	bandeira de Mali
🇲🇲	bandeira de Mianmar (Birmânia)
🇲🇳	bandeira de Mongólia
🇲🇴	bandeira de Macau, RAE da China
🇲🇵	bandeira das Ilhas Marianas do Norte
🇲🇶	bandeira de Martinica
🇲🇷	bandeira de Mauritânia
🇲🇸	bandeira de Montserrat
🇲🇹	bandeira de Malta
🇲🇺	bandeira de Maurício
🇲🇻	bandeira de Maldivas
🇲🇼	bandeira de Malaui
🇲🇽	bandeira de México
🇲🇾	bandeira de Malásia
🇲🇿	bandeira de Moçambique
🇳🇦	bandeira de Namíbia
🇳🇨	bandeira de Nova Caledônia
🇳🇪	bandeira de Níger
🇳🇫	bandeira da Ilha Norfolk
🇳🇬	bandeira de Nigéria
🇳🇮	bandeira de Nicarágua
🇳🇱	bandeira de Holanda
🇳🇴	bandeira de Noruega
🇳🇵	bandeira de Nepal
🇳🇷	bandeira de Nauru
🇳🇺	bandeira de Niue
🇳🇿	bandeira da Nova Zelândia
🇴🇲	bandeira de Omã
🇵🇦	bandeira de Panamá
🇵🇪	bandeira de Peru
🇵🇫	bandeira de Polinésia Francesa
🇵🇬	bandeira de Papua-Nova Guiné
🇵🇭	bandeira de Filipinas
🇵🇰	bandeira de Paquistão
🇵🇱	bandeira de Polônia
🇵🇲	bandeira de São Pedro e Miquelão
🇵🇳	bandeira das Ilhas Pitcairn
🇵🇷	bandeira de Porto Rico
🇵🇸	bandeira de Territórios palestinos
🇵🇹	bandeira de Portugal
🇵🇼	bandeira de Palau
🇵🇾	bandeira de Paraguai
🇶🇦	bandeira de Catar
🇷🇪	bandeira de Reunião
🇷🇴	bandeira de Romênia
🇷🇸	bandeira de Sérvia
🇷🇺	bandeira da Rússia
🇷🇼	bandeira de Ruanda
🇸🇦	bandeira de Arábia Saudita
🇸🇧	bandeira das Ilhas Salomão
🇸🇨	bandeira de Seicheles
🇸🇩	bandeira de Sudão
🇸🇪	bandeira de Suécia
🇸🇬	bandeira de Singapura
🇸🇭	bandeira de Santa Helena
🇸🇮	bandeira de Eslovênia
🇸🇯	bandeira de Svalbard e Jan Mayen
🇸🇰	bandeira de Eslováquia
🇸🇱	bandeira de Serra Leoa
🇸🇲	bandeira de San Marino
🇸🇳	bandeira de Senegal
🇸🇴	bandeira de Somália
🇸🇷	bandeira de Suriname
🇸🇸	bandeira de Sudão do Sul
🇸🇹	bandeira de São Tomé e Príncipe
🇸🇻	bandeira de El Salvador
🇸🇽	bandeira de Sint Maarten
🇸🇾	bandeira de Síria
🇸🇿	bandeira de Suazilândia
🇹🇦	bandeira de Tristão da Cunha
🇹🇨	bandeira das Ilhas Turks e Caicos
🇹🇩	bandeira de Chade
🇹🇫	bandeira de Territórios Franceses do Sul
🇹🇬	bandeira de Togo
🇹🇭	bandeira de Tailândia
🇹🇯	bandeira de Tadjiquistão
🇹🇰	bandeira de Tokelau
🇹🇱	bandeira de Timor-Leste
🇹🇲	bandeira de Turcomenistão
🇹🇳	bandeira de Tunísia
🇹🇴	bandeira de Tonga
🇹🇷	bandeira de Turquia
🇹🇹	bandeira de Trinidad e Tobago
🇹🇻	bandeira de Tuvalu
🇹🇼	bandeira de Taiwan
🇹🇿	bandeira de Tanzânia
🇺🇦	bandeira da Ucrânia
🇺🇬	bandeira de Uganda
🇺🇲	bandeira das Ilhas Menores Distantes dos EUA
🇺🇳	bandeira de Nações Unidas
🇺🇸	bandeira dos Estados Unidos
🇺🇾	bandeira de Uruguai
🇺🇿	bandeira de Uzbequistão
🇻🇦	bandeira de Cidade do Vaticano
🇻🇨	bandeira de São Vicente e Granadinas
🇻🇪	bandeira de Venezuela
🇻🇬	bandeira das Ilhas Virgens Britânicas
🇻🇮	bandeira das Ilhas Virgens Americanas
🇻🇳	bandeira de Vietnã
🇻🇺	bandeira de Vanuatu
🇼🇫	bandeira de Wallis e Futuna
🇼🇸	bandeira de Samoa
🇽🇰	bandeira de Kosovo
🇾🇪	bandeira de Iêmen
🇾🇹	bandeira de Mayotte
🇿🇦	bandeira da África do Sul
🇿🇲	bandeira de Zâmbia
🇿🇼	bandeira de Zimbábue
🏴󠁧󠁢󠁥󠁮󠁧󠁿	bandeira de Inglaterra
🏴󠁧󠁢󠁳󠁣󠁴󠁿	bandeira de Escócia
🏴󠁧󠁢󠁷󠁬󠁳󠁿	bandeira de País de Gales
#️⃣	tecla da cerquilha
*️⃣	tecla do asterisco
0️⃣	tecla do número zero
1️⃣	tecla do número um
2️⃣	tecla do número dois
3️⃣	tecla do número três
4️⃣	tecla do número quatro
5️⃣	tecla do número cinco
6️⃣	tecla do número seis
7️⃣	tecla do número sete
8️⃣	tecla do número oito
9️⃣	tecla do número nove
🩰	sapatilha de balé
🩱	maiô
🩲	cueca
🩳	shorts
🩴	chinelo
🩵	coração azul-claro
🩶	coração cinza
🩷	coração rosa
🩸	gota de sangue
🩹	atadura adesiva
🩺	estetoscópio
🩻	raio x
🩼	muleta
🪀	ioiô
🪁	pipa
🪂	paraquedas
🪃	bumerangue
🪄	varinha mágica
🪅	pinhata
🪆	boneca russa
🪇	maracás
🪈	flauta
🪉	harpa
🪏	pá
🪐	planeta com anéis
🪑	cadeira
🪒	lâmina
🪓	machado
🪔	lâmpada de óleo
🪕	banjo
🪖	capacete militar
🪗	acordeão
🪘	tambor comprido
🪙	moeda
🪚	serrote
🪛	chave de fenda
🪜	escada
🪝	gancho
🪞	espelho
🪟	janela
🪠	desentupidor
🪡	agulha de costura
🪢	nó
🪣	balde
🪤	ratoeira
🪥	escova de dentes
🪦	lápide
🪧	placa
🪨	pedra
🪩	globo de espelhos
🪪	cartão de identificação
🪫	pouca bateria
🪬	hamsá
🪭	leque dobrável
🪮	pente de cabelo
🪯	khanda
🪰	mosca
🪱	minhoca
🪲	besouro
🪳	barata
🪴	vaso com planta
🪵	madeira
🪶	pena
🪷	lótus
🪸	coral
🪹	ninho vazio
🪺	ninho com ovos
🪻	jacinto
🪼	água-viva
🪽	asa
🪾	árvore seca
🪿	ganso
🫀	coração humano
🫁	pulmões
🫂	pessoas se abraçando
🫃	homem grávido
🫄	pessoa grávida
🫅	pessoa com coroa
🫆	impressão digital
🫎	alce
🫏	burro
🫐	mirtilos
🫑	pimentão
🫒	azeitona
🫓	pão sírio
🫔	tamale
🫕	fondue
🫖	bule
🫗	derramando líquido
🫘	feijões
🫙	jarro
🫚	gengibre
🫛	vagem
🫜	tubérculo
🫟	respingo
🫠	rosto derretendo
🫡	rosto saudando
🫢	rosto com olhos abertos e mão sobre a boca
🫣	rosto com olho espiando
🫤	rosto com boca diagonal
🫥	rosto com linha pontilhada
🫦	mordendo o lábio
🫧	bolhas
🫨	rosto tremendo
🫩	rosto com olheiras
🫰	mão com dedo indicador e polegar cruzados
🫱	mão para a direita
🫲	mão para a esquerda
🫳	mão com a palma para baixo
🫴	mão com a palma para cima
🫵	indicador apontando para o visualizador
🫶	mãos de coração
🫷	mão empurrando para a esquerda
🫸	mão empurrando para a direita
⛓‍💥	corrente quebrada
❤‍🔥	coração em chamas
❤‍🩹	coração remendado
🍄‍🟫	cogumelo marrom
🍋‍🟩	lima
🏃‍♀‍➡	mulher correndo de frente para a direita
🏃‍♂‍➡	homem correndo de frente para a direita
🏃‍➡	pessoa correndo de frente para a direita
🏳‍⚧	bandeira transgênero
🐈‍⬛	gato preto
🐕‍🦺	cão de serviço
🐦‍⬛	pássaro preto
🐦‍🔥	fênix
🐻‍❄	urso polar
👨‍🍼	homem alimentando bebê
👨‍🦯	homem com bengala para cego
👨‍🦯‍➡	homem com bengala para cego de frente para a direita
👨‍🦰	homem cabelo vermelho
👨‍🦱	homem cabelo cacheado
👨‍🦲	homem careca
👨‍🦳	homem cabelo branco
👨‍🦼	homem em cadeira de rodas motorizada
👨‍🦼‍➡	homem em cadeira de rodas motorizada de frente para a direita
👨‍🦽	homem em cadeira de rodas manual
👨‍🦽‍➡	homem em cadeira de rodas manual de frente para a direita
👩‍❤‍💋‍👨	beijo entre uma mulher e um homem
👨‍❤‍💋‍👨	beijo entre dois homens
👩‍❤‍💋‍👩	beijo entre duas mulheres
👩‍❤‍👨	casal apaixonado formado por uma mulher e um homem
👨‍❤‍👨	casal apaixonado formado por dois homens
👩‍❤‍👩	casal apaixonado formado por duas mulheres
👨‍👩‍👦	família com um homem, uma mulher e um menino
👨‍👩‍👧	família com um homem, uma mulher e uma menina
👨‍👩‍👧‍👦	família com um homem, uma mulher, uma menina e um menino
👨‍👩‍👦‍👦	família com um homem, uma mulher e dois meninos
👨‍👩‍👧‍👧	família com um homem, uma mulher e duas meninas
👨‍👨‍👦	família com dois homens e um menino
👨‍👨‍👧	família com dois homens e uma menina
👨‍👨‍👧‍👦	família com dois homens, uma menina e um menino
👨‍👨‍👦‍👦	família com dois homens e dois meninos
👨‍👨‍👧‍👧	família com dois homens e duas meninas
👩‍🍼	mulher alimentando bebê
👩‍👩‍👦	família com duas mulheres e um menino
👩‍👩‍👧	família com duas mulheres e uma menina
👩‍👩‍👧‍👦	família com duas mulheres, uma menina e um menino
👩‍👩‍👦‍👦	família com duas mulheres e dois meninos
👩‍👩‍👧‍👧	família com duas mulheres e duas meninas
👨‍👦	família com um homem e um menino
👨‍👦‍👦	família com um homem e dois meninos
👨‍👧	família com um homem e uma menina
👨‍👧‍👦	família com um homem, uma menina e um menino
👨‍👧‍👧	família com um homem e duas meninas
👩‍👦	família com uma mulher e um menino
👩‍👦‍👦	família com uma mulher e dois meninos
👩‍👧	família com uma mulher e uma menina
👩‍👧‍👦	família com uma mulher, uma menina e um menino
👩‍👧‍👧	família com uma mulher e duas meninas
👨‍⚕	homem profissional da saúde
👩‍⚕	mulher profissional da saúde
👨‍⚖	juiz
👩‍⚖	juíza
👨‍✈	piloto de avião homem
👩‍✈	piloto de avião mulher
👨‍🌾	fazendeiro
👩‍🌾	fazendeira
👨‍🍳	cozinheiro
👩‍🍳	cozinheira
👨‍🎓	estudante
👩‍🎓	formanda
👨‍🎤	cantor
👩‍🎤	cantora
👨‍🎨	artista plástico
👩‍🎨	artista plástica
👨‍🏫	professor
👩‍🏫	professora
👨‍🏭	operário
👩‍🏭	operária
👨‍💻	tecnólogo
👩‍💻	tecnóloga
👨‍💼	funcionário de escritório
👩‍💼	funcionária de escritório
👨‍🔧	mecânico
👩‍🔧	mecânica
👨‍🔬	cientista homem
👩‍🔬	cientista mulher
👨‍🚀	astronauta homem
👩‍🚀	astronauta mulher
👨‍🚒	bombeiro
👩‍🚒	bombeira
👩‍🦯	mulher com bengala para cego
👩‍🦯‍➡	mulher com bengala para cego de frente para a direita
👩‍🦰	mulher cabelo vermelho
👩‍🦱	mulher cabelo cacheado
👩‍🦲	mulher careca
👩‍🦳	mulher cabelo branco
👩‍🦼	mulher em cadeira de rodas motorizada
👩‍🦼‍➡	mulher em cadeira de rodas motorizada de frente para a direita
👩‍🦽	mulher em cadeira de rodas manual
👩‍🦽‍➡	mulher em cadeira de rodas manual de frente para a direita
👮‍♀	policial mulher
👮‍♂	policial homem
👰‍♀	noiva com véu
👰‍♂	noivo com véu
👱‍♀	loira
👱‍♂	loiro
👳‍♀	mulher com turbante
👳‍♂	homem com turbante
👷‍♀	pedreira
👷‍♂	pedreiro
💂‍♀	guarda mulher
💂‍♂	guarda homem
🕵️‍♀	detetive mulher
🕵️‍♂	detetive homem
😮‍💨	rosto exalando
😵‍💫	rosto com olhos em espiral
😶‍🌫	rosto nas nuvens
🙂‍↔	cabeça virando de um lado para o outro
🙂‍↕	cabeça balançando na vertical
🚶‍♀‍➡	mulher andando de frente para a direita
🚶‍♂‍➡	homem andando de frente para a direita
🚶‍➡	pessoa andando de frente para a direita
🤵‍♀	mulher de smoking
🤵‍♂	homem de smoking
🦸‍♀	super-heroína
🦸‍♂	homem super-herói
🦹‍♀	supervilã
🦹‍♂	homem supervilão
🧍‍♀	mulher em pé
🧍‍♂	homem em pé
🧎‍♀	mulher ajoelhando
🧎‍♀‍➡	mulher ajoelhando de frente para a direita
🧎‍♂	homem ajoelhando
🧎‍♂‍➡	homem ajoelhando de frente para a direita
🧎‍➡	pessoa ajoelhando de frente para a direita
🧏‍♀	mulher surda
🧏‍♂	homem surdo
🧑‍⚕	profissional de saúde
🧑‍⚖	juiz no tribunal
🧑‍✈	piloto
🧑‍🌾	agricultor
🧑‍🍳	chef de cozinha
🧑‍🍼	pessoa alimentando bebê
🧑‍🎄	noel
🧑‍🎓	aluno
🧑‍🎤	cantor
🧑‍🎨	artista
🧑‍🏫	professora na escola
🧑‍🏭	funcionário de fábrica
🧑‍💻	programador
🧑‍💼	trabalhador de escritório
🧑‍🔧	mecânico trabalhando
🧑‍🔬	cientista
🧑‍🚀	astronauta
🧑‍🚒	bombeiro
🧑‍🤝‍🧑	pessoas de mãos dadas
🧑‍🦯	pessoa cega com bengala
🧑‍🦯‍➡	pessoa cega com bengala virada para a direita
🧑‍🦰	pessoa de cabelo ruivo
🧑‍🦱	pessoa de cabelo cacheado
🧑‍🦲	pessoa careca
🧑‍🦳	pessoa de cabelo branco
🧑‍🦼	pessoa em cadeira de rodas motorizada
🧑‍🦼‍➡	pessoa em cadeira de rodas motorizada de frente para a direita
🧑‍🦽	pessoa em cadeira de rodas manual
🧑‍🦽‍➡	pessoa em cadeira de rodas manual de frente para a direita
🧑‍🧑‍🧒	família com dois adultos e uma criança
🧑‍🧑‍🧒‍🧒	família com dois adultos e duas crianças
🧑‍🧒	família com um adulto e uma criança
🧑‍🧒‍🧒	família com um adulto e duas crianças
🧑‍🩰	bailarina
🧔‍♀	mulher barba
🧔‍♂	homem barbudo
🧙‍♀	maga
🧙‍♂	homem mago
🧚‍♀	mulher fada
🧚‍♂	homem fada
🧛‍♀	mulher vampira
🧛‍♂	homem vampiro
🧜‍♀	sereia
🧜‍♂	sereio
🧝‍♀	elfa
🧝‍♂	homem elfo
🧞‍♀	mulher gênio
🧞‍♂	homem gênio
🧟‍♀	mulher zumbi
🧟‍♂	homem zumbi
⛹‍♀	jogadora
⛹‍♂	jogador
🏃‍♀	mulher correndo
🏃‍♂	homem correndo
🏄‍♀	mulher surfista
🏄‍♂	homem surfista
🏊‍♀	nadadora
🏊‍♂	homem nadando
🏋️‍♀	mulher levantando peso
🏋️‍♂	homem levantando peso
🏌️‍♀	mulher golfista
🏌️‍♂	homem golfista
👯‍♀	mulheres fantasiadas
👯‍♂	homens fantasiados
💆‍♀	mulher recebendo massagem facial
💆‍♂	homem recebendo massagem facial
💇‍♀	mulher cortando o cabelo
💇‍♂	homem cortando o cabelo
🚣‍♀	remadora
🚣‍♂	remador
🚴‍♀	mulher ciclista
🚴‍♂	homem ciclista
🚵‍♀	mulher fazendo mountain bike
🚵‍♂	homem fazendo mountain bike
🚶‍♀	mulher andando
🚶‍♂	homem andando
🤸‍♀	mulher fazendo estrela
🤸‍♂	homem fazendo estrela
🤹‍♀	mulher malabarista
🤹‍♂	homem malabarista
🤼‍♀	mulheres lutando
🤼‍♂	homens lutando
🤽‍♀	jogadora de polo aquático
🤽‍♂	jogador de polo aquático
🤾‍♀	jogadora de handebol
🤾‍♂	jogador de handebol
🧖‍♀	mulher na sauna
🧖‍♂	homem na sauna
🧗‍♀	mulher escalando
🧗‍♂	homem escalando
🧘‍♀	mulher na posição de lótus
🧘‍♂	homem na posição de lótus
💁‍♀	mulher dando uma dica
💁‍♂	homem dando uma dica
🙅‍♀	mulher dizendo não”
🙅‍♂	homem dizendo não”
🙆‍♀	mulher dizendo ok”
🙆‍♂	homem dizendo ok”
🙇‍♀	mulher pedindo desculpas
🙇‍♂	homem pedindo desculpas
🙋‍♀	mulher levantando a mão
🙋‍♂	homem levantando a mão
🙍‍♀	mulher franzindo a sobrancelha
🙍‍♂	homem franzindo a sobrancelha
🙎‍♀	mulher fazendo bico
🙎‍♂	homem fazendo bico
🤦‍♀	mulher decepcionada
🤦‍♂	homem decepcionado
🤷‍♀	mulher dando de ombros
🤷‍♂	homem dando de ombros
🏳‍🌈	bandeira do arco-íris
🏴‍☠	bandeira de pirata
👁‍🗨	olho no balão de diálogo
