©	कॉपीराइट
®	पंजीकृत चिह्न
‼	दोहरा विस्मयादिबोधक चिह्न
⁄	भिन्न स्लैश
⁉	विस्मयादिबोधक प्रश्न चिह्न
⁻	माइनस
₡	कोस्टा रिका कोलोन
₢	क्रुज़ेइरो
₣	फ्रांसीसी फ्रैंक
₤	लीरा
₥	मिल
₦	नाइरा
₨	रुपया
₪	इज़राइली न्यू शेकेल
₫	वियतनामी डोंग
€	यूरो
₭	लाओशियन किप
₮	मंगोलियाई टगरिक
₰	जर्मन पैसा
₱	पेसो
₲	पैराग्वियन गुआरानी
₳	एस्ट्रल
₴	यूक्रेनियन रिव्निया
₵	घानियन सेडी
₶	लिवर टूरनॉइस
₷	स्पेसमिलो
₸	कज़ाखिस्तानी टेंज़
₹	रुपया
₺	लीरा
₼	अज़रबैजानी मैनेट
₽	रूबल
₾	जॉर्जियन लारी
₿	बिटकॉइन
℗	साउंड रिकॉर्डिंग कॉपीराइट
™	ट्रेड मार्क चिह्न
ℹ	अक्षर आई, सूचना
←	बाईं ओर इशारा करता तीर
↑	ऊपर की ओर इशारा करता तीर
→	दाईं ओर इशारा करता तीर
↓	नीचे की ओर इशारा करता तीर
↔	बाएं-दाएं तीर
↕	ऊपर-नीचे तीर
↖	ऊपर-बायां तीर, इंटरकार्डिनल, उत्तर पश्चिम दिशा
↗	ऊपर-दायां तीर, इंटरकार्डिनल, उत्तरपूर्व दिशा
↘	नीचे-दायां तीर, इंटरकार्डिनल, दक्षिणपूर्व दिशा
↙	नीचे-बायां तीर, इंटरकार्डिनल, दक्षिणपश्चिम दिशा
↚	बाईं ओर वाला तीर स्ट्रोक
↛	दाईं ओर वाला तीर स्ट्रोक
↜	बाईं ओर वाला लहरील तीर
↝	दाईं ओर वाला लहरील तीर
↞	बायाँ दो शीर्ष तीर
↟	ऊपर की ओर दो शीर्ष वाला तीर
↠	दाईं ओर दो शीर्ष वाला तीर
↡	नीचे की ओर दो शीर्ष वाला तीर
↢	बायाँ तीर टेल
↣	दायाँ तीर टेल
↤	बार से बाईं ओर तीर
↥	बार से ऊपर की ओर तीर
↦	बार से दायाँ तीर
↧	बार से नीचे की ओर तीर
↨	आधार वाला ऊपर नीचे तीर
↩	बाईं ओर मुड़ने वाला दायां तीर
↪	दाईं ओर मुड़ने वाला बायां तीर
↫	बाईं ओर तीर लूप
↬	दाईं ओर तीर लूप
↭	बायाँ दायाँ लहरदार तीर
↮	बायां दाया तीर स्ट्रोक
↯	नीचे की ओर घुमावदार तीर
↰	ऊपर की ओर तीर की नोक बाईं ओर
↱	ऊपर की ओर तीर की नोक दाईं ओर
↲	नीचे की ओर तीर की नोक बाईं ओर
↳	नीचे की ओर तीर की नोक दाईं ओर
↴	दाईं ओर वाला तीर कोने से नीचे की ओर
↵	बाईं ओर वाला तीर कोने से नीचे की ओर
↶	वामावर्त शीर्ष अर्धवृत्त तीर
↷	दक्षिणावर्त शीर्ष अर्धवृत्त तीर
↸	लंबे बार के साथ उत्तर पश्चिमी तीर
↹	दाईं ओर तीर बार पर बाईं ओर तीर बार
↺	वामावर्त बायाँ वृत्त तीर
↻	दक्षिणावर्त बायाँ वृत्ताकार तीर
↼	बाईं ओर हार्पून बार्ब ऊपर की ओर
↽	बाईं ओर हार्पून बार्ब नीचे की ओर
↾	ऊपर की ओर हार्पून बार्ब दाईं ओर
↿	ऊपर की ओर हार्पून बार्ब बाईं ओर
⇀	दाईं ओर हार्पून बार्ब ऊपर की ओर
⇁	दाईं ओर हार्पून बार्ब नीचे की ओर
⇂	नीचे की ओर हार्पून बार्ब दाईं ओर
⇃	नीचे की ओर हार्पून बार्ब बाईं ओर
⇄	बाएँ तीर के ऊपर दायाँ तीर
⇅	ऊपर और नीचे की ओर इशारे करते तीर
⇆	दाएं इशारा करते तीर पर बाएं इशारा करता तीर
⇇	बाईं ओर युग्मित तीर
⇈	ऊपर की ओर युग्मित तीर
⇉	दाईं ओर युग्मित तीर
⇊	नीचे की ओर युग्मित तीर
⇋	दाईं ओर वाले हार्पून पर बाईं ओर वाला हार्पून
⇌	बाईं ओर वाले हार्पून पर दाईं ओर वाला हार्पून
⇍	स्ट्रोक वाला बाईं ओर दोहरा तीर
⇎	बायां दायां दोहरा तीर स्ट्रोक
⇏	दाहिनी ओर दोहरा तीर स्ट्रोक
⇐	बाईं ओर दोहरा तीर
⇑	ऊपर की ओर दोहरा तीर
⇒	दाईं ओर दोहरे तीर
⇓	नीचे की ओर दोहरा तीर
⇔	बायां दायां दोहरा तीर
⇖	उत्तर पश्चिम दोहरा तीर
⇗	उत्तर पूर्व दोहरा तीर
⇘	दक्षिण पूर्व दोहरा तीर
⇙	दक्षिण पश्चिम दोहरा तीर
⇚	बाईं ओर तिहरा तीर
⇛	दाहिनी ओर तिहरा तीर
⇜	बाईं ओर घुमावदार तीर
⇝	दाईं ओर घुमावदार तीर
⇞	ऊपर की ओर तीर दोहरा स्ट्रोक
⇟	नीचे की ओर तीर दोहरा स्ट्रोक
⇠	बाईं ओर डैश तीर
⇡	ऊपर की ओर डैश तीर
⇢	दाईं ओर डैश तीर
⇣	नीचे की ओर डैश तीर
⇤	बाईं ओर तीर पट्टी
⇥	दाईं ओर तीर पट्टी
⇦	बाईं ओर खोखला तीर
⇧	ऊपर की ओर खोखला तीर
⇨	दाईं ओर खोखला तीर
⇩	नीचे की ओर खोखला तीर
⇪	पट्टी से ऊपर की ओर खोखला तीर
⇵	नीचे की ओर तीर बाईं ओर ऊपर की ओर तीर
∀	सभी के लिए
∂	आंशिक अंतर
∃	वहाँ मौजूद होता है
∅	रिक्त सेट
∆	संवृद्ध
∇	नाबला
∈	इसका तत्व
∉	कोई तत्व नहीं
∋	सदस्य के रूप में रखता है
∎	अंत प्रमाण
∏	एन-अरी उत्पाद
∑	एन-अरी योग
−	माइनस चिह्न
∓	ऋण-या-धन
∕	विभाजन स्लैश
∗	तारांकन ऑपरेटर
∘	रिंग ऑपरेटर
∙	बुलेट ऑपरेटर
√	वर्गमूल
∝	सानुपातिक
∞	अनंत चिह्न
∟	समकोण
∠	कोण
∣	विभाजन करना
∥	समानांतर
∧	तार्किक and
∩	इंटरसेक्शन
∪	यूनियन
∫	समाकलन
∬	दोहरा समाकलन
∮	समोच्च समाकलन
∴	इसलिए
∵	क्योंकि
∶	अनुपात
∷	समानुपात
∼	लहरिल डैश ऑपरेटर
∽	उलटा लहरिल डैश
∾	उल्टा लेज़ी एस
≃	अनंतस्पर्शी बराबर
≅	लगभग इसके बराबर
≈	लगभग बराबर
≌	सभी बराबर
≒	लगभग छवि के बराबर
≖	बराबर में रिंग
≠	बराबर नहीं
≡	इसके समरूप
≣	पूरीतरह से समतुल्य
≤	इससे छोटा या बराबर
≥	इससे बड़ा या बराबर
≦	बराबर होने पर इससे कम
≧	बराबर होने पर इससे अधिक
≪	की तुलना में बहुत कम
≫	की तुलना में बहुत अधिक
≬	इसके बीच
≮	इससे कम नहीं
≯	इससे अधिक नहीं
≳	इससे अधिक समकक्ष
≺	पहले आता है
≻	बाद में आता है
⊁	बाद में नहीं आता है
⊂	इसका सबसेट
⊃	सुपरसेट
⊆	सबसेट बराबर
⊇	सुपरसेट बराबर
⊕	गोलाकार धन
⊖	गोलाकार ऋण
⊗	गोलाकार समय
⊘	गोलाकार विभाजन स्लैश
⊙	गोलाकार डॉट ऑपरेटर
⊚	गोलाकार रिंग ऑपरेटर
⊛	गोलाकार तारांकन चिह्न ऑपरेटर
⊞	वर्गाकार धन
⊟	वर्गाकार ऋण
⊥	अप टैक
⊮	बल नहीं लगाता
⊰	संबंध के अंतर्गत प्रिसीड
⊱	संबंध के अंतर्गत सक्सीड
⊶	मूल
⊹	हर्मिशियन संयुग्म मैट्रिक्स
⊿	समकोण त्रिभुज
⋁	एन-अरी तार्किक या
⋂	एन-अरी इंटरसेक्शन
⋃	एन-अरी यूनियन
⋅	डॉट ऑपरेटर
⋆	सितारा ऑपरेटर
⋈	नैचुरल ज्वाइन
⋒	दोहरा इंटरसेक्शन
⋘	की तुलना में बहुत ज्यादा कम
⋙	की तुलना में बहुत ज्यादा अधिक
⋭	सामान्य उपसमूह बराबर के रूप में शामिल नहीं है
⋮	अनुलंब दिर्घवृत्त
⋯	मध्‍यरेखा क्षैतिज दिर्घवृत्त
⋰	विकर्ण ऊपर दायाँ दिर्घवृत्त
⋱	विकर्ण नीचे दायाँ दिर्घवृत्त
⌚	घड़ी, समय
⌛	रेतघड़ी, समय
⌨	कीबोर्ड
⏏	निकालें बटन
⏩	फ़ास्ट फ़ॉर्वर्ड, दोहरा दायां तीर
⏪	रीवाइंड, दोहरा बायां तीर, बायां, तीर
⏫	दोहरा ऊपर तीर, ऊपर
⏬	नीचे तीर, दोहरा नीचे तीर
⏭	दोहरा दायां तीर, अगला ट्रैक
⏮	रीवाइंड, दोहरा रीवाइंड तीर, पिछला ट्रैक
⏯	चलाए या रोकें बटन
⏰	अलार्म घड़ी, समय
⏱	स्टॉपवॉच
⏲	टाइमर घड़ी
⏳	बहती रेत के साथ रेतघड़ी, समय
⏸	स्थिर बटन
⏹	रोकें बटन
⏺	रिकॉर्ड बटन
Ⓜ	वित्त के भीतर म
■	भरे हुए वर्गाकार
□	खाली वर्ग
▢	गोल कोनों के साथ खाली वर्ग
▣	गोल कोनों के साथ भरे हुए वर्ग
▤	क्षैतिज भराव के साथ वर्ग
▥	ऊर्ध्वाधर भराव के साथ वर्ग
▦	वर्ग लंब कोणिय क्रॉसहैच भराव
▧	वर्ग ऊपरी बाएँ निचला दायाँ भराव
▨	वर्ग ऊपरी दाएँ निचला बायाँ भराव
▩	वर्ग विकर्ण क्रॉसहैच भराव
▪	काला छोटा वर्ग
▫	सफेद छोटा वर्ग
▬	भरा हुआ समकोण
▭	खाली समकोण
▮	भरा हुआ लंबवत समकोण
▰	भरा हुआ समानांतर चतुर्भुज
▲	ऊपर की ओर इंगित करता भरा हुआ त्रिकोण
△	खाली ऊपर की ओर इंगित करता हुआ त्रिभुज
▴	भरा हुआ ऊपर की ओर इंगित करता हुआ छोटा त्रिभुज
▵	खाली ऊपर की ओर इंगित करता हुआ छोटा त्रिभुज
▶	चलाएं बटन, त्रिकोण
▷	दाईं ओर इंगित करता हुआ खाली त्रिभुज
▸	दाईं ओर इंगित करता हुआ भरा हुआ छोटा त्रिभुज
▹	दाईं ओर इंगित करता हुआ खाली छोटा त्रिभुज
►	दाईं ओर इंगित करता हुआ भरा हुआ सूचक
▻	दाईं ओर इंगित करता हुआ खाली सूचक
▼	नीचे की ओर इंगित करता भरा हुआ त्रिकोण
▽	नीचे की ओर इंगित करता हुआ खाली त्रिभुज
▾	नीचे की ओर इंगित करता हुआ भरा हुआ छोटा त्रिभुज
▿	नीचे की ओर इंगित करता हुआ खाली छोटा त्रिभुज
◀	पीछे जाएं बटन, बाएं, त्रिकोण
◁	बाईं ओर इंगित करता हुआ खाली त्रिभुज
◂	बाईं ओर इंगित करता हुआ भरा हुआ छोटा त्रिभुज
◃	बाईं ओर इंगित करता हुआ खाली छोटा त्रिभुज
◄	बाईं ओर इंगित करता हुआ भरा हुआ सूचक
◅	बाईं ओर इंगित करता हुआ खाली सूचक
◆	भरा हुआ डायमंड
◇	खाली डायमंड
◈	भरा हुआ डायमंड युक्त खाली डायमंड
◉	भरा हुआ वृत्त युक्त खाली वृत्त
◊	समचतुर्भुज
○	खोखला वृत्त
◌	बिंदीदार वृत्त
◍	लंबवत भरण वाला वृत्त
◎	संकेंद्रित वृत्त
●	भरा वृत्त
◐	बाईं ओर आधा भरा हुआ वृत्त
◑	दाईं ओर आधा भरा हुआ वृत्त
◒	नीचे की ओर आधा भरा हुआ वृत्त
◓	ऊपर की ओर आधा भरा हुआ वृत्त
◔	ऊपरी दाईं ओर चतुर्थांश भरा हुआ वृत्त
◕	ऊपरी बाईं ओर चतुर्थांश को छोड़कर भरा हुआ वृत्त
◖	आधा भरा हुआ बाईं ओर वृत्त
◗	आधा भरा हुआ दाईं ओर वृत्त
◘	उलटा बुलेट
◙	खाली वृत्त युक्त भरा हुआ वर्ग
◜	ऊपरी बाईं ओर चतुर्थांश वृत्ताकार चाप
◝	ऊपरी दाईं ओर चतुर्थांश वृत्ताकार चाप
◞	नीचे की दाईं ओर चतुर्थांश वृत्ताकार चाप
◟	नीचे की बाईं ओर चतुर्थांश वृत्ताकार चाप
◠	ऊपर की ओर आधा वृत्त
◡	नीचे की ओर आधा वृत्त
◢	भरा हुआ निचला दायाँ त्रिकोण
◣	भरा हुआ निचला बायाँ त्रिकोण
◤	भरा हुआ ऊपरी बायाँ त्रिकोण
◥	भरा हुआ ऊपरी दायाँ त्रिकोण
◦	खाली बुलेट
◯	बड़ा सा खोखला वृत्त
◳	ऊपरी दाईं ओर चतुर्थांश खाली वर्ग
◷	ऊपरी दाईं ओर चतुर्थांश वाला खाली वृत्त
◻	सफेद मध्यम वर्ग
◼	काला मध्यम वर्ग
◽	सफेद मध्यम-छोटा वर्ग
◾	काला मध्यम-छोटा वर्ग
◿	निचला दायां त्रिभुज
☀	सूर्य
☁	बादल
☂	खुला छाता
☃	स्नोमैन
☄	धूमकेतु, अंतरिक्ष
☎	टेलीफ़ोन, फ़ोन
☑	चेक के साथ मतपत्र, मतपत्र
☔	पानी से भीगा छाता
☕	कॉफ़ी, भाप वाला गर्म पेय
☘	पौधा, तीन पत्तियां
☝	ऊपर की ओर इशारा करती तर्जनी
☠	खतरे या मौत का निशान
☢	रेडियो सक्रिय
☣	जैवसंकट
☦	ईसाई क्रॉस
☪	चांद और तारा, इस्लाम धर्म
☮	शांति का प्रतीक
☯	यिंग यांग, ताओ
☸	धर्म चक्र, धर्म
☹	अधिक क्रोधित चेहरा
☺	मुस्काता चेहरा
♀	महिला साइन
♂	पुरुष साइन
♈	मेष, राशि
♉	वृषभ, राशि
♊	मिथुन, राशि
♋	कर्क, राशि
♌	सिंह, राशि
♍	कन्या, राशि
♎	तुला, राशि
♏	वृश्चिक, राशि
♐	धनु, राशि
♑	मकर, राशि
♒	कुंभ, राशि
♓	मीन, राशि
♟	शतरंज का प्यादा
♠	हुकुम का पत्ता
♣	चिड़िया का पत्ता
♥	पाँन का पत्ता
♦	ईंट का पत्ता
♨	भाप युक्त, गर्म
♪	आठवां सुर
♭	सपाट
♯	ऊँचा
♻	पुनर्चक्रीकरण प्रतीक, रीसाइक्लिंग, वैश्विक, चिह्न
♾	अनंत
♿	ह्वीलचेयर का प्रतीक
⚒	हथौड़ा और कुल्हाड़ी
⚓	एंकर, चिह्न
⚔	क्रॉस बनाती तलवारें
⚕	चिकित्सा प्रतीक
⚖	तराजू, संतुलन, तुला राशि
⚗	रासायनिक उपकरण
⚙	गियर
⚛	नास्तिक, अणु
⚜	कुमुदिनी का फूल
⚠	चेतावनी
⚡	उच्च वोल्टेज
⚧	ट्रांसजेंडर चिह्न
⚪	सफेद वृत्त
⚫	काला वृत्त
⚰	ताबूत
⚱	अस्थि कलश
⚽	सॉकर बॉल, फुटबॉल
⚾	बेसबॉल
⛄	बिना बर्फ का स्नोमैन
⛅	बादलों के पीछे सूर्य
⛈	बारिश और बिजली के साथ बादल
⛎	सर्प, राशि
⛏	कुल्हाड़ी, खनन टूल
⛑	सफेद क्रॉस वाला हेलमेट
⛓	श्रृंखला, ज़ंजीर
⛔	प्रवेश निषेध
⛩	शिंटो श्राइन, जापानी धर्म स्थल
⛪	चर्च, भवन
⛰	पहाड़
⛱	जमीन पर छाता
⛲	फव्वारा
⛳	छेद में झंडा
⛴	नौका
⛵	सेलबोट, नाव
⛷	स्की खिलाड़ी
⛸	आइस स्केट, स्केट
⛹	गेंद से खेलता व्यक्ति
⛺	टेंट, कैंपिंग
⛽	गैस स्टेशन, पेट्रोल पंप
✂	कैंची
✅	सफेद चेक मार्क, सही का चिह्न
✈	हवाई जहाज़
✉	लिफ़ाफ़ा
✊	उठी हुई मुट्ठी
✋	उठा हुआ हाथ
✌	विजयी हाथ
✍	लिखता हुआ हाथ
✏	पेंसिल
✒	काली निब, पेन
✔	बड़ा चेक मार्क
✖	बड़ा गुणा, काटने का चिह्न
✝	लैटिन क्रॉस, ईसाई धर्म
✡	डेविड, यहूदी धर्म
✨	चमकदार तारे
✳	आठ सिरों वाला तारक चिह्न
✴	आठ किनारों वाला तारा
❄	शीत, बर्फ
❇	चिंगारी
❌	लाल काटने का चिह्न
❎	सफेद काटने का चिह्न
❓	लाल प्रश्न चिह्न, प्रश्न
❔	प्रश्न चिह्न, प्रश्न
❕	विस्मयादि बोधक चिह्न
❗	विस्मयादिबोधक विराम चिह्न
❣	विस्मय चिह्न वाला दिल
❤	लाल दिल
➕	बड़ा धन चिह्न
➖	बड़ा ऋण चिह्न
➗	बड़ा भाग चिह्न
➡	दायां तीर, कार्डिनल, पूर्व दिशा
➰	लहरदार फंदा, मोड़
➿	दोहरा लहरदार फंदा
⤴	ऊपर मुड़ने वाला दायां तीर
⤵	नीचे मुड़ने वाला दायां तीर
⨧	धन सबस्क्रिप्ट दो
⨯	वेक्टर अन्योन्य गुणन
⨼	इंटीरियर प्रोडक्ट
⩣	तार्किक या दोहरा अंडरबार
⩽	एकतरफा बराबर से कम
⪍	समान आकृति बराबर के ऊपर इससे कम
⪚	इससे अधिक दोहरी बराबर लाइन
⪺	ऊपर वाला सक्सीड लगभग बराबर नहीं
⬅	बायां तीर, कार्डिनल, पश्चिम दिशा
⬆	ऊपर तीर, कार्डिनल, उत्तर दिशा
⬇	नीचे तीर, कार्डिनल, नीचे, दक्षिण दिशा
⬛	काला बड़ा चौकोर
⬜	बड़ा सफेद वर्ग
⭐	मध्यम सफ़ेद तारा
⭕	वृत्त, गोला
〰	लंबी आवाज़ का चिह्न, डैश
〽	एक भाग प्रत्यावर्तन चिह्न
㊗	वृत्त में बधाई देता आइडियोग्राफ़, वृत्त
㊙	वृत्त में गुप्त आइडियोग्राफ़, वृत्त
﷼	रियाल
🅰	ए बटन
🅱	बी बटन
🅾	चौकोर में ओ बटन
🅿	चौकोर में पी बटन, पार्किंग
🆎	एबी बटन
🆑	साफ़, क्लीयर, साफ़ चिह्न, CL
🆒	ठंडा, ठंडा चिह्न
🆓	निशुल्क चिह्न, शुल्क मुक्त
🆔	आईडी चिह्न, पहचान
🆕	चौकोर में नया चिह्न
🆖	चौकोर में ठीक नहीं चिह्न
🆗	चौकोर में ठीक चिह्न
🆘	चौकोर में SOS चिह्न, बचाओ
🆙	चौकोर में नई जानकारी, अपडेट चिह्न
🆚	चौकोर में विरुद्ध चिह्न
🇨🇶	सार्क द्वीप का झंडा
🈁	चौकोर में यहां के लिए जापानी चिह्न
🈂	चौकोर में यहां हेतु जापानी चिह्न
🈚	वर्ग में निषेध के लिए जापानी शब्द
🈯	चौकोर में अंगुली के लिए जापानी शब्द
🈲	वर्ग में निषिद्ध के लिए जापानी शब्द
🈳	वर्ग में खाली के लिए चीनी शब्द
🈴	वृत्त में एक साथ के लिए चीनी शब्द
🈵	वृत्त में संपूर्णता के लिए चीनी शब्द
🈶	चौकोर में अस्तित्व के लिए जापानी शब्द
🈷	चौकोर में चांद के लिए जापानी शब्द
🈸	वर्ग में लागू करें के लिए चीनी शब्द
🈹	चौकोर में विभाजन के लिए जापानी शब्द
🈺	वृत्त में क्रियान्वयन के लिए चीनी शब्द
🉐	वृत्त में लाभ के लिए जापानी शब्द
🉑	वृत्त में स्वीकृति के लिए चीनी शब्द
🀄	माहजोंग लाल दैत्य
🃏	जोकर कार्ड
🌀	चक्रवात, तूफ़ान
🌁	कुहासा, कोहरा
🌂	बंद छाता
🌃	रात के तारे, तारे, रात
🌄	पहाड़ में सूर्योदय
🌅	सूर्योदय, सुबह का सूरज
🌆	शाम का शहर
🌇	सूर्यास्त
🌈	इंद्रधनुष
🌉	रात में पुल
🌊	समुद्र की लहर
🌋	ज्वालामुखी
🌌	आकाशगंगा
🌍	ग्लोब, पृथ्वी, यूरोप, अफ़्रीका
🌎	ग्लोब, पृथ्वी, अमेरिकाज़, अमेरिका
🌏	ग्लोब, पृथ्वी, एशिया, ऑस्ट्रेलिया
🌐	ग्लोब, विश्व रेखाएं
🌑	नया चांद
🌒	दूज का चांद
🌓	कृष्ण पक्ष अर्धचंद्र
🌔	बढ़ता चांद
🌕	पूरा चांद
🌖	घटता चांद
🌗	शुक्ल पक्ष अर्धचंद्र
🌘	चापाकार घटता चांद
🌙	चापाकार चंद्र
🌚	नए चांद वाला चेहरा
🌛	चौथाई माह के चांद वाला दाईं ओर चेहरा
🌜	चौथाई माह के चांद वाला बाईं ओर चेहरा
🌝	पूरे चांद वाला चेहरा
🌞	सूर्य वाला चेहरा
🌟	चमकदार तारा
🌠	गिरता तारा
🌡	थर्मामीटर
🌤	छोटे बादल के पीछे सूर्य
🌥	बड़े बादल के पीछे सूर्य
🌦	बारिश वाले बादल के पीछे
🌧	बारिश के साथ बादल
🌨	बर्फ के साथ बादल
🌩	बिजली के साथ बादल
🌪	तूफ़ान
🌫	कोहरा
🌬	तिरछा चेहरा
🌭	हॉट डॉग
🌮	टैको
🌯	बरिटो
🌰	चेस्टनट
🌱	अंकुर
🌲	सदाबहार वृक्ष
🌳	छायादार पेड़
🌴	ताड़ का पेड़
🌵	कैक्टस
🌶	तीखी मिर्च
🌷	ट्यूलिप
🌸	चैरी ब्लॉसम
🌹	गुलाब
🌺	गुड़हल, हिबिस्कस
🌻	सूर्यमुखी
🌼	फूल खिलना
🌽	भुट्टा, मकई का भुट्टा
🌾	चावल का पौधा
🌿	जड़ी–बूटी, पत्ती
🍀	चार पत्ती वाली दूब
🍁	मैपल की पत्ती
🍂	गिरता हुई पत्तियां
🍃	हवा में पत्तियां
🍄	मशरूम
🍅	टमाटर
🍆	बैंगन
🍇	अंगूर, फल
🍈	खरबूजा, फल
🍉	तरबूज, फल
🍊	संतरा, फल
🍋	नीबू
🍌	केला, फल
🍍	अन्नानास, फल
🍎	लाल सेब, सेवफल, लाल, फल
🍏	हरा सेब, सेवफल, हरा, फल
🍐	नाशपाती, फल
🍑	आड़ू
🍒	चैरी
🍓	स्ट्रॉबेरी
🍔	हैमबर्गर
🍕	पिज़्ज़ा स्लाइस
🍖	हड्डी वाला मांस
🍗	चिकन लेग
🍘	राइस क्रैकर
🍙	राइस बॉल
🍚	पके हुए चावल
🍛	करी–चावल
🍜	भाप वाली बाउल
🍝	स्पैगेटी
🍞	ब्रेड
🍟	फ़्रेंच फ़्राइस
🍠	सिके शकरकंद
🍡	डैंगो
🍢	ओडेन
🍣	सुशी
🍤	तला झींगा
🍥	चक्करदार फ़िश केक
🍦	सॉफ़्ट आइसक्रीम
🍧	पीसी बर्फ़
🍨	आइसक्रीम
🍩	डोनट
🍪	कुकी
🍫	चॉकलेट बार
🍬	कैंडी
🍭	लॉलीपॉप
🍮	कस्टर्ड
🍯	शहद पात्र
🍰	शॉर्टकेक
🍱	बैंटो, बैंटो बॉक्स
🍲	स्ट्यू, भोजन पात्र
🍳	भोजन पकाना
🍴	फ़ोर्क और छुरी–चाकू
🍵	चाय का प्याला, चाय
🍶	सेक, सेक बोतल और कप
🍷	शराब का गिलास
🍸	कॉकटेल गिलास
🍹	ट्रॉपिकल पेय
🍺	बियर, बियर मग
🍻	बियर के दो मग
🍼	बच्चे के दूध की बोतल
🍽	प्लेट के साथ कांटा और छुरी
🍾	कॉक खुलती हुई बोतल
🍿	पॉपकॉर्न
🎀	रिबन
🎁	उपहार, पैक किया हुआ उपहार
🎂	जन्मदिन का केक
🎃	जैक–ओ–लैंटर्न, कंदील
🎄	क्रिसमस ट्री
🎅	सांता क्लाज
🎆	आतिशबाजी, समारोह
🎇	फुलझड़ी, आतिशबाजी
🎈	गुब्बारा
🎉	पार्टी पॉपर
🎊	कॉनफ़ेटी बॉल
🎋	पेड़ और कागज की पट्टियां
🎌	क्रॉस झंडे
🎍	पाइन सजावट, नववर्ष
🎎	जापानी गुड़िया
🎏	कार्प स्ट्रीमर
🎐	विंड चाइम, घंटी
🎑	चांद देखने का उत्सव
🎒	स्कूल का बस्ता
🎓	स्नातक टोप
🎖	सेना का पदक, पदक
🎗	रिमाइंडर रिबन
🎙	स्टूडियो माइक्रोफ़ोन, संगीत
🎚	लेवल स्लाइडर
🎛	नियंत्रक नॉब
🎞	फ़िल्म फ़्रेम
🎟	प्रवेश टिकट, टिकट
🎠	घोड़े वाला झूला
🎡	फ़ेरीज झूला
🎢	रोलर कोस्टर
🎣	मछली पकड़ने की रॉड और मछली
🎤	माइक्रोफ़ोन
🎥	मूवी कैमरा
🎦	सिनेमा, मूवी का चिह्न
🎧	हेडफ़ोन
🎨	रंग पट्टिका, कलाकार पैलेट
🎩	सरटोप
🎪	सर्कस टेंट
🎫	टिकट
🎬	क्लैपर बोर्ड
🎭	प्रदर्शन कला, मुखौटे
🎮	वीडियो गेम, कंट्रोलर
🎯	लक्ष्य पर निशाना
🎰	स्लॉट मशीन
🎱	बिलियर्ड
🎲	पासे, डाइस
🎳	बाउलिंग
🎴	फूल वाला पत्ता
🎵	संगीत के स्वर
🎶	संगीत के स्वर, नोट
🎷	सैक्सोफ़ोन
🎸	गिटार
🎹	संगीत कीबोर्ड
🎺	तुरही
🎻	वायलिन
🎼	संगीत स्कोर
🎽	रनिंग शर्ट
🎾	टेनिस
🎿	स्की, स्की और बूट
🏀	बास्केटबॉल, बास्केटबॉल गेंद
🏁	चौखाने वाला झंडा
🏂	स्नोबोर्डर
🏃	दौड़ता हुआ व्यक्ति
🏄	सर्फ़िंग करता व्यक्ति
🏅	खेल का पदक
🏆	ट्रॉफ़ी, पुरस्कार
🏇	घुड़दौड़
🏈	अमेरिकी फ़ुटबॉल
🏉	रग्बी गेंद
🏊	तैरता हुआ व्यक्ति
🏋	भार उठाता हुआ व्यक्ति
🏌	गोल्फ़ खेलता व्यक्ति
🏍	मोटर साइकिल
🏎	रेसिंग कार
🏏	क्रिकेट
🏐	वॉलीबॉल
🏑	फ़ील्ड हॉकी
🏒	आइस हॉकी स्टिक और पक
🏓	टेबल टेनिस, पिंग पॉंग
🏔	बर्फीले शिखर वाला पर्वत, बर्फ
🏕	तंबू, तंबू लगाना
🏖	छाते के साथ समुद्री किनारा, छाता
🏗	भवन निर्माण
🏘	घर की इमारतें, भवन
🏙	शहर की बनावट
🏚	वीरान घर का भवन, अकेली इमारत
🏛	वरेण्य इमारत का निर्माण
🏜	रेगिस्तान, मरुस्थल
🏝	रेगिस्तान में द्वीप, द्वीप
🏞	बगीचा, उद्यान
🏟	स्टेडियम
🏠	घर, भवन
🏡	बगीचे वाला घर
🏢	कार्यालय का भवन, कार्यालय
🏣	जापानी डाकघर, डाक भवन
🏤	डाकघर, यूरोपीय डाकघर
🏥	अस्पताल
🏦	बैंक, भवन
🏧	ATM का प्रतीक
🏨	होटल, भवन
🏩	प्रेम होटल
🏪	सुविधा स्टोर
🏫	स्कूल
🏬	किराना दुकान
🏭	फ़ैक्टरी, कारखाना
🏮	लाल कंदील, इज़ाकाया
🏯	जापानी किला
🏰	यूरोपीय किला
🏳	सफेद झंडा
🏴	काला झंडा
🏵	पुष्प, रिबन का पुष्प
🏷	लेबल
🏸	बैडमिंटन, रैकेट
🏹	तीर और कमान
🏺	शराब का कंटेनर, जग
🏻	गोरी त्वचा
🏼	हल्की गोरी त्वचा
🏽	गेहुंआ त्वचा
🏾	हल्की सांवली त्वचा
🏿	सांवली त्वचा
🐀	चूहा
🐁	मूषक
🐂	बैल
🐃	भैंस
🐄	गाय
🐅	शेर
🐆	तेंदुआ
🐇	खरगोश
🐈	बिल्ली
🐉	दैत्य
🐊	मगरमच्छ
🐋	ह्वेल
🐌	घोंघा
🐍	सांप
🐎	घोड़ा
🐏	मेष
🐐	बकरी
🐑	भेड़
🐒	बंदर
🐓	मुर्गा
🐔	मुर्गी
🐕	कुत्ता
🐖	सुअर
🐗	जंगली सुअर
🐘	हाथी
🐙	ऑक्टोपस
🐚	गोल शंख
🐛	इल्ली
🐜	चींटी
🐝	मधुमक्खी
🐞	लेडीबग
🐟	मछली
🐠	ऊष्णकटिबंधीय मछली
🐡	गुब्बारा मछली
🐢	कछुआ
🐣	अंडे से बाहर आता चूजा
🐤	मुर्गी का बच्चा
🐥	आगे मुंह वाला चूजा
🐦	चिड़िया
🐧	पेंग्विन
🐨	कोआला
🐩	छोटा कुत्ता
🐪	ऊंट
🐫	दो कूबड़ वाला ऊंट
🐬	डॉल्फ़िन
🐭	मूषक का चेहरा
🐮	गाय का चेहरा
🐯	शेर का चेहरा
🐰	खरगोश का चेहरा
🐱	बिल्ली का चेहरा
🐲	दैत्य का चेहरा
🐳	फुहार छोड़ती व्हेल
🐴	घोड़े का चेहरा
🐵	बंदर का चेहरा
🐶	कुत्ते का चेहरा
🐷	सुअर का चेहरा
🐸	मेढ़क का चेहरा
🐹	चूहे का चेहरा
🐺	सियार का चेहरा
🐻	भालू का चेहरा
🐼	पांडा का चेहरा
🐽	सुअर की नाक
🐾	पंजे की छाप
🐿	चीपमक
👀	आँखें
👁	आँख
👂	कान
👃	नाक
👄	मुँह
👅	जीभ
👆	पीछे का हाथ और ऊपर इशारा करती तर्जनी
👇	पीछे का हाथ और नीचे इशारा करती तर्जनी
👈	बाईं ओर इशारा करती तर्जनी
👉	दाईं ओर इशारा करती तर्जनी
👊	भींची मुट्ठी
👋	हाथ हिलाना
👌	ठीक का हाथ चिह्न
👍	थंब्स अप
👎	थंब्स डाउन
👏	हाथ की ताली का चिह्न
👐	खुले हाथ
👑	मुकुट
👒	महिला की हैट
👓	चश्मा
👔	नेकटाई
👕	टी–शर्ट
👖	जींस
👗	पोषाक
👘	किमोनो
👙	बिकनी
👚	महिला के कपड़े
👛	पर्स
👜	हैंडबैग
👝	पाउच
👞	पुरुषों का जूता
👟	एथलेटिक जूता
👠	ऊँची एड़ी का सैंडिल
👡	महिलाओं का सैंडल
👢	महिलाओं का बूट
👣	पदचिह्न
👤	ऊपर के शरीर की छाया
👥	ऊपर के शरीर की छायाएं
👦	लड़का
👧	लड़की
👨	पुरुष
👩	महिला
👪	परिवार
👫	हाथ में हाथ लिए महिला–पुरुष
👬	हाथ पकड़े दो पुरुष
👭	हाथ पकड़े दो महिलाएँ
👮	पुलिस अधिकारी
👯	खरगोश के कान वाले लोग
👰	पर्दे वाली दुल्हन
👱	भूरे बालों वाला आदमी
👲	चाइनीज़ कैप वाला पुरुष
👳	पगड़ी वाला आदमी
👴	बूढ़ा पुरुष
👵	बूढ़ी महिला
👶	शिशु
👷	निर्माण मजदूर
👸	राजकुमारी
👹	जापानी राक्षस
👺	जापानी पिशाच
👻	भूत
👼	नन्ही परी
👽	परग्रह प्राणी
👾	परग्रह दैत्य
👿	शैतान चेहरा
💀	खोपड़ी
💁	सूचना केंद्र का व्यक्ति
💂	गार्ड
💃	नाचती हुई महिला
💄	लिपस्टिक
💅	नेल पॉलिश
💆	मालिश करवाता व्यक्ति
💇	बाल कटवाता हुआ व्यक्ति
💈	बार्बर पोल
💉	सिरींज, सूई
💊	गोली
💋	चुंबन का निशान
💌	प्रेमपत्र
💍	अंगूठी
💎	रत्न
💏	चुंबन
💐	फूल, फूलगुच्छ
💑	दिल वाली जोड़ी
💒	विवाह धर्मस्थल
💓	धड़कता दिल
💔	टूटा दिल
💕	दो दिल
💖	रोमांचित दिल
💗	बढ़ता हुआ दिल
💘	दिल और तीर
💙	नीला दिल
💚	हरा दिल
💛	पीला दिल
💜	बैंगनी दिल
💝	रिबन वाला दिल
💞	घूमते दिल
💟	दिल की सजावट
💠	बिंदू वाला हीरा
💡	लाइट बल्ब, विचार
💢	गुस्से का चिह्न
💣	बम
💤	उनींदा
💥	टक्कर
💦	पसीने की बूंदें
💧	ठंडा पसीना
💨	दौड़ना
💩	मल का ढेर
💪	बाइसेप्स
💫	तारे दिखना
💬	संवाद बुलबुला
💭	विचार बुलबुला
💮	फूल की छाप
💯	सौ अंक
💰	पैसों की थैली, डॉलर बैग
💱	मुद्रा विनिमय
💲	डॉलर का चिह्न
💳	क्रेडिट कार्ड
💴	येन नोट, बैंकनोट
💵	डॉलर नोट, बैंकनोट
💶	यूरो नोट, यूरो
💷	पाउंड नोट, बैंकनोट
💸	पंखों वाले पैसे
💹	येन के साथ ऊपर जाता चार्ट
💺	सीट, कुर्सी
💻	पर्सनल कंप्यूटर, लैपटॉप
💼	ब्रीफ़केस
💽	मिनी डिस्क
💾	फ़्लॉपी डिस्क
💿	ऑप्टिकल डिस्क
📀	डीवीडी
📁	फ़ाइल फ़ोल्डर
📂	खुला फ़ाइल फ़ोल्डर
📃	मुड़ा हुआ पृष्ठ
📄	ऊपरी पृष्ठ
📅	कैलेंडर
📆	फ़ाड़ने वाला कैलेंडर
📇	कार्ड इंडेक्स
📈	बढ़ते रुझान वाला चार्ट
📉	घटते रुझान वाला चार्ट
📊	बार ग्राफ़, बार चार्ट
📋	क्लिपबोर्ड
📌	पुशपिन, पिन
📍	गोल पुशपिन
📎	पेपरक्लिप, क्लिप
📏	सीधा रूलर, पैमाना
📐	तिकोना रूलर, त्रिकोण
📑	बुकमार्क टैब
📒	लेजर, नोटबुक
📓	नोटबुक
📔	सजावटी कवर वाली नोटबुक
📕	बंद किताब
📖	खुली किताब
📗	हरी किताब
📘	नीली किताब
📙	नारंगी किताब
📚	किताबें
📛	नाम बैज, बैज
📜	स्क्रॉल, पेपर स्क्रॉल
📝	मेमो, मेमो पुस्तक
📞	टेलीफ़ोन रिसीवर
📟	पेजर
📠	फ़ैक्स
📡	सैटेलाइट एंटेना
📢	लाउडस्पीकर
📣	मेगाफ़ोन
📤	आउटबॉक्स ट्रे
📥	इनबॉक्स, प्राप्त मेल, मेल, प्राप्त, बॉक्स, ट्रे, संचार
📦	पैकेज
📧	ईमेल
📨	इनकमिंग लिफ़ाफ़ा
📩	जावक मेल, प्रेषित मेल
📪	झुके झंडे वाला मेलबॉक्स
📫	लहराते झंडे वाला मेलबॉक्स
📬	लहराते झंडे वाला खुला मेलबॉक्स
📭	झुके झंडे वाला खुला मेलबॉक्स
📮	पोस्ट बॉक्स
📯	पोस्टल हॉर्न
📰	समाचारपत्र
📱	सेल फ़ोन, मोबाइल फ़ोन
📲	तीर के साथ सेल फ़ोन
📳	कंपन मोड, वाइब्रेशन मोड
📴	सेल फ़ोन बंद
📵	सेल फ़ोन निषिद्ध, कॉल न करें
📶	एंटेना संकेत
📷	कैमरे
📸	फ़्लैश वाला कैमरा, कैमरा
📹	वीडियो कैमरा, कैमरा
📺	टीवी, टेलीविज़न
📻	रेडियो
📼	वीडियो टेप
📽	फ़िल्म प्रोजेक्टर, सिनेमा
📿	प्रार्थना के मनक
🔀	काटते हुए दाएं तीर
🔁	घड़ी की दिशा में तीर
🔂	एक बार दोहराने वाला बटन
🔃	पुनः लोड करें, लंबवत दक्षिणावर्त तीर
🔄	घड़ी की विपरीत दिशा में तीर, वामावर्त
🔅	कम चमक, मंद चमक
🔆	अधिक चमक
🔇	म्यूट किया स्पीकर
🔈	स्पीकर, लाउडस्पीकर
🔉	स्पीकर मीडियम वॉल्यूम
🔊	अधिक आवाज़ में स्पीकर
🔋	बैटरी
🔌	बिजली का प्लग
🔍	बाईं ओर झुका आवर्धक कांच
🔎	दाईं ओर झुका आवर्धक कांच
🔏	स्याही वाले पेन के साथ ताला
🔐	चाबी के साथ बंद ताला
🔑	चाबी
🔒	ताला, बंद ताला
🔓	ताला, खुला ताला
🔔	घंटी
🔕	स्लैश के साथ घंटी
🔖	बुकमार्क
🔗	लिंक, कड़ी का चिह्न
🔘	रेडियो बटन
🔙	वापस, वापस तीर
🔚	समाप्ति तीर, बाएं तीर के साथ समाप्ति
🔛	चालू तीर, विस्मय चिह्न और तीर के साथ चालू
🔜	जल्दी चिह्न, दाएं तीर के साथ जल्दी
🔝	शीर्ष चिह्न, ऊपर तीर के साथ शीर्ष
🔞	अठारह वर्ष से कम आयु वालों के लिए निषिद्ध
🔟	दस की कुंजी
🔠	लैटिन अपरकेस डालें
🔡	लैटिन लोअरकेस डालें
🔢	संख्याएं, अंक डालें
🔣	प्रतीक, प्रतीक डालें
🔤	लैटिन वर्ण डालें
🔥	आग
🔦	फ़्लैशलाइट, टॉर्च
🔧	पाना, रैंच
🔨	हथौड़ा
🔩	नट और बोल्ट
🔪	खाना बनाने का चाकू
🔫	पिस्तौल
🔬	माइक्रोस्कोप
🔭	दूरबीन
🔮	क्रिस्टल बॉल, भविष्य देखना
🔯	छह मुखी तारा, भविष्य
🔰	हरी और पीली पत्ती, शुरुआतकर्ता के लिए जापानी चिह्न
🔱	त्रिशूल का चिह्न, एंकर
🔲	वर्ग बटन
🔳	सफेद वर्ग बटन
🔴	बड़ा लाल गोला
🔵	बड़ा नीला गोला
🔶	बड़ा नारंगी हीरा
🔷	बड़ा नीला हीरा
🔸	छोटा नारंगी हीरा
🔹	छोटा नीला हीरा
🔺	ऊपर दिखाता लाल त्रिभुज
🔻	नीचे दिखाता लाल त्रिभुज
🔼	ऊपर त्रिभुज बटन
🔽	नीचे त्रिभुज बटन
🕉	ॐ, हिंदू धर्म
🕊	कबूतर
🕋	काबा, मुस्लिम धर्म
🕌	मस्जिद, इस्लाम धर्म
🕍	यहूदी प्रार्थनागृह
🕎	दीपाधार, मोमबत्ती
🕐	एक बजे
🕑	दो बजे
🕒	तीन बजे
🕓	चार बजे
🕔	पाँच बजे
🕕	छह बजे
🕖	सात बजे
🕗	आठ बजे
🕘	नौ बजे
🕙	दस बजे
🕚	ग्यारह बजे
🕛	बारह बजे
🕜	डेढ़ बजे
🕝	ढाई बजे
🕞	साढ़े तीन बजे
🕟	साढ़े चार बजे
🕠	साढ़े पाँच बजे
🕡	साढ़े छह बजे
🕢	साढ़े सात बजे
🕣	साढ़े आठ बजे
🕤	साढ़े नौ बजे
🕥	साढ़े दस बजे
🕦	साढ़े ग्यारह बजे
🕧	साढ़े बारह बजे
🕯	मोमबत्ती
🕰	मेंटलपीस घड़ी
🕳	छिद्र
🕴	सूट वाला व्यक्ति
🕵	जासूस
🕶	धूप का चश्मा
🕷	मकड़ी
🕸	मकड़ी का जाला
🕹	जॉयस्टिक, गेम, वीडियो गेम
🕺	नाचता हुआ पुरुष
🖇	लिंक किए गए पेपरक्लिप
🖊	बॉलपेन
🖋	स्याही पेन, पेन
🖌	पेंटब्रश, पेंटिंग
🖍	क्रेयॉन
🖐	फैली हुई अँगुलियों वाला उठा हुआ हाथ
🖕	बीच की अँगुली
🖖	सेल्यूट का एक तरीका
🖤	काला दिल
🖥	डेस्कटॉप, कंप्यूटर
🖨	प्रिंटर
🖱	माउस
🖲	ट्रैकबॉल
🖼	फ़्रेम वाला चित्र
🗂	कार्ड विभाजक, अनुक्रम
🗃	कार्ड फ़ाइल बॉक्स
🗄	फ़ाइल कैबिनेट
🗑	कचरे की टोकरी, कचरा पेटी
🗒	स्पाइरल नोटपैड, नोट, पैड
🗓	स्पाइरल कैलेंडर, पैड
🗜	संपीड़न
🗝	पुरानी चाबी, पुराना
🗞	रोल किया हुआ समाचारपत्र
🗡	छुरी, कटार
🗣	बोलता चेहरा
🗨	बायाँ स्पीच बबल
🗯	दायाँ गुस्से वाला बबल
🗳	मतपत्र के साथ मतपेटी
🗺	विश्व मानचित्र, विश्व
🗻	माउंट फ़ूजी
🗼	टोक्यो टॉवर
🗽	स्टेच्यू ऑफ़ लिबर्टी
🗾	जापान का नक्शा
🗿	मोए
😀	दाँत दिखाता चेहरा
😁	मुस्काती आँखों के साथ खींसें निपोरना
😂	खुशी के आँसुओं वाला चेहरा
😃	बड़ी आँखों वाला दाँत दिखाता चेहरा
😄	मुस्कुराती आँखों वाला दाँत दिखाता चेहरा
😅	दाँत दिखाता पसीने वाला चेहरा
😆	बंद आँखों वाला दाँत दिखाता चेहरा
😇	प्रभामंडल वाली मुस्कान वाला चेहरा
😈	सींग वाली मुस्कान वाला चेहरा
😉	आँख मारता चेहरा
😊	मुस्काती आँखों वाला मुस्काता चेहरा
😋	स्वादिष्ट खाने का मज़ा लेता चेहरा
😌	चिंतामुक्त चेहरा
😍	दिल के आकार वाली आँखों वाला मुस्काता चेहरा
😎	धूप के चश्मे के साथ मुस्काता चेहरा
😏	बनावटी हँसी वाला चेहरा
😐	भावहीन चेहरा
😑	अभिव्यक्तिरहित चेहरा
😒	अप्रसन्न चेहरा
😓	ठंडे पसीने वाला उदास चेहरा
😔	निरुत्साहित चेहरा
😕	परेशान चेहरा
😖	हैरान चेहरा
😗	चुंबन वाला चेहरा
😘	चुंबन देता चेहरा
😙	मुस्काती आँखो के साथ चुंबन वाला चेहरा
😚	आँख बंद करके चूमता चेहरा
😛	बाहर लटकी हुई जीभ वाला चेहरा
😜	आँख मारते हुए और जीभ बाहर निकालता चेहरा
😝	बंद आँखों के साथ जीभ बाहर निकालता चेहरा
😞	निराश चेहरा
😟	चिंतित चेहरा
😠	गुस्सैल चेहरा
😡	खीझ में लाल चेहरा
😢	रोता चेहरा
😣	हठी चेहरा
😤	विजयी मुद्रा वाला चेहरा
😥	निराश लेकिन चिंतामुक्त चेहरा
😦	खुले मुँह वाला त्यौरी चढ़ाता चेहरा
😧	दुखी चेहरा
😨	डरा हुआ चेहरा
😩	घबराया चेहरा
😪	उनींदा चेहरा
😫	थका चेहरा
😬	मुंह बनाता चेहरा
😭	ज़ोर–ज़ोर से रोता चेहरा
😮	खुले मुँह वाला चेहरा
😯	आश्चर्यचकित चेहरा
😰	ठंडे पसीने वाला नीला चेहरा
😱	डर से चिल्लाता चेहरा
😲	पूरी तरह स्तंभित चेहरा
😳	विस्मित चेहरा
😴	सोया हुआ चेहरा
😵	चक्कर खाता चेहरा
😶	बिना मुँह का चेहरा
😷	चिकित्सा मास्क वाला चेहरा
😸	दाँत दिखाती और मुस्काती आँखों वाली बिल्ली का चेहरा
😹	खुशी के आँसू वाली बिल्ली का चेहरा
😺	मुस्काती आँखों वाली बिल्ली का चेहरा
😻	दिल जैसी आँखों वाली मुस्काती बिल्ली
😼	व्यंग्यपूर्ण मुस्कान वाली बिल्ली का चेहरा
😽	आँखें बंद करके चूमती बिल्ली का चेहरा
😾	खीझभरी बिल्ली का चेहरा
😿	रोती बिल्ली का चेहरा
🙀	आश्चर्यचकित बिल्ली का चेहरा
🙁	कम क्रोधित चेहरा
🙂	हल्की मुस्कान वाला चेहरा
🙃	उल्टा चेहरा
🙄	ऊपर देखती आँखों वाला चेहरा
🙅	नहीं कहता हुआ व्यक्ति
🙆	ठीक है कहता हुआ व्यक्ति
🙇	झुका हुआ व्यक्ति
🙈	बुरा मत देखो, गांधी जी का बन्दर
🙉	बुरा मत सुनो, गांधी जी का बन्दर
🙊	बुरा मत बोलो, गांधी जी का बन्दर
🙋	हाथ उठाता खुश व्यक्ति
🙌	खुश होकर दोनों हाथ उठाना
🙍	नाक–भौं चढ़ाया व्यक्ति
🙎	खीझा व्यक्ति
🙏	अभिवादन
🚀	रॉकेट, वाहन
🚁	हेलीकॉप्टर, वाहन
🚂	भाप इंजन, लोकोमोटिव
🚃	ट्रेन, बिजली वाली ट्रेन
🚄	तेज़ गति वाली ट्रेन, शिंकानसेन
🚅	बुलेट नोज़ के साथ शिंकानसेन, ट्रेन
🚆	ट्रेन
🚇	सबवे, मेट्रो
🚈	हल्की रेल
🚉	स्टेशन
🚊	ट्राम
🚋	ट्राम कार
🚌	बस
🚍	आती हुई बस
🚎	ट्रॉलीबस
🚏	बस स्टॉप
🚐	मिनीबस
🚑	एंबुलेंस
🚒	अग्निशामक, दमकल
🚓	पुलिस कार
🚔	आती हुई पुलिस कार
🚕	टैक्सी
🚖	आती हुई टैक्सी
🚗	ऑटोमोबाइल, कार
🚘	आती हुई कार
🚙	शौकिया वाहन
🚚	डिलीवरी ट्रक
🚛	लॉरी, आर्टिक्यूलेटेड लॉरी
🚜	ट्रैक्टर
🚝	मोनोरेल
🚞	माउंटेन रेलवे
🚟	सस्पेंशन रेलवे, रेलवे
🚠	माउंटेन केबलवे, पहाड़ी केबल कार
🚡	केबल कार, एरियल ट्रामवे
🚢	जहाज़, वाहन
🚣	चप्पू से नाव चलाता व्यक्ति
🚤	स्पीडबोट, नाव
🚥	ट्रैफ़िक लाइट, क्षैतिज यातायात संकेत
🚦	ट्रैफ़िक लाइट, उर्ध्वाधर यातायात संकेत
🚧	निर्माण चालू, निर्माण का संकेत
🚨	घूमने वाली लाइट, पुलिस लाइट
🚩	तिकोना झंडा
🚪	दरवाजा
🚫	प्रवेश निषेध का चिह्न, प्रवेश निषेध
🚬	धूम्रपान
🚭	धूम्रपान निषेध का चिह्न, धूम्रपान निषेध
🚮	लिटरबॉक्स चिह्न
🚯	गंदगी न करें, गंदगी नहीं
🚰	पीने का पानी
🚱	पानी पीने योग्य नहीं
🚲	बाइक, साइकिल
🚳	बाइक निषेध, साइकिल निषेध
🚴	साइकिल चलाता व्यक्ति
🚵	पहाड़ पर साइकिल चलाता व्यक्ति
🚶	पैदल चलता व्यक्ति
🚷	पदयात्री निषेध, पैदल चलने की अनुमति नहीं
🚸	बच्चे निकल रहे हैं
🚹	पुरुष कक्ष
🚺	महिला कक्ष
🚻	सुविधाघर
🚼	गाड़ी में शिशु है
🚽	शौचालय
🚾	वॉटर क्लोसेट
🚿	स्नान
🛀	नहाता हुआ व्यक्ति
🛁	बाथ टब
🛂	पासपोर्ट नियंत्रण
🛃	कस्टम
🛄	सामान वापसी
🛅	सामान सेवा
🛋	सोफ़ा और लैंप
🛌	बिस्तर में सोता व्यक्ति
🛍	शॉपिंग बैग
🛎	बेलहॉप घंटी, होटल
🛏	बिस्तर
🛐	आराधना स्थल, पूजा
🛑	रुकने का संकेत
🛒	शॉपिंग कार्ट
🛕	हिंदू मंदिर
🛖	झोपड़ी
🛗	एलिवेटर
🛜	वायरलेस
🛝	फिसल पट्टी
🛞	पहिया
🛟	पानी पर तैरने वाला टायर
🛠	हथौड़ा और पाना
🛡	ढाल
🛢	तेल की टंकी, तेल
🛣	हाइवे, मोटर का रास्ता
🛤	रेल की पटरी, ट्रेन
🛥	मोटर बोट
🛩	छोटा हवाई जहाज़
🛫	हवाई जहाज़, हवाई जहाज़ का जाना
🛬	हवाई जहाज़, हवाई जहाज़ का आना
🛰	उपग्रह, अंतरिक्ष
🛳	यात्री जहाज
🛴	किक स्कूटर
🛵	मोटर स्कूटर
🛶	डोंगी
🛷	बर्फ़गाड़ी
🛸	उड़न तश्तरी
🛹	स्केटबोर्ड
🛺	ऑटो रिक्शा
🛻	पिकअप ट्रक
🛼	पहिये वाला जूता
🟠	नारंगी रंग का वृत्त
🟡	पीला वृत्त
🟢	हरा वृत्त
🟣	बैंगनी वृत्त
🟤	भूरा वृत्त
🟥	लाल वर्ग
🟦	नीला वर्ग
🟧	नारंगी रंग का वर्ग
🟨	पीला वर्ग
🟩	हरा वर्ग
🟪	बैंगनी वर्ग
🟫	भूरा वर्ग
🟰	मोटा बराबर चिह्न
🤌	सिकोड़ी हुई अंगुलियाँ
🤍	सफ़ेद दिल
🤎	भूरा दिल
🤏	थोड़ा सा
🤐	ज़िपर-मुँह वाला चेहरा
🤑	धनयुक्त चेहरा
🤒	थर्मामीटर वाला चेहरा
🤓	मूर्खता के भाव वाला चेहरा
🤔	सोचता हुआ चेहरा
🤕	सिर पर पट्टी वाला चेहरा
🤖	रोबोट चेहरा
🤗	गले लगाता हुआ चेहरा
🤘	सींग का चिन्ह
🤙	कॉल करने का संकेत
🤚	उठे हुए हाथ के पीछे का भाग
🤛	बाईं ओर मुठ्ठी
🤜	दाईं ओर मुठ्ठी
🤝	हाथ मिलाना
🤞	क्रॉस बनाती अंगुलियाँ
🤟	किसी से प्यार जताने के हावभाव
🤠	काउबॉय हैट के साथ चेहरा
🤡	जोकर चेहरा
🤢	उल्टी करता चेहरा
🤣	हंसते हंसते लोट-पोट होना
🤤	लार टपकता चेहरा
🤥	झूठ बोलता चेहरा
🤦	माथे पर हाथ
🤧	छींकता चेहरा
🤨	तनी हुई भौहों वाला चेहरा
🤩	सितारा आँखें
🤪	अजीबोगरीब मज़ाकिया चेहरा
🤫	शांत रहने का इशारा करता हुआ चेहरा
🤬	मुँह पर निशान वाला चेहरा
🤭	मुँह पर हाथ रखे हुए चेहरा
🤮	उल्टी करता हुआ चेहरा
🤯	विस्फोट करता हुआ सर
🤰	गर्भवती महिला
🤱	स्तनपान
🤲	हथेलियों को एकसाथ ऊपर करना
🤳	सेल्फी
🤴	राजकुमार
🤵	सूट बूट में आदमी
🤶	मिसेज़ क्लाज
🤷	कंधा उचकाता व्यक्ति
🤸	कलाबाज़ी करता व्यक्ति
🤹	करतब दिखाता व्यक्ति
🤺	तलवारबाज़
🤼	पहलवान
🤽	वाटर पोलो खेलता व्यक्ति
🤾	हैंडबॉल खेलता व्यक्ति
🤿	ग़ोताख़ोरी वाला मास्क
🥀	मुरझाया हुआ फूल
🥁	ड्रम
🥂	टकराते हुए ग्लास
🥃	गिलास
🥄	चम्मच
🥅	गोल नेट
🥇	स्वर्ण पदक
🥈	रजत पदक
🥉	कांस्य पदक
🥊	मुक्केबाज़ी के दस्ताने
🥋	मार्शल आर्ट की वर्दी
🥌	कर्लिंग स्टोन
🥍	लाक्रोस
🥎	सॉफ़्टबॉल
🥏	फ़्लाइंग डिस्क
🥐	क्रोइसैन
🥑	अवोकाडो
🥒	खीरा
🥓	बेकन
🥔	आलू
🥕	गाजर
🥖	बीगट ब्रेड
🥗	हरा सलाद
🥘	हल्का तला खाना
🥙	भरा हुआ पराठा
🥚	अंडा
🥛	दूध का गिलास
🥜	मूंगफली
🥝	कीवी फल
🥞	पैनकेक
🥟	भरावनयुक्त मीठी या नमकीन पकौड़ियाँ
🥠	फॉर्चून कुकी
🥡	टेकआउट बॉक्स
🥢	चॉपस्टिक
🥣	चम्मच के साथ कटोरी
🥤	स्ट्रॉ के साथ कप
🥥	नारियल
🥦	ब्रोकली
🥧	पाई
🥨	प्रेटज़ेल
🥩	गोश्त का टुकड़ा
🥪	सैंडविच
🥫	डिब्बा बंद खाद्य सामग्री
🥬	हरी पत्तेदार
🥭	आम
🥮	मून केक
🥯	बैगल
🥰	प्यार में डूबा चेहरा
🥱	उबासी लेता चेहरा
🥲	आँसुओं वाला मुस्काता चेहरा
🥳	उत्सवी चेहरा
🥴	चकराया हुआ चेहरा
🥵	गर्मी से लाल चेहरा
🥶	ठंड से जमा हुआ चेहरा
🥷	निंजा
🥸	छिपाया हुआ चेहरा
🥹	आंसू रोकता चेहरा
🥺	करुण चेहरा
🥻	साड़ी
🥼	लैब कोट
🥽	गॉगल
🥾	हाइकिंग बूट
🥿	फ़्लैट जूती
🦀	केकड़ा
🦁	शेर जैसा चेहरा
🦂	बिच्छू, वृश्चिक राशि
🦃	टर्की
🦄	यूनिकॉर्न
🦅	बाज
🦆	बतख
🦇	चमगादड़
🦈	शार्क
🦉	उल्लू
🦊	लोमड़ी जैसा चेहरा
🦋	तितली
🦌	हिरण
🦍	गोरिल्ला
🦎	छिपकली
🦏	गैंडा
🦐	झींगा
🦑	स्क्वीड
🦒	जिराफ़
🦓	ज़ीब्रा
🦔	साही
🦕	सोरोपॉड
🦖	टी-रेक्स
🦗	टिड्डा, झींगुर
🦘	कंगारू
🦙	लामा
🦚	मोर
🦛	दरियाई घोड़ा
🦜	तोता
🦝	रकून
🦞	झींगा मछली
🦟	मच्छर
🦠	रोगाणु
🦡	बिज्जू
🦢	हंस
🦣	मैमथ
🦤	डोडो
🦥	आलस्य
🦦	ऊदबिलाव
🦧	वनमानुष
🦨	स्कंक
🦩	लाल हंस
🦪	सीप
🦫	बीवर
🦬	बायसन
🦭	सील
🦮	मर्गदर्शक कुत्ता
🦯	नेत्रहीन की छड़ी
🦰	लाल बाल
🦱	घुंघराले बाल
🦲	गंजा
🦳	सफ़ेद बाल
🦴	हड्डी
🦵	पैर
🦶	पाँव
🦷	दाँत
🦸	सुपरहीरो
🦹	सुपरविलेन
🦺	रक्षा जैकेट
🦻	श्रवण यंत्र लगा कान
🦼	मोटर व्हीलचेयर
🦽	हस्तचालित व्हीलचेयर
🦾	यांत्रिक हाथ
🦿	यांत्रिक पैर
🧀	पनीर का टुकड़ा
🧁	कपकेक
🧂	नमक
🧃	जूस का डब्बा
🧄	लहसुन
🧅	प्याज़
🧆	फ़लाफ़ेल
🧇	वफ़ल
🧈	मक्खन
🧉	मेट
🧊	आइस क्यूब
🧋	बुलबुला चाय
🧌	ट्रॉल
🧍	खड़ा हुआ व्यक्ति
🧎	घुटनों के बल बैठा व्यक्ति
🧏	बहरा व्यक्ति
🧐	एक आँख में चश्मा पहने चेहरा
🧑	वयस्क
🧒	बच्चा
🧓	वृद्ध वयस्क
🧔	दाढ़ी वाला आदमी
🧕	सर पर स्कार्फ़ पहनने वाली महिला
🧖	भाप से भरे कमरे में कोई व्यक्ति
🧗	चढ़ाई करता हुआ व्यक्ति
🧘	पद्मासन में बैठा व्यक्ति
🧙	जादूगर, करामाती
🧚	परी
🧛	वैम्पायर
🧜	मत्स्यमानव
🧝	जादुई प्राणी
🧞	जिन्न
🧟	ज़ॉम्बी
🧠	मस्तिष्क, दिमाग
🧡	नारंगी दिल
🧢	बिल कैप
🧣	स्कार्फ़
🧤	दस्ताने
🧥	कोट
🧦	मोज़े
🧧	लाल लिफ़ाफ़ा
🧨	पटाखे
🧩	जिग्सॉ
🧪	टेस्ट ट्यूब
🧫	पेट्री डिश
🧬	डीएनए
🧭	कंपस
🧮	अबैकस
🧯	अग्निशामक
🧰	टूलबॉक्स
🧱	ईंट
🧲	चुंबक
🧳	सामान
🧴	लोशन की बोतल
🧵	धागा
🧶	सूत
🧷	सेफ़्टी पिन
🧸	टेडी बेअर
🧹	झाड़ू
🧺	बास्केट
🧻	पेपर का रोल
🧼	साबुन
🧽	स्पंज
🧾	रसीद
🧿	नज़र तावीज़
🇦🇨	असेंशन द्वीप का झंडा
🇦🇩	एंडोरा का झंडा
🇦🇪	संयुक्त अरब अमीरात का झंडा
🇦🇫	अफ़गानिस्तान का झंडा
🇦🇬	एंटिगुआ और बरबुडा का झंडा
🇦🇮	एंग्विला का झंडा
🇦🇱	अल्बानिया का झंडा
🇦🇲	आर्मेनिया का झंडा
🇦🇴	अंगोला का झंडा
🇦🇶	अंटार्कटिका का झंडा
🇦🇷	अर्जेंटीना का झंडा
🇦🇸	अमेरिकी समोआ का झंडा
🇦🇹	ऑस्ट्रिया का झंडा
🇦🇺	ऑस्ट्रेलिया का झंडा
🇦🇼	अरूबा का झंडा
🇦🇽	एलैंड द्वीपसमूह का झंडा
🇦🇿	अज़रबैजान का झंडा
🇧🇦	बोस्निया और हर्ज़ेगोविना का झंडा
🇧🇧	बारबाडोस का झंडा
🇧🇩	बांग्लादेश का झंडा
🇧🇪	बेल्जियम का झंडा
🇧🇫	बुर्किना फ़ासो का झंडा
🇧🇬	बुल्गारिया का झंडा
🇧🇭	बहरीन का झंडा
🇧🇮	बुरुंडी का झंडा
🇧🇯	बेनिन का झंडा
🇧🇱	सेंट बार्थेलेमी का झंडा
🇧🇲	बरमूडा का झंडा
🇧🇳	ब्रूनेई का झंडा
🇧🇴	बोलीविया का झंडा
🇧🇶	कैरिबियन नीदरलैंड का झंडा
🇧🇷	ब्राज़ील का झंडा
🇧🇸	बहामास का झंडा
🇧🇹	भूटान का झंडा
🇧🇻	बोवेत द्वीप का झंडा
🇧🇼	बोत्स्वाना का झंडा
🇧🇾	बेलारूस का झंडा
🇧🇿	बेलीज़ का झंडा
🇨🇦	कनाडा का झंडा
🇨🇨	कोकोस (कीलिंग) द्वीपसमूह का झंडा
🇨🇩	कांगो - किंशासा का झंडा
🇨🇫	मध्य अफ़्रीकी गणराज्य का झंडा
🇨🇬	कांगो – ब्राज़ाविल का झंडा
🇨🇭	स्विट्ज़रलैंड का झंडा
🇨🇮	कोट डी आइवर का झंडा
🇨🇰	कुक द्वीपसमूह का झंडा
🇨🇱	चिली का झंडा
🇨🇲	कैमरून का झंडा
🇨🇳	चीन का झंडा
🇨🇴	कोलंबिया का झंडा
🇨🇵	क्लिपर्टन द्वीप का झंडा
🇨🇷	कोस्टारिका का झंडा
🇨🇺	क्यूबा का झंडा
🇨🇻	केप वर्ड का झंडा
🇨🇼	क्यूरासाओ का झंडा
🇨🇽	क्रिसमस द्वीप का झंडा
🇨🇾	साइप्रस का झंडा
🇨🇿	चेकिया का झंडा
🇩🇪	जर्मनी का झंडा
🇩🇬	डिएगो गार्सिया का झंडा
🇩🇯	जिबूती का झंडा
🇩🇰	डेनमार्क का झंडा
🇩🇲	डोमिनिका का झंडा
🇩🇴	डोमिनिकन गणराज्य का झंडा
🇩🇿	अल्जीरिया का झंडा
🇪🇦	सेउटा और मेलिला का झंडा
🇪🇨	इक्वाडोर का झंडा
🇪🇪	एस्टोनिया का झंडा
🇪🇬	मिस्र का झंडा
🇪🇭	पश्चिमी सहारा का झंडा
🇪🇷	इरिट्रिया का झंडा
🇪🇸	स्पेन का झंडा
🇪🇹	इथियोपिया का झंडा
🇪🇺	यूरोपीय संघ का झंडा
🇫🇮	फ़िनलैंड का झंडा
🇫🇯	फ़िजी का झंडा
🇫🇰	फ़ॉकलैंड द्वीपसमूह का झंडा
🇫🇲	माइक्रोनेशिया का झंडा
🇫🇴	फ़ेरो द्वीपसमूह का झंडा
🇫🇷	फ़्रांस का झंडा
🇬🇦	गैबॉन का झंडा
🇬🇧	यूनाइटेड किंगडम का झंडा
🇬🇩	ग्रेनाडा का झंडा
🇬🇪	जॉर्जिया का झंडा
🇬🇫	फ़्रेंच गुयाना का झंडा
🇬🇬	गर्नसी का झंडा
🇬🇭	घाना का झंडा
🇬🇮	जिब्राल्टर का झंडा
🇬🇱	ग्रीनलैंड का झंडा
🇬🇲	गाम्बिया का झंडा
🇬🇳	गिनी का झंडा
🇬🇵	ग्वाडेलूप का झंडा
🇬🇶	इक्वेटोरियल गिनी का झंडा
🇬🇷	यूनान का झंडा
🇬🇸	दक्षिण जॉर्जिया और दक्षिण सैंडविच द्वीपसमूह का झंडा
🇬🇹	ग्वाटेमाला का झंडा
🇬🇺	गुआम का झंडा
🇬🇼	गिनी-बिसाउ का झंडा
🇬🇾	गुयाना का झंडा
🇭🇰	हाँग काँग (चीन विशेष प्रशासनिक क्षेत्र) का झंडा
🇭🇲	हर्ड द्वीप और मैकडोनॉल्ड द्वीपसमूह का झंडा
🇭🇳	होंडूरास का झंडा
🇭🇷	क्रोएशिया का झंडा
🇭🇹	हैती का झंडा
🇭🇺	हंगरी का झंडा
🇮🇨	कैनेरी द्वीपसमूह का झंडा
🇮🇩	इंडोनेशिया का झंडा
🇮🇪	आयरलैंड का झंडा
🇮🇱	इज़राइल का झंडा
🇮🇲	आइल ऑफ़ मैन का झंडा
🇮🇳	भारत का झंडा
🇮🇴	ब्रिटिश हिंद महासागरीय क्षेत्र का झंडा
🇮🇶	इराक का झंडा
🇮🇷	ईरान का झंडा
🇮🇸	आइसलैंड का झंडा
🇮🇹	इटली का झंडा
🇯🇪	जर्सी का झंडा
🇯🇲	जमैका का झंडा
🇯🇴	जॉर्डन का झंडा
🇯🇵	जापान का झंडा
🇰🇪	केन्या का झंडा
🇰🇬	किर्गिज़स्तान का झंडा
🇰🇭	कंबोडिया का झंडा
🇰🇮	किरिबाती का झंडा
🇰🇲	कोमोरोस का झंडा
🇰🇳	सेंट किट्स और नेविस का झंडा
🇰🇵	उत्तर कोरिया का झंडा
🇰🇷	दक्षिण कोरिया का झंडा
🇰🇼	कुवैत का झंडा
🇰🇾	कैमेन द्वीपसमूह का झंडा
🇰🇿	कज़ाखस्तान का झंडा
🇱🇦	लाओस का झंडा
🇱🇧	लेबनान का झंडा
🇱🇨	सेंट लूसिया का झंडा
🇱🇮	लिचेंस्टीन का झंडा
🇱🇰	श्रीलंका का झंडा
🇱🇷	लाइबेरिया का झंडा
🇱🇸	लेसोथो का झंडा
🇱🇹	लिथुआनिया का झंडा
🇱🇺	लग्ज़मबर्ग का झंडा
🇱🇻	लातविया का झंडा
🇱🇾	लीबिया का झंडा
🇲🇦	मोरक्को का झंडा
🇲🇨	मोनाको का झंडा
🇲🇩	मॉल्डोवा का झंडा
🇲🇪	मोंटेनेग्रो का झंडा
🇲🇫	सेंट मार्टिन का झंडा
🇲🇬	मेडागास्कर का झंडा
🇲🇭	मार्शल द्वीपसमूह का झंडा
🇲🇰	मकदूनिया का झंडा
🇲🇱	माली का झंडा
🇲🇲	म्यांमार (बर्मा) का झंडा
🇲🇳	मंगोलिया का झंडा
🇲🇴	मकाऊ (विशेष प्रशासनिक क्षेत्र चीन) का झंडा
🇲🇵	उत्तरी मारियाना द्वीपसमूह का झंडा
🇲🇶	मार्टीनिक का झंडा
🇲🇷	मॉरिटानिया का झंडा
🇲🇸	मोंटसेरात का झंडा
🇲🇹	माल्टा का झंडा
🇲🇺	मॉरीशस का झंडा
🇲🇻	मालदीव का झंडा
🇲🇼	मलावी का झंडा
🇲🇽	मैक्सिको का झंडा
🇲🇾	मलेशिया का झंडा
🇲🇿	मोज़ांबिक का झंडा
🇳🇦	नामीबिया का झंडा
🇳🇨	न्यू कैलेडोनिया का झंडा
🇳🇪	नाइजर का झंडा
🇳🇫	नॉरफ़ॉक द्वीप का झंडा
🇳🇬	नाइजीरिया का झंडा
🇳🇮	निकारागुआ का झंडा
🇳🇱	नीदरलैंड का झंडा
🇳🇴	नॉर्वे का झंडा
🇳🇵	नेपाल का झंडा
🇳🇷	नाउरु का झंडा
🇳🇺	नीयू का झंडा
🇳🇿	न्यूज़ीलैंड का झंडा
🇴🇲	ओमान का झंडा
🇵🇦	पनामा का झंडा
🇵🇪	पेरू का झंडा
🇵🇫	फ़्रेंच पोलिनेशिया का झंडा
🇵🇬	पापुआ न्यू गिनी का झंडा
🇵🇭	फ़िलिपींस का झंडा
🇵🇰	पाकिस्तान का झंडा
🇵🇱	पोलैंड का झंडा
🇵🇲	सेंट पिएरे और मिक्वेलान का झंडा
🇵🇳	पिटकैर्न द्वीपसमूह का झंडा
🇵🇷	पोर्टो रिको का झंडा
🇵🇸	फ़िलिस्तीनी क्षेत्र का झंडा
🇵🇹	पुर्तगाल का झंडा
🇵🇼	पलाऊ का झंडा
🇵🇾	पराग्वे का झंडा
🇶🇦	क़तर का झंडा
🇷🇪	रियूनियन का झंडा
🇷🇴	रोमानिया का झंडा
🇷🇸	सर्बिया का झंडा
🇷🇺	रूस का झंडा
🇷🇼	रवांडा का झंडा
🇸🇦	सऊदी अरब का झंडा
🇸🇧	सोलोमन द्वीपसमूह का झंडा
🇸🇨	सेशेल्स का झंडा
🇸🇩	सूडान का झंडा
🇸🇪	स्वीडन का झंडा
🇸🇬	सिंगापुर का झंडा
🇸🇭	सेंट हेलेना का झंडा
🇸🇮	स्लोवेनिया का झंडा
🇸🇯	स्वालबार्ड और जान मायेन का झंडा
🇸🇰	स्लोवाकिया का झंडा
🇸🇱	सिएरा लियोन का झंडा
🇸🇲	सैन मेरीनो का झंडा
🇸🇳	सेनेगल का झंडा
🇸🇴	सोमालिया का झंडा
🇸🇷	सूरीनाम का झंडा
🇸🇸	दक्षिण सूडान का झंडा
🇸🇹	साओ टोम और प्रिंसिपे का झंडा
🇸🇻	अल सल्वाडोर का झंडा
🇸🇽	सिंट मार्टिन का झंडा
🇸🇾	सीरिया का झंडा
🇸🇿	स्वाज़ीलैंड का झंडा
🇹🇦	त्रिस्टान डा कुना का झंडा
🇹🇨	तुर्क और कैकोज़ द्वीपसमूह का झंडा
🇹🇩	चाड का झंडा
🇹🇫	फ़्रांसीसी दक्षिणी क्षेत्र का झंडा
🇹🇬	टोगो का झंडा
🇹🇭	थाईलैंड का झंडा
🇹🇯	ताज़िकिस्तान का झंडा
🇹🇰	तोकेलाउ का झंडा
🇹🇱	तिमोर-लेस्त का झंडा
🇹🇲	तुर्कमेनिस्तान का झंडा
🇹🇳	ट्यूनीशिया का झंडा
🇹🇴	टोंगा का झंडा
🇹🇷	तुर्की का झंडा
🇹🇹	त्रिनिदाद और टोबैगो का झंडा
🇹🇻	तुवालू का झंडा
🇹🇼	ताइवान का झंडा
🇹🇿	तंज़ानिया का झंडा
🇺🇦	यूक्रेन का झंडा
🇺🇬	युगांडा का झंडा
🇺🇲	यू॰एस॰ आउटलाइंग द्वीपसमूह का झंडा
🇺🇳	संयुक्त राष्ट्र का झंडा
🇺🇸	संयुक्त राज्य का झंडा
🇺🇾	उरूग्वे का झंडा
🇺🇿	उज़्बेकिस्तान का झंडा
🇻🇦	वेटिकन सिटी का झंडा
🇻🇨	सेंट विंसेंट और ग्रेनाडाइंस का झंडा
🇻🇪	वेनेज़ुएला का झंडा
🇻🇬	ब्रिटिश वर्जिन द्वीपसमूह का झंडा
🇻🇮	यू॰एस॰ वर्जिन द्वीपसमूह का झंडा
🇻🇳	वियतनाम का झंडा
🇻🇺	वनुआतू का झंडा
🇼🇫	वालिस और फ़्यूचूना का झंडा
🇼🇸	समोआ का झंडा
🇽🇰	कोसोवो का झंडा
🇾🇪	यमन का झंडा
🇾🇹	मायोते का झंडा
🇿🇦	दक्षिण अफ़्रीका का झंडा
🇿🇲	ज़ाम्बिया का झंडा
🇿🇼	ज़िम्बाब्वे का झंडा
🏴󠁧󠁢󠁥󠁮󠁧󠁿	इंग्लैंड का झंडा
🏴󠁧󠁢󠁳󠁣󠁴󠁿	स्कॉटलैंड का झंडा
🏴󠁧󠁢󠁷󠁬󠁳󠁿	वेल्स का झंडा
#️⃣	हैश चिह्न की कुंजी
*️⃣	तारांकन चिह्न की कुंजी
0️⃣	शून्य की कुंजी
1️⃣	एक की कुंजी
2️⃣	दो की कुंजी
3️⃣	तीन की कुंजी
4️⃣	चार की कुंजी
5️⃣	पाँच की कुंजी
6️⃣	छह की कुंजी
7️⃣	सात की कुंजी
8️⃣	आठ की कुंजी
9️⃣	नौ की कुंजी
🩰	बैलेट जूते
🩱	वन-पीस स्विमसूट
🩲	अंडरवियर
🩳	शॉर्ट्स
🩴	थॉन्ग सैंडल
🩵	हल्का नीला दिल
🩶	स्लेटी दिल
🩷	गुलाबी दिल
🩸	ख़ून की बूँद
🩹	चिपकाने वाली पट्‍टी
🩺	स्टेथोस्कोप
🩻	एक्स-रे
🩼	बैसाखी
🪀	यो-यो
🪁	पतंग
🪂	पैराशूट
🪃	बूमरैंग
🪄	जादू की छड़ी
🪅	पिन्याटा
🪆	नेस्टिंग गुड़ियों का समूह
🪇	मराकस
🪈	बांसुरी
🪉	हार्प
🪏	फावड़ा
🪐	छल्लेदार ग्रह
🪑	कुर्सी
🪒	उस्तरा
🪓	कुल्हाड़ी
🪔	दीपक
🪕	बैंजो
🪖	मिलिट्री हैलमेट
🪗	अकॉर्डियन
🪘	बड़ा ड्रम
🪙	सिक्का
🪚	बढ़ई की आरी
🪛	स्क्रूड्राइवर
🪜	सीढ़ी
🪝	हुक
🪞	आईना
🪟	खिड़की
🪠	पिस्टन
🪡	सूई
🪢	गांठ
🪣	बाल्टी
🪤	चूहेदानी
🪥	टूथब्रश
🪦	हेडस्टोन
🪧	घोषणा पत्र
🪨	चट्टान
🪩	मिरर बॉल
🪪	पहचान पत्र
🪫	कम बैटरी
🪬	हम्सा
🪭	मोड़ा जा सकने वाला हाथ का पंखा
🪮	बाल संवारने के लिए कंघी
🪯	खंडा
🪰	मक्खी
🪱	कृमि
🪲	बीटल
🪳	तिलचट्टा
🪴	गमले में लगा पौधा
🪵	लकड़ी
🪶	पंख
🪷	कमल
🪸	कोरल
🪹	खाली घोंसला
🪺	अंडों वाला घोंसला
🪻	ह्यचींथ
🪼	जेलीफ़िश
🪽	पर
🪾	बिना पत्तों का पेड़
🪿	बत्तख
🫀	हृदय अंग
🫁	फेफड़ा
🫂	गले मिलते हुए लोग
🫃	गर्भवती पुरुष
🫄	गर्भवती
🫅	मुकुट वाला व्यक्ति
🫆	फ़िंगरप्रिंट
🫎	मूस
🫏	गधा
🫐	ब्लूबेरी
🫑	शिमला मिर्च
🫒	जैतून
🫓	फ़्लैटब्रेड
🫔	टमाले
🫕	फ़ॉनडू
🫖	चाय की केतली
🫗	पेय छलकना
🫘	लोबिया
🫙	मर्तबान
🫚	अदरक की जड़
🫛	मटर की फली
🫜	कंद मूल
🫟	छींटे
🫠	पिघलता चेहरा
🫡	सलामी देता चेहरा
🫢	खुली आँखें और मुँह पर हाथ वाला चेहरा
🫣	उंगलियों के बीच से झांकता हुआ चेहरा
🫤	तिरछे मुंह वाला चेहरा
🫥	बिंदीयुक्त रेखांकित चेहरा
🫦	होंठ काटना
🫧	बुलबुले
🫨	थरथराता चेहरा
🫩	आँखों के नीचे सूजन वाला चेहरा
🫰	क्रॉस किए तर्जनी और अंगूठे वाला हाथ
🫱	दाहिनी ओर हाथ
🫲	बाईं ओर हाथ
🫳	नीचे की ओर हथेली
🫴	ऊपर की ओर हथेली
🫵	दर्शक की ओर इशारा करती हुई तर्जनी उंगली
🫶	हाथों से बना दिल का चिह्न
🫷	बाईं तरफ़ धक्का देता हुआ हाथ
🫸	दाईं तरफ़ धक्का देता हुआ हाथ
⛓‍💥	टूटी हुई ज़ंजीर
❤‍🔥	दिल जलना
❤‍🩹	दिल बहलाना
🍄‍🟫	भूरा मशरूम
🍋‍🟩	नींबू
🏃‍♀‍➡	दौड़ती हुई महिला दाईं ओर चेहरा घुमाए
🏃‍♂‍➡	दौड़ता हुआ पुरुष दाईं ओर चेहरा घुमाए
🏃‍➡	दौड़ता हुआ व्यक्ति दाईं ओर चेहरा घुमाए
🏳‍⚧	ट्रांसजेंडर झंडा
🐈‍⬛	काली बिल्ली
🐕‍🦺	दिव्यांग सहायता कुत्ता
🐦‍⬛	काली चिड़िया
🐦‍🔥	फ़ीनिक्स
🐻‍❄	ध्रुवीय भालू
👨‍🍼	शिशु को दूध पिला रहा आदमी
👨‍🦯	छड़ी लिया हुआ आदमी
👨‍🦯‍➡	छड़ी लिया हुआ आदमी दाईं ओर चेहरा घुमाए
👨‍🦰	पुरुष लाल बाल
👨‍🦱	पुरुष घुँघराले बाल
👨‍🦲	पुरुष गंजा
👨‍🦳	पुरुष सफ़ेद बाल
👨‍🦼	मोटर व्हीलचेयर पर बैठा आदमी
👨‍🦼‍➡	मोटर व्हीलचेयर पर बैठा आदमी दाईं ओर चेहरा घुमाए
👨‍🦽	हस्तचालित व्हीलचेयर पर बैठा आदमी
👨‍🦽‍➡	हस्तचालित व्हीलचेयर पर बैठा आदमी दाईं ओर चेहरा घुमाए
👩‍❤‍💋‍👨	महिला और पुरुष का चुंबन
👨‍❤‍💋‍👨	दो पुरुषों का चुंबन
👩‍❤‍💋‍👩	दो महिलाओं का चुंबन
👩‍❤‍👨	महिला और पुरुष की प्रेमी जोड़ी
👨‍❤‍👨	दो पुरुषों की प्रेमी जोड़ी
👩‍❤‍👩	दो महिलाओं की प्रेमी जोड़ी
👨‍👩‍👦	परिवार में पुरुष, महिला और लड़का हैं
👨‍👩‍👧	परिवार में पुरुष, महिला और लड़की हैं
👨‍👩‍👧‍👦	परिवार में पुरुष, महिला, लड़की और लड़का हैं
👨‍👩‍👦‍👦	परिवार में पुरुष, महिला और दो लड़के हैं
👨‍👩‍👧‍👧	परिवार में पुरुष, महिला और दो लड़कियाँ हैं
👨‍👨‍👦	परिवार में दो पुरुष और लड़का हैं
👨‍👨‍👧	परिवार में दो पुरुष और लड़की हैं
👨‍👨‍👧‍👦	परिवार में दो पुरुष, लड़की और लड़का हैं
👨‍👨‍👦‍👦	परिवार में दो पुरुष और दो लड़के हैं
👨‍👨‍👧‍👧	परिवार में दो पुरुष और दो लड़कियाँ हैं
👩‍🍼	शिशु को दूध पिला रही महिला
👩‍👩‍👦	परिवार में दो महिलाएँ और लड़का हैं
👩‍👩‍👧	परिवार में दो महिलाएँ और लड़की हैं
👩‍👩‍👧‍👦	परिवार में दो महिलाएँ, लड़की और लड़का हैं
👩‍👩‍👦‍👦	परिवार में दो महिलाएँ और दो लड़के हैं
👩‍👩‍👧‍👧	परिवार में दो महिलाएँ और दो लड़कियाँ हैं
👨‍👦	परिवार में पुरुष और लड़का हैं
👨‍👦‍👦	परिवार में पुरुष और दो लड़के हैं
👨‍👧	परिवार में पुरुष और लड़की हैं
👨‍👧‍👦	परिवार में पुरुष, लड़की और लड़का हैं
👨‍👧‍👧	परिवार में पुरुष और दो लड़कियाँ हैं
👩‍👦	परिवार में महिला और लड़का हैं
👩‍👦‍👦	परिवार में महिला और दो लड़के हैं
👩‍👧	परिवार में महिला और लड़की हैं
👩‍👧‍👦	परिवार में महिला, लड़की और लड़का हैं
👩‍👧‍👧	परिवार में महिला और दो लड़कियाँ हैं
👨‍⚕	पुरुष स्वास्थ्य कार्यकर्ता
👩‍⚕	महिला स्वास्थ्य कार्यकर्ता
👨‍⚖	न्यायाधीश
👩‍⚖	महिला न्यायाधीश
👨‍✈	पुरुष पायलट
👩‍✈	महिला पायलट
👨‍🌾	किसान
👩‍🌾	महिला किसान
👨‍🍳	रसोइया
👩‍🍳	महिला रसोइया
👨‍🎓	छात्र
👩‍🎓	छात्रा
👨‍🎤	गायक
👩‍🎤	गायिका
👨‍🎨	पुरुष कलाकार
👩‍🎨	महिला कलाकार
👨‍🏫	अध्यापक
👩‍🏫	अध्यापिका
👨‍🏭	पुरुष फैक्टरी मजदूर
👩‍🏭	महिला फैक्टरी मजदूर
👨‍💻	पुरुष टेक्नोलॉजिस्ट
👩‍💻	महिला टेक्नोलॉजिस्ट
👨‍💼	पुरुष कार्यालय कार्यकर्ता
👩‍💼	महिला कार्यालय कार्यकर्ता
👨‍🔧	मिस्त्री
👩‍🔧	महिला मिस्त्री
👨‍🔬	पुरुष वैज्ञानिक
👩‍🔬	महिला वैज्ञानिक
👨‍🚀	पुरुष अंतरिक्ष यात्री
👩‍🚀	महिला अंतरिक्ष यात्री
👨‍🚒	महिला फायर फाइटर
👩‍🚒	पुरुष फायर फाइटर
👩‍🦯	छड़ी पकड़ी हुई औरत
👩‍🦯‍➡	छड़ी पकड़ी हुई औरत दाईं ओर चेहरा घुमाए
👩‍🦰	महिला लाल बाल
👩‍🦱	महिला घुँघराले बाल
👩‍🦲	महिला गंजा
👩‍🦳	महिला सफ़ेद बाल
👩‍🦼	मोटर व्हीलचेयर पर बैठी औरत
👩‍🦼‍➡	मोटर व्हीलचेयर पर बैठी औरत दाईं ओर चेहरा घुमाए
👩‍🦽	हस्तचालित व्हीलचेयर पर बैठी औरत
👩‍🦽‍➡	हस्तचालित व्हीलचेयर पर बैठी औरत दाईं ओर चेहरा घुमाए
👮‍♀	महिला पुलिस अधिकारी
👮‍♂	पुरुष पुलिस अधिकारी
👰‍♀	घूंघट वाली महिला
👰‍♂	पर्दे वाला आदमी
👱‍♀	सुनहरे बालों वाली औरत
👱‍♂	सुनहरे बालों वाला पुरुष
👳‍♀	पगड़ी वाली महिला
👳‍♂	पगड़ी वाला पुरुष
👷‍♀	महिला निर्माण मजदूर
👷‍♂	पुरुष निर्माण मजदूर
💂‍♀	महिला गार्ड
💂‍♂	पुरुष गार्ड
🕵️‍♀	महिला जासूस
🕵️‍♂	पुरुष जासूस
😮‍💨	सांस छोड़ता हुआ चेहरा
😵‍💫	घुमावदार आँखों वाला चेहरा
😶‍🌫	बादलों से ढँका चेहरा
🙂‍↔	इनकार का इशारा करता हुआ सिर
🙂‍↕	हामी भरने का इशारा करता हुआ सिर
🚶‍♀‍➡	पैदल चलती महिला दाईं ओर चेहरा घुमाए
🚶‍♂‍➡	पैदल चलता पुरुष दाईं ओर चेहरा घुमाए
🚶‍➡	पैदल चलता व्यक्ति दाईं ओर चेहरा घुमाए
🤵‍♀	सूट-बूट में औरत
🤵‍♂	सूट-बूट में आदमी
🦸‍♀	महिला सुपरहीरो
🦸‍♂	पुरुष सुपरहीरो
🦹‍♀	महिला सुपरविलन
🦹‍♂	पुरुष सुपरविलन
🧍‍♀	खड़ी औरत
🧍‍♂	खड़ा आदमी
🧎‍♀	औरत घुटनों के बल
🧎‍♀‍➡	औरत घुटनों के बल दाईं ओर चेहरा घुमाए
🧎‍♂	आदमी घुटनों के बल
🧎‍♂‍➡	आदमी घुटनों के बल दाईं ओर चेहरा घुमाए
🧎‍➡	घुटनों के बल बैठा व्यक्ति दाईं ओर चेहरा घुमाए
🧏‍♀	बहरी औरत
🧏‍♂	बहरा आदमी
🧑‍⚕	स्वास्थ्य कार्यकर्ता
🧑‍⚖	जज
🧑‍✈	पायलट
🧑‍🌾	कृषक
🧑‍🍳	बावर्ची
🧑‍🍼	शिशु को दूध पिलाने वाली वाला
🧑‍🎄	एम एक्स क्लाॅॅॅॅज़
🧑‍🎓	विद्यार्थी
🧑‍🎤	गानेवाला
🧑‍🎨	कलाकार
🧑‍🏫	शिक्षक
🧑‍🏭	फ़ैक्ट्री मज़दूर
🧑‍💻	टेक्नोलॉजिस्ट
🧑‍💼	कार्यालय कार्यकर्ता
🧑‍🔧	मैकेनिक
🧑‍🔬	वैज्ञानिक
🧑‍🚀	अंतरिक्ष यात्री
🧑‍🚒	अग्निशमक
🧑‍🤝‍🧑	हाथ पकड़े हुए लोग
🧑‍🦯	छड़ी पकड़ा हुआ आदमी
🧑‍🦯‍➡	छड़ी पकड़ा हुआ आदमी दाईं ओर चेहरा घुमाए
🧑‍🦰	व्यक्ति लाल बाल
🧑‍🦱	व्यक्ति घुँघराले बाल
🧑‍🦲	व्यक्ति गंजा
🧑‍🦳	व्यक्ति सफ़ेद बाल
🧑‍🦼	मोटर व्हीलचेयर पर बैठा व्यक्ति
🧑‍🦼‍➡	मोटर व्हीलचेयर पर बैठा व्यक्ति दाईं ओर चेहरा घुमाए
🧑‍🦽	हस्तचालित व्हीलचेयर पर बैठा व्यक्ति
🧑‍🦽‍➡	हस्तचालित व्हीलचेयर पर बैठा व्यक्ति दाईं ओर चेहरा घुमाए
🧑‍🧑‍🧒	परिवार वयस्क वयस्क बच्चा
🧑‍🧑‍🧒‍🧒	परिवार वयस्क वयस्क बच्चा बच्चा
🧑‍🧒	परिवार वयस्क बच्चा
🧑‍🧒‍🧒	परिवार वयस्क बच्चा बच्चा
🧑‍🩰	बैले डांसर
🧔‍♀	महिला दाढ़ी
🧔‍♂	आदमी दाढ़ी
🧙‍♀	करामाती महिला
🧙‍♂	करामाती पुरुष
🧚‍♀	अप्सरा
🧚‍♂	देवदूत
🧛‍♀	महिला वैम्पायर
🧛‍♂	पुरुष वैम्पायर
🧜‍♀	मत्स्यकन्या
🧜‍♂	मत्स्यपुरुष
🧝‍♀	जादुई स्त्री
🧝‍♂	जादुई पुरुष
🧞‍♀	स्त्री जिन्न
🧞‍♂	पुरुष जिन्न
🧟‍♀	महिला ज़ॉम्बी
🧟‍♂	पुरुष ज़ॉम्बी
⛹‍♀	गेंद से खेलती महिला
⛹‍♂	गेंद से खेलता पुरुष
🏃‍♀	दौड़ती हुई महिला
🏃‍♂	दौड़ता हुआ पुरुष
🏄‍♀	सर्फ़िंग करती महिला
🏄‍♂	सर्फ़िंग करता पुरुष
🏊‍♀	तैरती हुई महिला
🏊‍♂	तैरता हुआ पुरुष
🏋️‍♀	भार उठाती हुई महिला
🏋️‍♂	भार उठाता हुआ पुरुष
🏌️‍♀	गोल्फ़ खेलती महिला
🏌️‍♂	गोल्फ़ खेलता पुरुष
👯‍♀	खरगोश के कान वाली महिलाएँ
👯‍♂	खरगोश के कान वाले पुरुष
💆‍♀	मालिश करवाती महिला
💆‍♂	मालिश करवाता पुरुष
💇‍♀	बाल कटवाती हुई महिला
💇‍♂	बाल कटवाता हुआ पुरुष
🚣‍♀	चप्पू से नाव चलाती महिला
🚣‍♂	चप्पू से नाव चलाता पुरुष
🚴‍♀	साइकिल चलाती महिला
🚴‍♂	साइकिल चलाता पुरुष
🚵‍♀	पहाड़ पर साइकिल चलाती महिला
🚵‍♂	पहाड़ पर साइकिल चलाता पुरुष
🚶‍♀	पैदल चलती महिला
🚶‍♂	पैदल चलता पुरुष
🤸‍♀	कलाबाज़ी करती महिला
🤸‍♂	कलाबाज़ी करता पुरुष
🤹‍♀	करतब दिखाती महिला
🤹‍♂	करतब दिखाता पुरुष
🤼‍♀	महिला पहलवान
🤼‍♂	पुरुष पहलवान
🤽‍♀	वाटर पोलो खेलती महिला
🤽‍♂	वाटर पोलो खेलता पुरुष
🤾‍♀	हैंडबॉल खेलती महिला
🤾‍♂	हैंडबॉल खेलता पुरुष
🧖‍♀	भाप से भरे कमरे में कोई महिला
🧖‍♂	भाप से भरे कमरे में कोई पुरुष
🧗‍♀	चढ़ाई करती हुई महिला
🧗‍♂	चढ़ाई करता हुआ पुरुष
🧘‍♀	पद्मासन में बैठी महिला
🧘‍♂	पद्मासन में बैठा पुरुष
💁‍♀	सूचना देती महिला
💁‍♂	सूचना देता पुरुष
🙅‍♀	नहीं कहती हुई महिला
🙅‍♂	नहीं कहता हुआ पुरुष
🙆‍♀	ठीक है कहती हुई महिला
🙆‍♂	ठीक है कहता हुआ पुरुष
🙇‍♀	सर झुकाती महिला
🙇‍♂	सर झुकाता पुरुष
🙋‍♀	हाथ उठाई हुई महिला
🙋‍♂	हाथ उठाया हुआ पुरुष
🙍‍♀	नाक–भौं चढ़ाई महिला
🙍‍♂	नाक-भौं चढ़ाया पुरुष
🙎‍♀	होठ निकली हुई महिला
🙎‍♂	होठ निकाला हुआ पुरुष
🤦‍♀	माथे पर हाथ रखी हुई महिला
🤦‍♂	माथे पर हाथ रखा हुआ पुरुष
🤷‍♀	महिला का कंधा उचकाना
🤷‍♂	कंधा उचकाता पुरुष
🏳‍🌈	इंद्रधनुषी झंडा
🏴‍☠	समुद्री दस्यु का झंडा
👁‍🗨	स्पीच बबल में आंख
