©	著作権
®	登録商標マーク
‼	二重感嘆符
⁄	分数スラッシュ
⁉	感嘆符疑問符
⁻	上付きマイナス
₡	コスタリカコロン
₢	クルゼイロ
₣	フランスフラン
₤	リラ
₥	ミル
₦	ナイジェリアナイラ
₧	スペインペセタ
₨	ルピー
₪	イスラエル新シェケル
₫	ベトナムドン
€	ユーロ
₭	ラオスキープ
₮	モンゴルトグログ
₰	ドイツペニヒ
₱	ペソ
₲	パラグアイグアラニ
₳	アウストラル
₴	ウクライナフリヴニャ
₵	ガーナセディ
₶	トゥールリーブル
₷	スペスミーロ
₸	カザフスタンテンゲ
₹	インドルピー
₺	トルコリラ
₼	アゼルバイジャンマナト
₽	ルーブル
₾	ジョージアラリ
₿	ビットコイン
℗	原盤権マーク
™	トレードマーク
ℹ	iマーク
←	左向矢印
↑	上向矢印
→	右向矢印
↓	下向矢印
↔	左右矢印
↕	上下矢印
↖	左上矢印
↗	右上矢印
↘	右下矢印
↙	左下矢印
↚	斜線付き左向き矢印
↛	斜線付き右向き矢印
↜	左向き波線矢印
↝	右向き波線矢印
↞	左向き二重鏃矢印
↟	上向き二重鏃矢印
↠	右向き二重鏃矢印
↡	下向き二重鏃矢印
↢	尾付き左向き矢印
↣	尾付き右向き矢印
↤	棒からの左向き矢印
↥	棒からの上向き矢印
↦	棒からの右向き矢印
↧	棒からの下向き矢印
↨	下線付き上下矢印
↩	右カーブ矢印
↪	左カーブ矢印
↫	ループ付き左向き矢印
↬	ループ付き右向き矢印
↭	左右波線矢印
↮	斜線付き左右矢印
↯	下向きジグザグ矢印
↰	上向き左折矢印
↱	上向き右折矢印
↲	下向き左折矢印
↳	下向き右折矢印
↴	右向き下曲がり矢印
↵	下向き左曲がり矢印
↶	反時計回りの上半円矢印
↷	時計回りの上半円矢印
↸	上線付き北西矢印
↹	右縦棒付き右矢印の上に左縦棒付き左矢印
↺	反時計回りの開いた円矢印
↻	時計回りの開いた円矢印
↼	とげが上向きの左向き銛型矢印
↽	とげが下向きの左向き銛型矢印
↾	とげが右向きの上向き銛型矢印
↿	とげが左向きの上向き銛型矢印
⇀	とげが上向きの右向き銛型矢印
⇁	とげが下向きの右向き銛型矢印
⇂	とげが右向きの下向き銛型矢印
⇃	とげが左向きの下向き銛型矢印
⇄	右矢印左矢印
⇅	上向矢印下向矢印
⇆	左向矢印右向矢印
⇇	左向きペア矢印
⇈	上向きペア矢印
⇉	右向きペア矢印
⇊	下向きペア矢印
⇋	左向き銛型矢印右向き銛型矢印
⇌	右向き銛型矢印左向き銛型矢印
⇍	斜線付き左向き二重矢印
⇎	斜線付き二重両矢印
⇏	斜線付き右向き二重矢印
⇐	左向き二重矢印
⇑	上向き二重矢印
⇒	右向き二重矢印
⇓	下向き二重矢印
⇔	二重両矢印
⇖	北西二重矢印
⇗	北東二重矢印
⇘	南東二重矢印
⇙	南西二重矢印
⇚	左向き三重矢印
⇛	右向き三重矢印
⇜	左向きよじれ矢印
⇝	右向きよじれ矢印
⇞	二重線付き上向き矢印
⇟	二重線付き下向き矢印
⇠	左向き破線矢印
⇡	上向き破線矢印
⇢	右向き破線矢印
⇣	下向き破線矢印
⇤	左縦棒付き左矢印
⇥	右縦棒付き右矢印
⇦	左向き白矢印
⇧	上向き白矢印
⇨	右向き白矢印
⇩	下向き白矢印
⇪	棒付き上向き白矢印
⇵	下矢印上矢印
∀	全称記号
∂	偏微分
∃	存在記号
∅	空集合
∆	増分
∇	ナブラ
∈	属する
∉	要素の否定
∋	元として含む
∎	墓石記号
∏	総乗
∑	総和
−	マイナス記号
∓	マイナスプラス記号
∕	除算スラッシュ
∗	アスタリスク演算子
∘	合成写像の記号
∙	ビュレット演算子
√	平方根
∝	比例
∞	無限大記号
∟	直角
∠	角
∣	約数
∥	平行
∧	論理積
∩	積集合
∪	和集合
∫	積分
∬	二重積分
∮	線積分
∴	ゆえに
∵	なぜならば
∶	比
∷	比率
∼	チルダ演算子
∽	相似
∾	逆の横向きS
≃	漸進的に等しい
≅	およそ等しい
≈	ほぼ等しい
≌	すべて等しい
≒	ほとんど等しい
≖	等号の中に丸
≠	等号否定
≡	常に等しい
≣	完全に同等
≤	小なりイコール
≥	大なりイコール
≦	より小さいか又は等しい
≧	より大きいか又は等しい
≪	非常に小さい
≫	非常に大きい
≬	次の間に
≮	より小さくはない
≯	より大きくはない
≳	大きいかほぼ等しい
≺	前にある
≻	後にある
⊁	後にはない
⊂	真部分集合
⊃	上位集合
⊆	部分集合
⊇	部分集合 逆方向
⊕	直和
⊖	対称差
⊗	直積
⊘	丸囲みスラッシュ
⊙	丸囲みドット
⊚	丸囲みリング
⊛	丸囲みアスタリスク
⊞	四角囲みプラス
⊟	四角囲みマイナス
⊥	垂直記号
⊮	強制しない
⊰	前置関係
⊱	後置関係
⊶	オリジナル
⊹	エルミート共役行列
⊿	直角三角形
⋁	ｎ項論理和
⋂	ｎ項共通部分
⋃	ｎ項和集合
⋅	ドット演算子
⋆	スター演算子
⋈	自然結合
⋒	二重共通部分
⋘	極度に小さい
⋙	極度に大きい
⋭	正規部分群 逆方向 又は等しいの否定
⋮	縦三点リーダー
⋯	中央揃いの横三点リーダー
⋰	右上がり斜め三点リーダー
⋱	右下がり斜め三点リーダー
⌚	腕時計
⌛	砂時計
⌨	キーボード
⏏	取り出しボタン
⏩	早送りボタン
⏪	早戻しボタン
⏫	高速上ボタン
⏬	高速下ボタン
⏭	次の曲ボタン
⏮	前の曲ボタン
⏯	再生／一時停止ボタン
⏰	目覚まし時計
⏱	ストップウォッチ
⏲	タイマー
⏳	砂が落ちている砂時計
⏸	一時停止ボタン
⏹	停止ボタン
⏺	録音録画ボタン
Ⓜ	丸いMマーク
■	黒四角
□	白四角
▢	角丸白四角
▣	白四角の中に黒四角
▤	横縞線入りの四角
▥	縦縞線入りの四角
▦	格子線入りの四角
▧	左上右下斜め縞線入りの四角
▨	右上左下斜め縞線入りの四角
▩	斜め格子線入りの四角
▪	黒四角小
▫	白四角小
▬	黒い長方形
▭	白い長方形
▮	縦長の黒い長方形
▰	黒い平行四辺形
▲	上向黒三角
△	上向き白三角
▴	上向き黒三角小
▵	上向き白三角小
▶	再生ボタン
▷	右向き白三角
▸	右向き黒三角小
▹	右向き白三角小
►	右向きの黒い二等辺三角形
▻	右向きの白い二等辺三角形
▼	下向黒三角
▽	下向き白三角
▾	下向き黒三角小
▿	下向き白三角小
◀	逆再生ボタン
◁	左向き白三角
◂	左向き黒三角小
◃	左向き白三角小
◄	左向きの黒い二等辺三角形
◅	左向きの白い二等辺三角形
◆	黒ひし形
◇	白ひし形
◈	白ひし形の中に黒ひし形
◉	白丸の中に黒丸
◊	ひし形
○	白丸
◌	点線の丸
◍	縦線入りの丸
◎	二重丸
●	黒丸
◐	左半黒丸
◑	右半黒丸
◒	下半黒丸
◓	上半黒丸
◔	右上に黒い四分円がある白丸
◕	左上に白い四分円のある黒丸
◖	黒い左半円
◗	黒い右半円
◘	反転ビュレット
◙	黒四角の中に白丸
◜	左上四分円弧
◝	右上四分円弧
◞	右下四分円弧
◟	左下四分円弧
◠	上半円弧
◡	下半円弧
◢	黒い右下三角
◣	黒い左下三角
◤	黒い左上三角
◥	黒い右上三角
◦	白ビュレット
◯	白丸大
◳	右上に四角のある白四角
◷	右上に四分円のある白丸
◻	白四角大
◼	黒四角大
◽	白四角中
◾	黒四角中
◿	右下三角
☀	太陽
☁	雲
☂	傘
☃	雪だるまと雪
☄	彗星
☎	固定電話
☑	チェックボックス
☔	傘と雨
☕	温かい飲み物
☘	クローバー
☝	上指差し
☠	ドクロと骨
☢	放射能
☣	バイオハザード
☦	八端十字架
☪	星と三日月
☮	ピースマーク
☯	陰陽
☸	法輪
☹	困った顔
☺	スマイリー
♀	女性のマーク
♂	男性のマーク
♈	おひつじ座
♉	おうし座
♊	ふたご座
♋	かに座
♌	しし座
♍	おとめ座
♎	てんびん座
♏	さそり座
♐	いて座
♑	やぎ座
♒	みずがめ座
♓	うお座
♟	チェスの駒
♠	スペード
♣	クラブ
♥	ハート
♦	ダイヤ
♨	温泉マーク
♪	八分音符
♭	フラット
♯	シャープ
♻	リサイクルマーク
♾	無限大
♿	車椅子
⚒	ハンマーとつるはし
⚓	錨
⚔	クロスした剣
⚕	医療のシンボル
⚖	天秤
⚗	蒸留器
⚙	歯車
⚛	原子のシンボル
⚜	フルール・ド・リス
⚠	警告
⚡	高電圧
⚧	トランスジェンダーのマーク
⚪	白い丸
⚫	黒い丸
⚰	棺桶
⚱	骨壺
⚽	サッカー
⚾	野球
⛄	雪だるま
⛅	曇り時々晴れ
⛈	雷雨
⛎	へびつかい座
⛏	つるはし
⛑	白十字ヘルメット
⛓	鎖
⛔	車両進入禁止
⛩	鳥居
⛪	教会
⛰	山
⛱	パラソル
⛲	噴水
⛳	ゴルフ
⛴	フェリー
⛵	ヨット
⛷	スキーヤー
⛸	アイススケート
⛹	バスケットボールをする人
⛺	テント
⛽	ガソリンスタンド
✂	はさみ
✅	白抜きのチェック
✈	飛行機
✉	封筒
✊	げんこつ
✋	挙手
✌	Vサイン
✍	書いている手
✏	鉛筆
✒	ペン先
✔	太字のチェック
✖	掛け算
✝	十字架
✡	ダビデの星
✨	きらきら
✳	八角アスタリスク
✴	八角星
❄	雪の結晶
❇	スパークル
❌	バツ
❎	白抜きのバツ
❓	疑問符
❔	白い疑問符
❕	白い感嘆符
❗	感嘆符
❣	ハートのびっくり
❤	赤いハート
➕	プラス
➖	マイナス
➗	割り算
➡	右矢印
➰	ループ
➿	ダブルループ
⤴	上カーブ矢印
⤵	下カーブ矢印
⨧	下付き二のプラス
⨯	ベクトルクロス積
⨼	内部積
⩣	二重下線付き論理和
⩽	より小さいか又は等しい 斜め
⪍	より小さいか又はほぼ等しい
⪚	上に二重線のある大なりイコール
⪺	後にあるか又はほぼ等しい
⬅	左矢印
⬆	上矢印
⬇	下矢印
⬛	黒四角特大
⬜	白四角特大
⭐	スター
⭕	太い丸
〰	波線
〽	いおりてん
㊗	祝マーク
㊙	マル秘
﷼	リヤル
🅰	血液型A型
🅱	血液型B型
🅾	血液型O型
🅿	Pマーク
🆎	血液型AB型
🆑	CLマーク
🆒	COOLマーク
🆓	FREEマーク
🆔	IDマーク
🆕	NEWマーク
🆖	NGマーク
🆗	OKマーク
🆘	SOSマーク
🆙	UPマーク
🆚	VSマーク
🇨🇶	サーク島の旗
🈁	ココのマーク
🈂	サのマーク
🈚	無マーク
🈯	指マーク
🈲	禁マーク
🈳	空マーク
🈴	合マーク
🈵	満マーク
🈶	有マーク
🈷	月マーク
🈸	申マーク
🈹	割マーク
🈺	営マーク
🉐	マル得
🉑	可マーク
🀄	麻雀
🃏	ジョーカー
🌀	渦巻き
🌁	霧の都会
🌂	閉じた傘
🌃	夜の都会
🌄	山から日の出
🌅	日の出
🌆	夕暮れの都会
🌇	夕日
🌈	虹
🌉	夜の橋
🌊	波
🌋	火山
🌌	天の川
🌍	地球（ヨーロッパとアフリカ）
🌎	地球（アメリカ大陸）
🌏	地球（アジアとオーストラリア）
🌐	子午線のある地球
🌑	新月
🌒	初月
🌓	上弦の月
🌔	十三夜月
🌕	満月
🌖	寝待月
🌗	下弦の月
🌘	有明月
🌙	三日月
🌚	顔のある新月
🌛	顔のある上弦の月
🌜	顔のある下弦の月
🌝	顔のある満月
🌞	顔のある太陽
🌟	きらきら星
🌠	流れ星
🌡	温度計
🌤	晴れ時々曇り
🌥	曇り一時晴れ
🌦	雨時々晴れ
🌧	雨雲
🌨	雪雲
🌩	雷雲
🌪	竜巻
🌫	霧
🌬	顔のある風
🌭	ホットドッグ
🌮	タコス
🌯	ブリトー
🌰	くり
🌱	新芽
🌲	常緑樹
🌳	落葉樹
🌴	ヤシの木
🌵	サボテン
🌶	とうがらし
🌷	チューリップ
🌸	桜
🌹	バラ
🌺	ハイビスカス
🌻	ヒマワリ
🌼	開花
🌽	とうもろこし
🌾	稲
🌿	ハーブ
🍀	四つ葉のクローバー
🍁	かえで
🍂	落ち葉
🍃	風に揺れる葉
🍄	キノコ
🍅	トマト
🍆	ナス
🍇	ぶどう
🍈	メロン
🍉	スイカ
🍊	みかん
🍋	レモン
🍌	バナナ
🍍	パイナップル
🍎	赤リンゴ
🍏	青リンゴ
🍐	洋ナシ
🍑	桃
🍒	さくらんぼ
🍓	いちご
🍔	ハンバーガー
🍕	ピザ
🍖	骨付き肉
🍗	鶏もも肉
🍘	せんべい
🍙	おにぎり
🍚	ごはん
🍛	カレーライス
🍜	ラーメン
🍝	スパゲッティ
🍞	食パン
🍟	フライドポテト
🍠	焼き芋
🍡	だんご
🍢	おでん
🍣	すし
🍤	エビフライ
🍥	なると
🍦	ソフトクリーム
🍧	かき氷
🍨	アイスクリーム
🍩	ドーナツ
🍪	クッキー
🍫	チョコレート
🍬	キャンディ
🍭	ぺろぺろキャンディ
🍮	プリン
🍯	はちみつ
🍰	ショートケーキ
🍱	弁当
🍲	なべ
🍳	料理
🍴	ナイフとフォーク
🍵	湯飲み
🍶	徳利
🍷	ワイングラス
🍸	カクテルグラス
🍹	トロピカルドリンク
🍺	ビールジョッキ
🍻	ビールで乾杯
🍼	ほにゅう瓶
🍽	ナイフとフォークと皿
🍾	シャンパン
🍿	ポップコーン
🎀	リボン
🎁	プレゼント
🎂	バースデーケーキ
🎃	ハロウィンかぼちゃ
🎄	クリスマスツリー
🎅	サンタ
🎆	打ち上げ花火
🎇	線香花火
🎈	風船
🎉	クラッカー
🎊	くす玉
🎋	七夕
🎌	祝日の旗
🎍	門松
🎎	ひな祭り
🎏	こいのぼり
🎐	風鈴
🎑	月見
🎒	バックパック
🎓	角帽
🎖	勲章
🎗	リマインダーリボン
🎙	スタジオマイク
🎚	レベルスライダー
🎛	コントロールつまみ
🎞	映画フィルム
🎟	入場券
🎠	メリーゴーランド
🎡	観覧車
🎢	ジェットコースター
🎣	釣り
🎤	マイク
🎥	映画カメラ
🎦	映画
🎧	ヘッドホン
🎨	絵の具パレット
🎩	シルクハット
🎪	サーカス
🎫	チケット
🎬	カチンコ
🎭	舞台芸術
🎮	テレビゲーム
🎯	的
🎰	スロットマシン
🎱	ビリヤード
🎲	サイコロ
🎳	ボウリング
🎴	花札
🎵	音符
🎶	複数の音符
🎷	サックス
🎸	ギター
🎹	鍵盤
🎺	トランペット
🎻	バイオリン
🎼	楽譜
🎽	長距離走
🎾	テニス
🎿	スキー
🏀	バスケットボール
🏁	チェッカーフラッグ
🏂	スノーボーダー
🏃	走る人
🏄	サーフィンする人
🏅	メダル
🏆	トロフィー
🏇	競馬
🏈	アメフト
🏉	ラグビー
🏊	泳ぐ人
🏋	重量挙げをする人
🏌	ゴルフをする人
🏍	オートバイ
🏎	レーシングカー
🏏	クリケット
🏐	バレーボール
🏑	ホッケー
🏒	アイスホッケー
🏓	卓球
🏔	雪山
🏕	キャンプ
🏖	ビーチパラソル
🏗	建設中
🏘	住宅街
🏙	高層ビル
🏚	廃屋
🏛	歴史的な建物
🏜	砂漠
🏝	無人島
🏞	国立公園
🏟	競技場
🏠	家
🏡	庭付きの家
🏢	オフィスビル
🏣	郵便局
🏤	西洋の郵便局
🏥	病院
🏦	銀行
🏧	ATM
🏨	ホテル
🏩	ラブホテル
🏪	コンビニ
🏫	学校
🏬	デパート
🏭	工場
🏮	赤ちょうちん
🏯	城
🏰	西洋の城
🏳	白旗
🏴	黒旗
🏵	花飾り
🏷	荷札
🏸	バドミントン
🏹	弓矢
🏺	壺
🏻	明るい肌色
🏼	やや明るい肌色
🏽	中間の肌色
🏾	やや濃い肌色
🏿	濃い肌色
🐀	ネズミ
🐁	ハツカネズミ
🐂	牡牛
🐃	水牛
🐄	牝牛
🐅	トラ
🐆	ヒョウ
🐇	ウサギ
🐈	ネコ
🐉	ドラゴン
🐊	ワニ
🐋	クジラ
🐌	かたつむり
🐍	ヘビ
🐎	馬
🐏	牡羊
🐐	山羊
🐑	羊
🐒	サル
🐓	おんどり
🐔	にわとり
🐕	イヌ
🐖	ブタ
🐗	イノシシ
🐘	ゾウ
🐙	タコ
🐚	巻き貝
🐛	毛虫
🐜	アリ
🐝	ミツバチ
🐞	テントウムシ
🐟	魚
🐠	熱帯魚
🐡	フグ
🐢	カメ
🐣	卵からかえったひよこ
🐤	ひよこ
🐥	前を向いているひよこ
🐦	鳥
🐧	ペンギン
🐨	コアラ
🐩	プードル
🐪	ラクダ
🐫	フタコブラクダ
🐬	イルカ
🐭	ネズミの顔
🐮	牛の顔
🐯	トラの顔
🐰	ウサギの顔
🐱	ネコの顔
🐲	ドラゴンの顔
🐳	潮吹きクジラ
🐴	馬の顔
🐵	サルの顔
🐶	イヌの顔
🐷	ブタの顔
🐸	カエルの顔
🐹	ハムスターの顔
🐺	オオカミの顔
🐻	クマの顔
🐼	パンダの顔
🐽	ブタ鼻
🐾	肉球
🐿	リス
👀	目
👁	片目
👂	耳
👃	鼻
👄	口
👅	舌
👆	手の甲上指差し
👇	下指差し
👈	左指差し
👉	右指差し
👊	グー
👋	手を振る
👌	OKの手
👍	サムズアップ
👎	サムズダウン
👏	拍手
👐	両手のひら
👑	王冠
👒	婦人帽子
👓	メガネ
👔	ネクタイ
👕	Tシャツ
👖	ジーンズ
👗	ワンピース
👘	着物
👙	ビキニ
👚	婦人服
👛	がま口
👜	ハンドバッグ
👝	ポーチ
👞	紳士靴
👟	スニーカー
👠	ハイヒール
👡	サンダル
👢	ブーツ
👣	足あと
👤	人のシルエット
👥	二人のシルエット
👦	男の子
👧	女の子
👨	男性
👩	女性
👪	家族
👫	手をつなぐ男女
👬	手をつなぐ男性
👭	手をつなぐ女性
👮	警察官
👯	バニー
👰	花嫁
👱	金髪の人
👲	中華帽の男性
👳	ターバンの人
👴	おじいさん
👵	おばあさん
👶	赤ん坊
👷	建設作業員
👸	プリンセス
👹	鬼
👺	天狗
👻	お化け
👼	天使
👽	エイリアン
👾	インベーダー
👿	怒った悪魔
💀	ドクロ
💁	案内する人
💂	衛兵
💃	踊る女
💄	口紅
💅	マニキュアを塗る手
💆	フェイスマッサージ中の人
💇	散髪される人
💈	床屋
💉	注射器
💊	薬
💋	キスマーク
💌	ラブレター
💍	指輪
💎	宝石
💏	二人のキス
💐	花束
💑	カップルとハート
💒	結婚式
💓	ドキドキするハート
💔	割れたハート
💕	二つのハート
💖	きらきらハート
💗	大きくなるハート
💘	ハートに矢
💙	青いハート
💚	緑のハート
💛	黄色のハート
💜	紫のハート
💝	ハートにリボン
💞	回転するハート
💟	ハートデコ
💠	ドット付きひし形
💡	電球
💢	むかっ
💣	爆弾
💤	グーグー
💥	衝突
💦	あせあせ
💧	水滴
💨	ダッシュ
💩	うんち
💪	力こぶ
💫	くらくら
💬	会話の吹き出し
💭	雲形の吹き出し
💮	大変よくできました
💯	百点満点
💰	ドル袋
💱	外貨両替
💲	ドル記号
💳	クレジットカード
💴	円札
💵	ドル札
💶	ユーロ札
💷	ポンド札
💸	羽が生えたお金
💹	為替
💺	座席
💻	ノートパソコン
💼	ブリーフケース
💽	MD
💾	フロッピー
💿	CD
📀	DVD
📁	フォルダー
📂	開いたフォルダー
📃	巻きページ
📄	ページ
📅	カレンダー
📆	日めくりカレンダー
📇	カードインデックス
📈	グラフ上向き
📉	グラフ下向き
📊	棒グラフ
📋	クリップボード
📌	押しピン
📍	丸い押しピン
📎	クリップ
📏	定規
📐	三角定規
📑	ページに付箋
📒	リングノート
📓	ノート
📔	表紙付きノート
📕	閉じた本
📖	開いた本
📗	緑の本
📘	青の本
📙	オレンジの本
📚	本の山
📛	名札
📜	巻き物
📝	鉛筆とメモ
📞	受話器
📟	ポケベル
📠	ファックス
📡	パラボラアンテナ
📢	拡声器
📣	メガホン
📤	送信トレイ
📥	受信トレイ
📦	荷物
📧	Eメール
📨	メール受信中
📩	メール受信
📪	閉じた郵便受け（手紙なし）
📫	閉じた郵便受け（手紙あり）
📬	開いた郵便受け（手紙あり）
📭	開いた郵便受け（手紙なし）
📮	郵便ポスト
📯	郵便ラッパ
📰	新聞
📱	携帯電話
📲	着信中
📳	マナーモード
📴	携帯電話電源オフ
📵	携帯電話禁止
📶	アンテナマーク
📷	カメラ
📸	フラッシュを焚いているカメラ
📹	ビデオカメラ
📺	テレビ
📻	ラジオ
📼	ビデオテープ
📽	映写機
📿	数珠
🔀	シャッフルボタン
🔁	リピートボタン
🔂	一曲リピートボタン
🔃	右回り縦矢印
🔄	左回り矢印
🔅	低輝度
🔆	高輝度
🔇	スピーカー消音
🔈	スピーカー
🔉	スピーカー音量小
🔊	スピーカー音量大
🔋	電池
🔌	コンセント
🔍	虫眼鏡左
🔎	虫眼鏡右
🔏	閉じた錠とペン
🔐	閉じた錠と鍵
🔑	鍵
🔒	閉じた錠
🔓	開いた錠
🔔	ベル
🔕	ベル消音
🔖	しおり
🔗	リンクシンボル
🔘	ラジオボタン
🔙	BACK矢印
🔚	END矢印
🔛	ON矢印
🔜	SOON矢印
🔝	TOP矢印
🔞	十八歳未満禁止
🔟	十のキー
🔠	英大文字の入力
🔡	英小文字の入力
🔢	数字の入力
🔣	記号の入力
🔤	英字の入力
🔥	火
🔦	懐中電灯
🔧	レンチ
🔨	ハンマー
🔩	ボルトとナット
🔪	包丁
🔫	ピストル
🔬	顕微鏡
🔭	望遠鏡
🔮	水晶玉
🔯	六芒星
🔰	初心者マーク
🔱	トライデント
🔲	黒枠四角
🔳	白枠四角
🔴	赤い丸
🔵	青い丸
🔶	大きいオレンジのひし形
🔷	大きい青のひし形
🔸	小さいオレンジのひし形
🔹	小さい青のひし形
🔺	赤い上三角
🔻	赤い下三角
🔼	上ボタン
🔽	下ボタン
🕉	オーム
🕊	ハト
🕋	カーバ
🕌	モスク
🕍	シナゴーグ
🕎	メノーラー
🕐	一時
🕑	二時
🕒	三時
🕓	四時
🕔	五時
🕕	六時
🕖	七時
🕗	八時
🕘	九時
🕙	十時
🕚	十一時
🕛	十二時
🕜	一時半
🕝	二時半
🕞	三時半
🕟	四時半
🕠	五時半
🕡	六時半
🕢	七時半
🕣	八時半
🕤	九時半
🕥	十時半
🕦	十一時半
🕧	十二時半
🕯	ろうそく
🕰	置時計
🕳	穴
🕴	浮いてるビジネスマン
🕵	探偵
🕶	サングラス
🕷	クモ
🕸	クモの巣
🕹	ジョイスティック
🕺	踊る男
🖇	つながったクリップ
🖊	ペン
🖋	万年筆
🖌	絵筆
🖍	クレヨン
🖐	開いた手
🖕	立てた中指
🖖	バルカンの挨拶
🖤	黒いハート
🖥	デスクトップパソコン
🖨	プリンタ
🖱	マウス
🖲	トラックボール
🖼	絵画
🗂	カードフォルダー
🗃	カードファイルボックス
🗄	ファイルキャビネット
🗑	ごみ箱
🗒	メモ帳
🗓	月めくりカレンダー
🗜	万力
🗝	古い鍵
🗞	丸めた新聞
🗡	短刀
🗣	話す人のシルエット
🗨	吹き出し左
🗯	怒りの吹き出し
🗳	投票箱
🗺	世界地図
🗻	富士山
🗼	東京タワー
🗽	自由の女神
🗾	日本地図
🗿	モアイ
😀	にっこり笑う
😁	にやっと笑う
😂	嬉し泣き
😃	わーい
😄	笑顔
😅	冷や汗笑顔
😆	きゃー
😇	天使の輪がついた笑顔
😈	笑った悪魔
😉	ウインク
😊	にこにこ
😋	にこにこぺろり
😌	ほっとした顔
😍	目がハートの笑顔
😎	サングラスで笑顔
😏	薄笑いをする顔
😐	ポーカーフェイス
😑	無表情
😒	しらけた
😓	冷や汗
😔	しょぼーん
😕	混乱
😖	困惑した顔
😗	キス
😘	投げキッス
😙	にっこりキス
😚	ちゅっ
😛	舌を出した顔
😜	あっかんべー
😝	目を閉じてべー
😞	失望した顔
😟	悩む顔
😠	ぷんぷん
😡	ふくれっ面
😢	泣き顔
😣	我慢
😤	勝ち誇った顔
😥	どうしよう
😦	あきれ顔
😧	苦悩
😨	青ざめ
😩	あきらめ
😪	眠い
😫	疲れた
😬	しかめ面
😭	大泣き
😮	口が開いた顔
😯	ぽかーん
😰	冷や汗青ざめ
😱	恐怖
😲	びっくり
😳	赤面
😴	寝る
😵	めまい
😶	口のない顔
😷	マスク顔
😸	にやっと笑う猫
😹	嬉し泣きする猫
😺	にっこり笑う猫
😻	目がハートの猫
😼	にやりとする猫
😽	猫のキス
😾	不機嫌な猫
😿	泣いている猫
🙀	絶望する猫
🙁	少し困った顔
🙂	微笑む
🙃	さかさまの顔
🙄	上を見る顔
🙅	ダメのポーズをする人
🙆	OKのポーズをする人
🙇	おじぎする人
🙈	見ざる
🙉	聞かざる
🙊	言わざる
🙋	手を挙げる人
🙌	バンザイ
🙍	しかめ面の人
🙎	不機嫌な人
🙏	祈り
🚀	ロケット
🚁	ヘリコプター
🚂	蒸気機関車
🚃	電車
🚄	新幹線
🚅	ゼロ系新幹線
🚆	電車正面
🚇	地下鉄
🚈	ライトレール
🚉	駅
🚊	路面電車正面
🚋	路面電車
🚌	バス
🚍	バス正面
🚎	トロリーバス
🚏	バス停
🚐	マイクロバス
🚑	救急車
🚒	消防車
🚓	パトカー
🚔	パトカー正面
🚕	タクシー
🚖	タクシー正面
🚗	自動車
🚘	自動車正面
🚙	アールブイ車
🚚	トラック
🚛	トレーラー
🚜	トラクター
🚝	モノレール
🚞	登山鉄道
🚟	懸垂式モノレール
🚠	ケーブルカー
🚡	ロープウェイ
🚢	船
🚣	ボートをこぐ人
🚤	スピードボート
🚥	信号横
🚦	信号縦
🚧	工事中
🚨	パトランプ
🚩	三角の旗
🚪	ドア
🚫	車両通行止め
🚬	煙草
🚭	禁煙
🚮	ゴミ箱
🚯	ポイ捨て禁止
🚰	飲料水
🚱	飲用不可
🚲	自転車
🚳	自転車禁止
🚴	自転車に乗る人
🚵	マウンテンバイクに乗る人
🚶	歩く人
🚷	歩行者立入禁止
🚸	児童横断
🚹	男子トイレ
🚺	女子トイレ
🚻	トイレ
🚼	ベビーシート
🚽	便器
🚾	WC
🚿	シャワー
🛀	風呂に入る人
🛁	バスタブ
🛂	出入国審査
🛃	税関
🛄	手荷物受取
🛅	手荷物預かり
🛋	ソファとランプ
🛌	ベッドに寝る人
🛍	紙袋
🛎	ベルボーイベル
🛏	ベッド
🛐	礼拝所
🛑	止まれの標識
🛒	ショッピングカート
🛕	ヒンドゥー教の寺院
🛖	わらぶき小屋
🛗	エレベーター
🛜	Wi-Fi
🛝	すべり台
🛞	ホイール
🛟	救命浮環
🛠	ハンマーとレンチ
🛡	盾
🛢	ドラム缶
🛣	高速道路
🛤	線路
🛥	モーターボート
🛩	小型飛行機
🛫	飛行機離陸
🛬	飛行機着陸
🛰	人工衛星
🛳	客船
🛴	キックボード
🛵	スクーター
🛶	カヌー
🛷	そり競技
🛸	空飛ぶ円盤
🛹	スケートボード
🛺	三輪タクシー
🛻	軽トラック
🛼	ローラースケート
🟠	オレンジの丸
🟡	黄色い丸
🟢	緑の丸
🟣	紫の丸
🟤	茶色の丸
🟥	赤い四角
🟦	青い四角
🟧	オレンジの四角
🟨	黄色い四角
🟩	緑の四角
🟪	紫の四角
🟫	茶色い四角
🟰	太字の等号
🤌	上向きにすぼめた手
🤍	白いハート
🤎	茶色いハート
🤏	つまんでいる指
🤐	口チャック
🤑	お金の顔
🤒	熱がある顔
🤓	オタク
🤔	考える顔
🤕	包帯を巻いた顔
🤖	ロボット
🤗	ハグ
🤘	角の指サイン
🤙	電話の合図
🤚	手の甲
🤛	左向きのこぶし
🤜	右向きのこぶし
🤝	握手
🤞	指をクロス
🤟	アイラブユー
🤠	カウボーイの顔
🤡	ピエロの顔
🤢	吐き気を催している顔
🤣	笑い転げる
🤤	よだれを垂らした顔
🤥	うそつきの顔
🤦	ひたいに手をあてる人
🤧	くしゃみする顔
🤨	眉を上げた顔
🤩	目が星の笑顔
🤪	ふざけた顔
🤫	しーっ
🤬	ののしる
🤭	口に手を当てた顔
🤮	嘔吐する顔
🤯	頭爆発
🤰	妊婦
🤱	授乳
🤲	手のひらを揃えた両手
🤳	セルフィー
🤴	プリンス
🤵	花婿
🤶	女性のサンタ
🤷	お手上げする人
🤸	側転する人
🤹	ジャグリングをする人
🤺	フェンシングをする人
🤼	レスリングする人
🤽	水球をする人
🤾	ハンドボールをする人
🤿	ダイビング マスク
🥀	しおれた花
🥁	ドラム
🥂	グラスで乾杯
🥃	タンブラーグラス
🥄	スプーン
🥅	ゴールネット
🥇	金メダル
🥈	銀メダル
🥉	銅メダル
🥊	ボクシング
🥋	武道
🥌	カーリング
🥍	ラクロス
🥎	ソフトボール
🥏	フリスビー
🥐	クロワッサン
🥑	アボカド
🥒	キュウリ
🥓	ベーコン
🥔	ジャガイモ
🥕	人参
🥖	バゲット
🥗	グリーンサラダ
🥘	パエリア
🥙	ケバブサンド
🥚	卵
🥛	牛乳入りのコップ
🥜	ピーナッツ
🥝	キウイフルーツ
🥞	パンケーキ
🥟	点心
🥠	フォーチュンクッキー
🥡	テイクアウト弁当
🥢	はし
🥣	ボウルとスプーン
🥤	ストローカップ
🥥	ココナツ
🥦	ブロッコリー
🥧	パイ
🥨	プレッツェル
🥩	ステーキ肉
🥪	サンドイッチ
🥫	缶詰
🥬	葉野菜
🥭	マンゴー
🥮	月餅
🥯	ベーグル
🥰	ハートの笑顔
🥱	あくびした顔
🥲	嬉し涙の顔
🥳	パーティーの顔
🥴	ふらふらの顔
🥵	暑い顔
🥶	寒い顔
🥷	忍者
🥸	変装した顔
🥹	涙をこらえた顔
🥺	訴えるような顔
🥻	サリー
🥼	白衣
🥽	ゴーグル
🥾	ハイキングシューズ
🥿	フラットシューズ
🦀	カニ
🦁	ライオンの顔
🦂	サソリ
🦃	七面鳥
🦄	ユニコーンの顔
🦅	ワシ
🦆	カモ
🦇	コウモリ
🦈	サメ
🦉	フクロウ
🦊	キツネの顔
🦋	チョウ
🦌	シカ
🦍	ゴリラ
🦎	トカゲ
🦏	サイ
🦐	エビ
🦑	イカ
🦒	キリン
🦓	シマウマ
🦔	ハリネズミ
🦕	草食恐竜
🦖	ティラノサウルス
🦗	バッタ
🦘	カンガルー
🦙	ラマ
🦚	クジャク
🦛	カバ
🦜	オウム
🦝	アライグマ
🦞	ザリガニ
🦟	蚊
🦠	微生物
🦡	アナグマ
🦢	白鳥
🦣	マンモス
🦤	ドードー
🦥	ナマケモノ
🦦	カワウソ
🦧	オランウータン
🦨	スカンク
🦩	フラミンゴ
🦪	牡蠣
🦫	ビーバー
🦬	バイソン
🦭	アザラシ
🦮	盲導犬
🦯	白杖
🦰	赤毛
🦱	巻き毛
🦲	はげ頭
🦳	白髪
🦴	骨
🦵	脚
🦶	足
🦷	歯
🦸	スーパーヒーロー
🦹	悪役
🦺	安全ベスト
🦻	補聴器を付けた耳
🦼	電動車椅子
🦽	手動式車椅子
🦾	義手
🦿	義足
🧀	チーズ
🧁	カップケーキ
🧂	塩
🧃	紙パック飲料
🧄	ニンニク
🧅	タマネギ
🧆	ファラフェル
🧇	ワッフル
🧈	バター
🧉	マテ茶
🧊	角氷
🧋	タピオカドリンク
🧌	トロール
🧍	立つ人
🧎	正座する人
🧏	耳の不自由な人
🧐	モノクルを付けた顔
🧑	大人
🧒	子供
🧓	お年寄り
🧔	あごひげの男性
🧕	スカーフの女性
🧖	サウナに入る人
🧗	山を登る人
🧘	ヨガのポーズをする人
🧙	魔法使い
🧚	妖精
🧛	吸血鬼
🧜	人魚
🧝	エルフ
🧞	精霊
🧟	ゾンビ
🧠	脳
🧡	オレンジのハート
🧢	キャップ
🧣	マフラー
🧤	手袋
🧥	コート
🧦	ソックス
🧧	赤い封筒
🧨	爆竹
🧩	ジグソーパズル
🧪	試験管
🧫	ペトリ皿
🧬	DNA
🧭	コンパス
🧮	そろばん
🧯	消火器
🧰	工具箱
🧱	れんが
🧲	U字型磁石
🧳	スーツケース
🧴	ローション
🧵	糸
🧶	毛糸
🧷	安全ピン
🧸	テディベア
🧹	ほうき
🧺	かご
🧻	トイレットペーパー
🧼	石けん
🧽	スポンジ
🧾	レシート
🧿	ナザール ボンジュウ
🇦🇨	アセンション島の旗
🇦🇩	アンドラの旗
🇦🇪	アラブ首長国連邦の旗
🇦🇫	アフガニスタンの旗
🇦🇬	アンティグア・バーブーダの旗
🇦🇮	アンギラの旗
🇦🇱	アルバニアの旗
🇦🇲	アルメニアの旗
🇦🇴	アンゴラの旗
🇦🇶	南極の旗
🇦🇷	アルゼンチンの旗
🇦🇸	米領サモアの旗
🇦🇹	オーストリアの旗
🇦🇺	オーストラリアの旗
🇦🇼	アルバの旗
🇦🇽	オーランド諸島の旗
🇦🇿	アゼルバイジャンの旗
🇧🇦	ボスニア・ヘルツェゴビナの旗
🇧🇧	バルバドスの旗
🇧🇩	バングラデシュの旗
🇧🇪	ベルギーの旗
🇧🇫	ブルキナファソの旗
🇧🇬	ブルガリアの旗
🇧🇭	バーレーンの旗
🇧🇮	ブルンジの旗
🇧🇯	ベナンの旗
🇧🇱	サン・バルテルミーの旗
🇧🇲	バミューダの旗
🇧🇳	ブルネイの旗
🇧🇴	ボリビアの旗
🇧🇶	オランダ領カリブの旗
🇧🇷	ブラジルの旗
🇧🇸	バハマの旗
🇧🇹	ブータンの旗
🇧🇻	ブーベ島の旗
🇧🇼	ボツワナの旗
🇧🇾	ベラルーシの旗
🇧🇿	ベリーズの旗
🇨🇦	カナダの旗
🇨🇨	ココス(キーリング)諸島の旗
🇨🇩	コンゴ民主共和国(キンシャサ)の旗
🇨🇫	中央アフリカ共和国の旗
🇨🇬	コンゴ共和国(ブラザビル)の旗
🇨🇭	スイスの旗
🇨🇮	コートジボワールの旗
🇨🇰	クック諸島の旗
🇨🇱	チリの旗
🇨🇲	カメルーンの旗
🇨🇳	中国の旗
🇨🇴	コロンビアの旗
🇨🇵	クリッパートン島の旗
🇨🇷	コスタリカの旗
🇨🇺	キューバの旗
🇨🇻	カーボベルデの旗
🇨🇼	キュラソーの旗
🇨🇽	クリスマス島の旗
🇨🇾	キプロスの旗
🇨🇿	チェコの旗
🇩🇪	ドイツの旗
🇩🇬	ディエゴガルシア島の旗
🇩🇯	ジブチの旗
🇩🇰	デンマークの旗
🇩🇲	ドミニカ国の旗
🇩🇴	ドミニカ共和国の旗
🇩🇿	アルジェリアの旗
🇪🇦	セウタ・メリリャの旗
🇪🇨	エクアドルの旗
🇪🇪	エストニアの旗
🇪🇬	エジプトの旗
🇪🇭	西サハラの旗
🇪🇷	エリトリアの旗
🇪🇸	スペインの旗
🇪🇹	エチオピアの旗
🇪🇺	欧州連合の旗
🇫🇮	フィンランドの旗
🇫🇯	フィジーの旗
🇫🇰	フォークランド諸島の旗
🇫🇲	ミクロネシア連邦の旗
🇫🇴	フェロー諸島の旗
🇫🇷	フランスの旗
🇬🇦	ガボンの旗
🇬🇧	イギリスの旗
🇬🇩	グレナダの旗
🇬🇪	ジョージアの旗
🇬🇫	仏領ギアナの旗
🇬🇬	ガーンジーの旗
🇬🇭	ガーナの旗
🇬🇮	ジブラルタルの旗
🇬🇱	グリーンランドの旗
🇬🇲	ガンビアの旗
🇬🇳	ギニアの旗
🇬🇵	グアドループの旗
🇬🇶	赤道ギニアの旗
🇬🇷	ギリシャの旗
🇬🇸	サウスジョージア・サウスサンドウィッチ諸島の旗
🇬🇹	グアテマラの旗
🇬🇺	グアムの旗
🇬🇼	ギニアビサウの旗
🇬🇾	ガイアナの旗
🇭🇰	中華人民共和国香港特別行政区の旗
🇭🇲	ハード島・マクドナルド諸島の旗
🇭🇳	ホンジュラスの旗
🇭🇷	クロアチアの旗
🇭🇹	ハイチの旗
🇭🇺	ハンガリーの旗
🇮🇨	カナリア諸島の旗
🇮🇩	インドネシアの旗
🇮🇪	アイルランドの旗
🇮🇱	イスラエルの旗
🇮🇲	マン島の旗
🇮🇳	インドの旗
🇮🇴	英領インド洋地域の旗
🇮🇶	イラクの旗
🇮🇷	イランの旗
🇮🇸	アイスランドの旗
🇮🇹	イタリアの旗
🇯🇪	ジャージーの旗
🇯🇲	ジャマイカの旗
🇯🇴	ヨルダンの旗
🇯🇵	日本の旗
🇰🇪	ケニアの旗
🇰🇬	キルギスの旗
🇰🇭	カンボジアの旗
🇰🇮	キリバスの旗
🇰🇲	コモロの旗
🇰🇳	セントクリストファー・ネーヴィスの旗
🇰🇵	北朝鮮の旗
🇰🇷	韓国の旗
🇰🇼	クウェートの旗
🇰🇾	ケイマン諸島の旗
🇰🇿	カザフスタンの旗
🇱🇦	ラオスの旗
🇱🇧	レバノンの旗
🇱🇨	セントルシアの旗
🇱🇮	リヒテンシュタインの旗
🇱🇰	スリランカの旗
🇱🇷	リベリアの旗
🇱🇸	レソトの旗
🇱🇹	リトアニアの旗
🇱🇺	ルクセンブルクの旗
🇱🇻	ラトビアの旗
🇱🇾	リビアの旗
🇲🇦	モロッコの旗
🇲🇨	モナコの旗
🇲🇩	モルドバの旗
🇲🇪	モンテネグロの旗
🇲🇫	サン・マルタンの旗
🇲🇬	マダガスカルの旗
🇲🇭	マーシャル諸島の旗
🇲🇰	マケドニアの旗
🇲🇱	マリの旗
🇲🇲	ミャンマー (ビルマ)の旗
🇲🇳	モンゴルの旗
🇲🇴	中華人民共和国マカオ特別行政区の旗
🇲🇵	北マリアナ諸島の旗
🇲🇶	マルティニークの旗
🇲🇷	モーリタニアの旗
🇲🇸	モントセラトの旗
🇲🇹	マルタの旗
🇲🇺	モーリシャスの旗
🇲🇻	モルディブの旗
🇲🇼	マラウイの旗
🇲🇽	メキシコの旗
🇲🇾	マレーシアの旗
🇲🇿	モザンビークの旗
🇳🇦	ナミビアの旗
🇳🇨	ニューカレドニアの旗
🇳🇪	ニジェールの旗
🇳🇫	ノーフォーク島の旗
🇳🇬	ナイジェリアの旗
🇳🇮	ニカラグアの旗
🇳🇱	オランダの旗
🇳🇴	ノルウェーの旗
🇳🇵	ネパールの旗
🇳🇷	ナウルの旗
🇳🇺	ニウエの旗
🇳🇿	ニュージーランドの旗
🇴🇲	オマーンの旗
🇵🇦	パナマの旗
🇵🇪	ペルーの旗
🇵🇫	仏領ポリネシアの旗
🇵🇬	パプアニューギニアの旗
🇵🇭	フィリピンの旗
🇵🇰	パキスタンの旗
🇵🇱	ポーランドの旗
🇵🇲	サンピエール島・ミクロン島の旗
🇵🇳	ピトケアン諸島の旗
🇵🇷	プエルトリコの旗
🇵🇸	パレスチナ自治区の旗
🇵🇹	ポルトガルの旗
🇵🇼	パラオの旗
🇵🇾	パラグアイの旗
🇶🇦	カタールの旗
🇷🇪	レユニオンの旗
🇷🇴	ルーマニアの旗
🇷🇸	セルビアの旗
🇷🇺	ロシアの旗
🇷🇼	ルワンダの旗
🇸🇦	サウジアラビアの旗
🇸🇧	ソロモン諸島の旗
🇸🇨	セーシェルの旗
🇸🇩	スーダンの旗
🇸🇪	スウェーデンの旗
🇸🇬	シンガポールの旗
🇸🇭	セントヘレナの旗
🇸🇮	スロベニアの旗
🇸🇯	スバールバル諸島・ヤンマイエン島の旗
🇸🇰	スロバキアの旗
🇸🇱	シエラレオネの旗
🇸🇲	サンマリノの旗
🇸🇳	セネガルの旗
🇸🇴	ソマリアの旗
🇸🇷	スリナムの旗
🇸🇸	南スーダンの旗
🇸🇹	サントメ・プリンシペの旗
🇸🇻	エルサルバドルの旗
🇸🇽	シント・マールテンの旗
🇸🇾	シリアの旗
🇸🇿	スワジランドの旗
🇹🇦	トリスタン・ダ・クーニャの旗
🇹🇨	タークス・カイコス諸島の旗
🇹🇩	チャドの旗
🇹🇫	仏領極南諸島の旗
🇹🇬	トーゴの旗
🇹🇭	タイの旗
🇹🇯	タジキスタンの旗
🇹🇰	トケラウの旗
🇹🇱	東ティモールの旗
🇹🇲	トルクメニスタンの旗
🇹🇳	チュニジアの旗
🇹🇴	トンガの旗
🇹🇷	トルコの旗
🇹🇹	トリニダード・トバゴの旗
🇹🇻	ツバルの旗
🇹🇼	台湾の旗
🇹🇿	タンザニアの旗
🇺🇦	ウクライナの旗
🇺🇬	ウガンダの旗
🇺🇲	合衆国領有小離島の旗
🇺🇳	国際連合の旗
🇺🇸	アメリカ合衆国の旗
🇺🇾	ウルグアイの旗
🇺🇿	ウズベキスタンの旗
🇻🇦	バチカン市国の旗
🇻🇨	セントビンセント及びグレナディーン諸島の旗
🇻🇪	ベネズエラの旗
🇻🇬	英領ヴァージン諸島の旗
🇻🇮	米領ヴァージン諸島の旗
🇻🇳	ベトナムの旗
🇻🇺	バヌアツの旗
🇼🇫	ウォリス・フツナの旗
🇼🇸	サモアの旗
🇽🇰	コソボの旗
🇾🇪	イエメンの旗
🇾🇹	マヨットの旗
🇿🇦	南アフリカの旗
🇿🇲	ザンビアの旗
🇿🇼	ジンバブエの旗
🏴󠁧󠁢󠁥󠁮󠁧󠁿	イングランドの旗
🏴󠁧󠁢󠁳󠁣󠁴󠁿	スコットランドの旗
🏴󠁧󠁢󠁷󠁬󠁳󠁿	ウェールズの旗
#️⃣	ハッシュキー
*️⃣	アスタリスクキー
0️⃣	零のキー
1️⃣	一のキー
2️⃣	二のキー
3️⃣	三のキー
4️⃣	四のキー
5️⃣	五のキー
6️⃣	六のキー
7️⃣	七のキー
8️⃣	八のキー
9️⃣	九のキー
🩰	トウシューズ
🩱	ワンピースの水着
🩲	ブリーフ
🩳	ショーツ
🩴	ビーチサンダル
🩵	薄い青のハート
🩶	灰色のハート
🩷	ピンクのハート
🩸	血液
🩹	絆創膏
🩺	聴診器
🩻	X線
🩼	松葉杖
🪀	ヨーヨー
🪁	たこ
🪂	パラシュート
🪃	ブーメラン
🪄	魔法の杖
🪅	ピニャータ
🪆	マトリョーシカ
🪇	マラカス
🪈	笛
🪉	ハープ
🪏	シャベル
🪐	環のある惑星
🪑	椅子
🪒	剃刀
🪓	斧
🪔	ディヤランプ
🪕	バンジョー
🪖	軍用ヘルメット
🪗	アコーディオン
🪘	コンガ
🪙	コイン
🪚	のこぎり
🪛	ねじ回し
🪜	はしご
🪝	フック
🪞	鏡
🪟	窓
🪠	ラバーカップ
🪡	縫い針
🪢	結び目
🪣	バケツ
🪤	ねずみ捕り
🪥	歯ブラシ
🪦	墓石
🪧	プラカード
🪨	岩石
🪩	ミラーボール
🪪	身分証
🪫	バッテリー残量低下
🪬	ハムサ
🪭	扇子
🪮	アフロコーム
🪯	カンダ
🪰	ハエ
🪱	ミミズ
🪲	カブトムシ
🪳	ゴキブリ
🪴	鉢植え
🪵	丸太
🪶	羽
🪷	ハスの花
🪸	サンゴ
🪹	空っぽの巣
🪺	鳥の卵と巣
🪻	ヒヤシンス
🪼	クラゲ
🪽	翼
🪾	枯れ木
🪿	ガチョウ
🫀	心臓
🫁	肺
🫂	ハグする人
🫃	妊夫
🫄	妊娠した人
🫅	王冠をかぶった人
🫆	指紋
🫎	ヘラジカ
🫏	ロバ
🫐	ブルーベリー
🫑	ピーマン
🫒	オリーブ
🫓	フラットブレッド
🫔	タマル
🫕	フォンデュ
🫖	ティーポット
🫗	コップから注ぐ
🫘	豆
🫙	瓶
🫚	ショウガ
🫛	エンドウ豆
🫜	根菜
🫟	飛び散ったペンキ
🫠	溶けている顔
🫡	敬礼する顔
🫢	目を開けて口に手を当てた顔
🫣	指の間からのぞき見る顔
🫤	口が斜めの顔
🫥	点線の顔
🫦	唇を咬んでいる口
🫧	泡
🫨	震えている顔
🫩	目にクマがある顔
🫰	親指と人差し指をクロス
🫱	右に向けた手
🫲	左に向けた手
🫳	下に向けた手
🫴	上に向けた手
🫵	人を指差している手
🫶	ハート形の手
🫷	左向きに押している手
🫸	右向きに押している手
⛓‍💥	壊れた鎖
❤‍🔥	燃えるハート
❤‍🩹	包帯を巻いたハート
🍄‍🟫	きのこ
🍋‍🟩	ライム
🏃‍♀‍➡	走る女 右向き
🏃‍♂‍➡	走る男 右向き
🏃‍➡	走る人 右向き
🏳‍⚧	トランスジェンダーフラッグ
🐈‍⬛	黒猫
🐕‍🦺	介助犬
🐦‍⬛	黒い鳥
🐦‍🔥	フェニックス
🐻‍❄	シロクマ
👨‍🍼	授乳する男性
👨‍🦯	杖をついた男性
👨‍🦯‍➡	杖をついた男性 右向き
👨‍🦰	男性 赤毛
👨‍🦱	男性 巻き毛
👨‍🦲	男性 はげ頭
👨‍🦳	男性 白髪
👨‍🦼	電動車椅子の男性
👨‍🦼‍➡	電動車椅子の男性 右向き
👨‍🦽	手動式車椅子の男性
👨‍🦽‍➡	手動式車椅子の男性 右向き
👩‍❤‍💋‍👨	女性と男性のキス
👨‍❤‍💋‍👨	男性二人のキス
👩‍❤‍💋‍👩	女性二人のキス
👩‍❤‍👨	女性と男性のカップル
👨‍❤‍👨	男性二人のカップル
👩‍❤‍👩	女性二人のカップル
👨‍👩‍👦	男性と女性と男の子の家族
👨‍👩‍👧	男性と女性と女の子の家族
👨‍👩‍👧‍👦	男性と女性と女の子と男の子の家族
👨‍👩‍👦‍👦	男性と女性と男の子二人の家族
👨‍👩‍👧‍👧	男性と女性と女の子二人の家族
👨‍👨‍👦	男性二人と男の子の家族
👨‍👨‍👧	男性二人と女の子の家族
👨‍👨‍👧‍👦	男性二人と女の子と男の子の家族
👨‍👨‍👦‍👦	男性二人と男の子二人の家族
👨‍👨‍👧‍👧	男性二人と女の子二人の家族
👩‍🍼	授乳する女性
👩‍👩‍👦	女性二人と男の子の家族
👩‍👩‍👧	女性二人と女の子の家族
👩‍👩‍👧‍👦	女性二人と女の子と男の子の家族
👩‍👩‍👦‍👦	女性二人と男の子二人の家族
👩‍👩‍👧‍👧	女性二人と女の子二人の家族
👨‍👦	男性と男の子の家族
👨‍👦‍👦	男性と男の子二人の家族
👨‍👧	男性と女の子の家族
👨‍👧‍👦	男性と女の子と男の子の家族
👨‍👧‍👧	男性と女の子二人の家族
👩‍👦	女性と男の子の家族
👩‍👦‍👦	女性と男の子二人の家族
👩‍👧	女性と女の子の家族
👩‍👧‍👦	女性と女の子と男の子の家族
👩‍👧‍👧	女性と女の子二人の家族
👨‍⚕	男性の医者
👩‍⚕	女性の医者
👨‍⚖	男性の裁判官
👩‍⚖	女性の裁判官
👨‍✈	男性パイロット
👩‍✈	女性パイロット
👨‍🌾	農家の男性
👩‍🌾	農家の女性
👨‍🍳	男性のコック
👩‍🍳	女性のコック
👨‍🎓	男子学生
👩‍🎓	女子学生
👨‍🎤	男性歌手
👩‍🎤	女性歌手
👨‍🎨	男性の芸術家
👩‍🎨	女性の芸術家
👨‍🏫	男性の教師
👩‍🏫	女性の教師
👨‍🏭	男性の溶接工
👩‍🏭	女性の溶接工
👨‍💻	男性技術者
👩‍💻	女性技術者
👨‍💼	男性会社員
👩‍💼	女性会社員
👨‍🔧	男性の整備士
👩‍🔧	女性の整備士
👨‍🔬	男性科学者
👩‍🔬	女性科学者
👨‍🚀	男性宇宙飛行士
👩‍🚀	女性宇宙飛行士
👨‍🚒	男性消防士
👩‍🚒	女性消防士
👩‍🦯	杖をついた女性
👩‍🦯‍➡	杖をついた女性 右向き
👩‍🦰	女性 赤毛
👩‍🦱	女性 巻き毛
👩‍🦲	女性 はげ頭
👩‍🦳	女性 白髪
👩‍🦼	電動車椅子の女性
👩‍🦼‍➡	電動車椅子の女性 右向き
👩‍🦽	手動式車椅子の女性
👩‍🦽‍➡	手動式車椅子の女性 右向き
👮‍♀	女性警察官
👮‍♂	男性警察官
👰‍♀	ベールの女性
👰‍♂	ベールの男性
👱‍♀	金髪の女性
👱‍♂	金髪の男性
👳‍♀	ターバンの女性
👳‍♂	ターバンの男性
👷‍♀	女性の建設作業員
👷‍♂	男性の建設作業員
💂‍♀	女性の衛兵
💂‍♂	男性の衛兵
🕵️‍♀	女性の探偵
🕵️‍♂	男性の探偵
😮‍💨	息を吐く顔
😵‍💫	目を回した顔
😶‍🌫	雲の中の顔
🙂‍↔	首を横に振る
🙂‍↕	首を縦に振る
🚶‍♀‍➡	歩く女 右向き
🚶‍♂‍➡	歩く男 右向き
🚶‍➡	歩く人 右向き
🤵‍♀	タキシードの女性
🤵‍♂	タキシードの男性
🦸‍♀	女性のスーパーヒーロー
🦸‍♂	男性のスーパーヒーロー
🦹‍♀	女性の悪役
🦹‍♂	男性の悪役
🧍‍♀	立つ女
🧍‍♂	立つ男
🧎‍♀	正座する女性
🧎‍♀‍➡	正座する女性 右向き
🧎‍♂	正座する男性
🧎‍♂‍➡	正座する男性 右向き
🧎‍➡	正座する人 右向き
🧏‍♀	耳の不自由な女性
🧏‍♂	耳の不自由な男性
🧑‍⚕	医者
🧑‍⚖	裁判官
🧑‍✈	パイロット
🧑‍🌾	農家
🧑‍🍳	コック
🧑‍🍼	授乳する人
🧑‍🎄	サンタさん
🧑‍🎓	学生
🧑‍🎤	歌手
🧑‍🎨	芸術家
🧑‍🏫	教師
🧑‍🏭	溶接工
🧑‍💻	技術者
🧑‍💼	会社員
🧑‍🔧	整備士
🧑‍🔬	科学者
🧑‍🚀	宇宙飛行士
🧑‍🚒	消防士
🧑‍🤝‍🧑	手をつなぐ二人
🧑‍🦯	杖をついた人
🧑‍🦯‍➡	杖をついた人 右向き
🧑‍🦰	大人 赤毛
🧑‍🦱	大人 巻き毛
🧑‍🦲	大人 はげ頭
🧑‍🦳	大人 白髪
🧑‍🦼	電動車椅子の人
🧑‍🦼‍➡	電動車椅子の人 右向き
🧑‍🦽	手動式車椅子の人
🧑‍🦽‍➡	手動式車椅子の人 右向き
🧑‍🧑‍🧒	家族 大人二人と子供一人
🧑‍🧑‍🧒‍🧒	家族 大人二人と子供二人
🧑‍🧒	家族 大人一人と子供一人
🧑‍🧒‍🧒	家族 大人一人と子供二人
🧑‍🩰	バレエダンサー
🧔‍♀	あごひげの女性
🧔‍♂	あごひげの男性
🧙‍♀	女の魔法使い
🧙‍♂	男の魔法使い
🧚‍♀	女の妖精
🧚‍♂	男の妖精
🧛‍♀	女の吸血鬼
🧛‍♂	男の吸血鬼
🧜‍♀	マーメイド
🧜‍♂	マーマン
🧝‍♀	女のエルフ
🧝‍♂	男のエルフ
🧞‍♀	女の精霊
🧞‍♂	男の精霊
🧟‍♀	女のゾンビ
🧟‍♂	男のゾンビ
⛹‍♀	バスケットボールをする女
⛹‍♂	バスケットボールをする男
🏃‍♀	走る女
🏃‍♂	走る男
🏄‍♀	サーフィンする女
🏄‍♂	サーフィンする男
🏊‍♀	泳ぐ女
🏊‍♂	泳ぐ男
🏋️‍♀	重量挙げをする女
🏋️‍♂	重量挙げをする男
🏌️‍♀	ゴルフをする女
🏌️‍♂	ゴルフをする男
👯‍♀	バニーガール
👯‍♂	バニーボーイ
💆‍♀	フェイスマッサージ中の女
💆‍♂	フェイスマッサージ中の男
💇‍♀	散髪される女
💇‍♂	散髪される男
🚣‍♀	ボートをこぐ女
🚣‍♂	ボートをこぐ男
🚴‍♀	自転車に乗る女
🚴‍♂	自転車に乗る男
🚵‍♀	マウンテンバイクに乗る女
🚵‍♂	マウンテンバイクに乗る男
🚶‍♀	歩く女
🚶‍♂	歩く男
🤸‍♀	側転する女
🤸‍♂	側転する男
🤹‍♀	ジャグリングをする女
🤹‍♂	ジャグリングをする男
🤼‍♀	レスリングする女
🤼‍♂	レスリングする男
🤽‍♀	水球をする女
🤽‍♂	水球をする男
🤾‍♀	ハンドボールをする女
🤾‍♂	ハンドボールをする男
🧖‍♀	サウナに入る女
🧖‍♂	サウナに入る男
🧗‍♀	山を登る女
🧗‍♂	山を登る男
🧘‍♀	ヨガのポーズをする女
🧘‍♂	ヨガのポーズをする男
💁‍♀	案内する女
💁‍♂	案内する男
🙅‍♀	ダメのポーズをする女
🙅‍♂	ダメのポーズをする男
🙆‍♀	OKのポーズをする女
🙆‍♂	OKのポーズをする男
🙇‍♀	おじぎする女
🙇‍♂	おじぎする男
🙋‍♀	手を挙げる女
🙋‍♂	手を挙げる男
🙍‍♀	しかめ面の女
🙍‍♂	しかめ面の男
🙎‍♀	不機嫌な女
🙎‍♂	不機嫌な男
🤦‍♀	ひたいに手をあてる女
🤦‍♂	ひたいに手をあてる男
🤷‍♀	お手上げする女
🤷‍♂	お手上げする男
🏳‍🌈	レインボーフラッグ
🏴‍☠	海賊旗
👁‍🗨	吹き出しの目
