©	copyright
®	marchio registrato cerchiato
‼	doppio punto esclamativo
⁄	barra di frazione
⁉	punto esclamativo e interrogativo
⁻	segno meno in apice
₡	colón costaricano
₢	cruzeiro
₣	franco francese
₦	naira
₧	peseta spagnola
₨	rupia
₪	nuovo siclo israeliano
₫	dong vietnamita
€	euro
₭	kip laotiano
₮	tugrik mongolo
₰	pfennig tedesco
₱	peso
₲	guaraní paraguayano
₳	austral
₴	grivnia ucraina
₵	cedi ghanese
₶	livre tournois
₷	spesmilo
₸	tenge kazako
₹	rupia indiana
₺	lira turca
₼	manat azero
₽	rublo
₾	lari georgiano
₿	bitcoin
℗	simbolo di copyright della registrazione sonora
™	marchio
ℹ	punto informazioni
←	freccia verso sinistra
↑	freccia verso l’alto
→	freccia verso destra
↓	freccia verso il basso
↔	freccia sinistra-destra
↕	freccia su-giù
↖	freccia in alto a sinistra
↗	freccia rivolta verso destra che punta in alto
↘	freccia in basso a destra
↙	freccia in basso a sinistra
↚	freccia verso sinistra barrata
↛	freccia verso destra barrata
↜	freccia ondulata verso sinistra
↝	freccia ondulata verso destra
↞	freccia a due punte verso sinistra
↟	freccia a due punte verso l’alto
↠	freccia a due punte verso destra
↡	freccia a due punte verso il basso
↢	freccia verso sinistra con coda
↣	freccia verso destra con coda
↤	freccia verso sinistra dalla barra
↥	freccia verso l’alto dalla barra
↦	freccia verso destra dalla barra
↧	freccia verso il basso dalla barra
↨	freccia bidirezionale con base
↩	freccia curva a sinistra
↪	freccia curva a destra
↫	freccia verso sinistra con anello
↬	freccia verso destra con anello
↭	freccia sinistra e destra ondulata
↮	freccia sinistra e destra barrata
↯	freccia a zigzag verso il basso
↰	freccia verso l’alto con punta a sinistra
↱	freccia verso l’alto con punta a destra
↲	freccia verso il basso con punta a sinistra
↳	freccia verso il basso con punta a destra
↴	freccia verso destra con angolo rivolto in basso
↵	freccia verso il basso con angolo rivolto a sinistra
↶	freccia semicircolare superiore in senso antiorario
↷	freccia semicircolare superiore in senso orario
↸	freccia nord-ovest verso barra lunga
↹	freccia a sinistra verso barra su freccia a destra verso barra
↺	freccia circolare aperta in senso antiorario
↻	freccia circolare aperta in senso orario
↼	arpione a sinistra con punta verso l’alto
↽	arpione a sinistra con punta verso il basso
↾	arpione in alto con punta verso destra
↿	arpione in alto con punta verso sinistra
⇀	arpione a destra con punta verso l’alto
⇁	arpione a destra con punta verso il basso
⇂	arpione in basso con punta verso destra
⇃	arpione in basso con punta verso sinistra
⇄	freccia a destra su freccia a sinistra
⇅	freccia verso l’alto e freccia verso il basso
⇆	freccia verso sinistra su freccia verso destra
⇇	coppia di frecce rivolte a sinistra
⇈	coppia di frecce rivolte verso l’alto
⇉	coppia di frecce rivolte a destra
⇊	coppia di frecce rivolte verso il basso
⇋	arpione a sinistra su arpione a destra
⇌	arpione a destra su arpione a sinistra
⇍	freccia doppia a sinistra barrata
⇎	freccia doppia sinistra e destra barrata
⇏	freccia doppia a destra barrata
⇐	freccia doppia a sinistra
⇑	freccia doppia verso l’alto
⇒	freccia doppia a destra
⇓	freccia doppia verso il basso
⇔	freccia doppia sinistra e destra
⇖	freccia doppia nord-ovest
⇗	freccia doppia nord-est
⇘	freccia doppia sud-est
⇙	freccia doppia sud-ovest
⇚	freccia tripla a sinistra
⇛	freccia tripla a destra
⇜	freccia ondulare a sinistra
⇝	freccia ondulare a destra
⇞	freccia doppia verso l’alto con doppia barra
⇟	freccia doppia verso il basso con doppia barra
⇠	freccia tratteggiata a sinistra
⇡	freccia tratteggiata verso l’alto
⇢	freccia tratteggiata a destra
⇣	freccia tratteggiata verso il basso
⇤	freccia a sinistra verso barra
⇥	freccia a destra verso barra
⇦	freccia vuota a sinistra
⇧	freccia vuota verso l’alto
⇨	freccia vuota a destra
⇩	freccia vuota verso il basso
⇪	freccia vuota verso l’alto dalla barra
⇵	freccia verso il basso con freccia verso l’alto a destra
∀	per ogni
∂	derivata parziale
∃	esiste
∅	insieme vuoto
∆	simbolo di incremento
∇	nabla
∈	simbolo di appartenenza
∉	non appartiene
∋	contiene
∎	fine della dimostrazione
∏	prodotto n-ario
∑	sommatoria n-aria
−	segno meno
∓	meno o più
∕	barra di divisione
∗	operatore asterisco
∘	operatore anello
∙	operatore punto elenco
√	radice quadrata
∝	proporzionale
∞	simbolo di infinito
∟	angolo retto
∠	angolo
∣	divide
∥	parallelo
∧	e logico
∩	simbolo di intersezione
∪	simbolo di unione
∫	integrale
∬	integrale doppio
∮	integrale curvilineo
∴	quindi
∵	perché
∶	rapporto
∷	proporzione
∼	operatore tilde
∽	tilde rovesciata
≃	asintoticamente uguale
≅	congruente geometricamente
≈	quasi uguale
≌	tutto uguale
≒	approssimativamente uguale all’immagine
≖	anello pari a
≠	disuguale
≡	simbolo di coincidenza
≣	strettamente equivalente
≤	minore o uguale
≥	maggiore o uguale
≦	minore di su uguale
≧	maggiore di su uguale
≪	molto minore di
≫	molto maggiore di
≬	tra
≮	non minore di
≯	non maggiore di
≳	maggiore di o equivalente a
≺	precede
≻	segue
⊁	non segue
⊂	simbolo di sottoinsieme
⊃	sovrainsieme
⊆	sottoinsieme uguale a
⊇	sovrainsieme uguale a
⊕	segno più in cerchio
⊖	segno meno in cerchio
⊗	segno di moltiplicazione in cerchio
⊘	barra di divisione in cerchio
⊙	operatore punto in cerchio
⊚	operatore anello in cerchio
⊛	operatore asterisco in cerchio
⊞	segno più in quadrato
⊟	segno meno in quadrato
⊥	contraddizione
⊮	non forza
⊰	precede nella relazione
⊱	segue nella relazione
⊶	originale
⊹	matrice hermitiana coniugata
⊿	triangolo rettangolo
⋁	o logico n-ario
⋂	intersezione n-aria
⋃	unione n-aria
⋅	operatore punto
⋆	operatore asterisco
⋈	unione naturale
⋒	intersezione doppia
⋘	molto molto minore di
⋙	molto molto maggiore di
⋭	non contiene come sottogruppo normale o uguale
⋮	puntini di sospensione verticali
⋯	puntini di sospensione centrati
⋰	puntini di sospensione diagonali in alto a destra
⋱	puntini di sospensione diagonali in basso a destra
⌚	orologio
⌛	clessidra
⌨	tastiera
⏏	pulsante espulsione
⏩	avanzamento rapido
⏪	riavvolgimento rapido
⏫	doppia freccia in alto
⏬	doppia freccia in basso
⏭	traccia successiva
⏮	traccia precedente
⏯	play o pausa
⏰	sveglia
⏱	cronometro
⏲	timer
⏳	clessidra che scorre
⏸	pulsante pausa
⏹	pulsante stop
⏺	pulsante registrazione
Ⓜ	pulsante M cerchiata
■	quadrato pieno
□	quadrato vuoto
▢	quadrato vuoto con angoli arrotondati
▣	quadrato vuoto con quadrato pieno
▤	quadrato con riempimento orizzontale
▥	quadrato con riempimento verticale
▦	quadrato con riempimento tratteggiato ortogonale
▧	quadrato con righe inclinate da sinistra a destra
▨	quadrato con righe inclinate da destra a sinistra
▩	quadrato con riempimento tratteggiato diagonale
▪	quadrato nero piccolo
▫	quadrato bianco piccolo
▬	rettangolo pieno
▭	rettangolo vuoto
▮	rettangolo verticale pieno
▰	parallelogramma pieno
▲	triangolo pieno rivolto verso l’alto
△	triangolo vuoto rivolto verso l’alto
▴	triangolo piccolo pieno rivolto verso l’alto
▵	triangolo piccolo vuoto rivolto verso l’alto
▶	pulsante play
▷	triangolo vuoto rivolto verso destra
▸	triangolo piccolo pieno rivolto verso destra
▹	triangolo piccolo vuoto rivolto verso destra
►	puntatore pieno rivolto verso destra
▻	puntatore vuoto rivolto verso destra
▼	triangolo pieno capovolto
▽	triangolo vuoto capovolto
▾	triangolo piccolo pieno capovolto
▿	triangolo piccolo vuoto capovolto
◀	pulsante riavvolgimento
◁	triangolo vuoto rivolto verso sinistra
◂	triangolo piccolo pieno rivolto verso sinistra
◃	triangolo piccolo vuoto rivolto verso sinistra
◄	puntatore pieno rivolto verso sinistra
◅	puntatore vuoto rivolto verso sinistra
◆	rombo pieno
◇	rombo vuoto
◈	rombo vuoto con rombo pieno
◉	cerchio vuoto con cerchio pieno
◊	losanga
○	cerchio vuoto
◌	cerchio tratteggiato
◍	cerchio con riempimento verticale
◎	cerchi concentrici
●	cerchio pieno
◐	cerchio con metà sinistra piena
◑	cerchio con metà destra piena
◒	cerchio con metà inferiore piena
◓	cerchio con metà superiore piena
◔	cerchio con quadrante in alto a destra pieno
◕	cerchio con quadrante in alto a sinistra vuoto
◖	semicerchio sinistro pieno
◗	semicerchio destro pieno
◘	punto elenco inverso
◙	quadrato pieno con cerchio vuoto
◜	arco circolare del quadrante in alto a sinistra
◝	arco circolare del quadrante in alto a destra
◞	arco circolare del quadrante in basso a destra
◟	arco circolare del quadrante in basso a sinistra
◠	semicerchio superiore
◡	semicerchio inferiore
◢	triangolo in basso a destra pieno
◣	triangolo in basso a sinistra pieno
◤	triangolo in alto a sinistra pieno
◥	triangolo in alto a destra pieno
◯	cerchio vuoto grande
◳	quadrato vuoto con quadrante in alto a destra
◷	cerchio vuoto con quadrante in alto a destra
◻	quadrato bianco medio
◼	quadrato nero medio
◽	quadrato bianco medio-piccolo
◾	quadrato nero medio-piccolo
◿	triangolo in basso a destra vuoto
☀	sole
☁	nuvola
☂	ombrello
☃	pupazzo innevato
☄	cometa
☎	telefono fisso
☑	riquadro con spunta
☔	ombrello bagnato
☕	bevanda calda
☘	trifoglio
☝	indice verso l’alto
☠	teschio con ossa incrociate
☢	radioattivo
☣	rischio biologico
☦	croce ortodossa
☪	mezzaluna e stella
☮	simbolo della pace
☯	Yin e Yang
☸	ruota del Dharma
☹	faccina imbronciata
☺	faccina sorridente
♀	simbolo di femmina
♂	simbolo di maschio
♈	Segno zodiacale dell’Ariete
♉	Segno zodiacale del Toro
♊	Segno zodiacale dei Gemelli
♋	Segno zodiacale del Cancro
♌	Segno zodiacale del Leone
♍	Segno zodiacale della Vergine
♎	Segno zodiacale della Bilancia
♏	Segno zodiacale dello Scorpione
♐	segno zodiacale del Sagittario
♑	Segno zodiacale del Capricorno
♒	Segno zodiacale dell’Acquario
♓	Segno zodiacale dei Pesci
♟	pedina degli scacchi
♠	picche
♣	fiori
♥	cuori
♦	quadri
♨	sorgenti termali
♪	croma
♭	bemolle
♯	diesis
♻	riciclo
♾	simbolo dell’infinito
♿	simbolo della disabilità
⚒	piccone e martello
⚓	ancora
⚔	spade incrociate
⚕	simbolo della medicina
⚖	bilancia a doppio piatto
⚗	alambicco
⚙	ingranaggio
⚛	simbolo dell’atomo
⚜	giglio
⚠	simbolo di avviso
⚡	alta tensione
⚧	simbolo transgender
⚪	cerchio bianco
⚫	cerchio nero
⚰	bara
⚱	urna funeraria
⚽	pallone da calcio
⚾	palla da baseball
⛄	pupazzo di neve
⛅	sole coperto
⛈	temporale
⛎	Segno zodiacale dell’Ofiuco
⛏	piccone
⛑	elmetto con croce bianca
⛓	catene
⛔	segnale di divieto di accesso
⛩	jinja
⛪	chiesa
⛰	montagna
⛱	ombrellone
⛲	fontana
⛳	bandiera in buca
⛴	traghetto
⛵	barca a vela
⛷	sciatore
⛸	pattinaggio su ghiaccio
⛹	persona che fa rimbalzare una palla
⛺	tenda
⛽	stazione di servizio
✂	forbici
✅	segno di spunta
✈	aeroplano
✉	busta
✊	sasso
✋	mano alzata
✌	vittoria
✍	mano che scrive
✏	matita
✒	pennino
✔	segno di spunta nero
✖	segno moltiplicazione
✝	croce latina
✡	stella di David
✨	stelline
✳	asterisco
✴	stella stilizzata
❄	fiocco di neve
❇	scintilla stilizzata
❌	croce
❎	croce con quadrato
❓	punto di domanda pieno
❔	punto interrogativo bianco
❕	punto esclamativo vuoto
❗	punto esclamativo pieno
❣	punto esclamativo a cuore
❤	cuore rosso
➕	simbolo dell’addizione
➖	simbolo della sottrazione
➗	simbolo della divisione
➡	freccia a destra
➰	occhiello
➿	doppio occhiello
⤴	freccia curva in alto
⤵	freccia curva in basso
⨧	segno più con pedice due
⨯	prodotto vettoriale
⨼	prodotto interno
⩣	operatore o logico con doppia barra inferiore
⩽	minore di sopra uguale a obliquo
⪍	minore di sopra circa uguale
⪚	uguale doppio sopra maggiore di
⪺	segue sopra non quasi uguale
⬅	freccia a sinistra
⬆	freccia rivolta verso l’alto
⬇	freccia in basso
⬛	quadrato nero grande
⬜	quadrato bianco grande
⭐	stella
⭕	cerchio
〰	trattino ondulato
〽	suddivisione parti
㊗	ideogramma congratulazioni
㊙	ideogramma segreto
﷼	rial
🅰	gruppo sanguigno A
🅱	gruppo sanguigno B
🅾	gruppo sanguigno O
🅿	pulsante P
🆎	gruppo sanguigno AB
🆑	pulsante CL
🆒	pulsante COOL
🆓	pulsante FREE
🆔	pulsante ID
🆕	pulsante NEW
🆖	pulsante NG
🆗	pulsante OK
🆘	pulsante SOS
🆙	pulsante UP!
🆚	pulsante VS
🇨🇶	Sark
🈁	ideogramma katakana qui
🈂	ideogramma katakana sa
🈚	ideogramma negazione
🈯	ideogramma dito
🈲	ideogramma proibito
🈳	ideogramma vuoto
🈴	ideogramma insieme
🈵	ideogramma pienezza
🈶	ideogramma esistere
🈷	ideogramma luna
🈸	ideogramma applicare
🈹	ideogramma dividere
🈺	ideogramma in funzione
🉐	ideogramma vantaggio
🉑	ideogramma accettare
🀄	tessera Mahjong
🃏	jolly
🌀	ciclone
🌁	nebbioso
🌂	ombrello chiuso
🌃	notte stellata
🌄	alba sulle montagne
🌅	alba
🌆	città al tramonto
🌇	tramonto
🌈	arcobaleno
🌉	ponte di notte
🌊	onda
🌋	vulcano
🌌	Via Lattea
🌍	Europa e Africa
🌎	America
🌏	Asia e Australia
🌐	globo con meridiani
🌑	luna nuova
🌒	luna crescente
🌓	primo quarto di luna
🌔	gibbosa crescente
🌕	luna piena
🌖	gibbosa calante
🌗	ultimo quarto di luna
🌘	luna calante
🌙	spicchio di luna
🌚	faccina luna nuova
🌛	faccina primo quarto di luna
🌜	faccina ultimo quarto di luna
🌝	faccina luna piena
🌞	faccina sole
🌟	stella che brilla
🌠	stella cadente
🌡	termometro
🌤	parzialmente nuvoloso
🌥	molto nuvoloso
🌦	sole coperto e pioggia
🌧	pioggia
🌨	neve
🌩	fulmini
🌪	tornado
🌫	nebbia
🌬	vento
🌭	hot dog
🌮	taco
🌯	burrito
🌰	castagna
🌱	germoglio
🌲	albero sempreverde
🌳	albero deciduo
🌴	palma
🌵	cactus
🌶	peperoncino
🌷	tulipano
🌸	fiore di ciliegio
🌹	rosa
🌺	ibisco
🌻	girasole
🌼	fiore
🌽	pannocchia
🌾	pianta di riso
🌿	pianta
🍀	quadrifoglio
🍁	foglia d’acero
🍂	foglia caduta
🍃	foglia al vento
🍄	fungo
🍅	pomodoro
🍆	melanzana
🍇	uva
🍈	melone
🍉	anguria
🍊	mandarino
🍋	limone
🍌	banana
🍍	ananas
🍎	mela rossa
🍏	mela verde
🍐	pera
🍑	pesca
🍒	ciliegia
🍓	fragola
🍔	hamburger
🍕	pizza
🍖	carne
🍗	coscia di pollo
🍘	galletta di riso
🍙	arancino di riso
🍚	riso bollito
🍛	riso al curry
🍜	piatto caldo
🍝	spaghetti
🍞	pane
🍟	patatine
🍠	patata arrosto
🍡	dolcetto
🍢	spiedino
🍣	sushi
🍤	gambero fritto
🍥	crocchetta di pesce
🍦	cono gelato
🍧	granita
🍨	coppa di gelato
🍩	ciambella
🍪	biscotto
🍫	cioccolato
🍬	caramella
🍭	lecca lecca
🍮	budino
🍯	vaso di miele
🍰	fetta di torta
🍱	bento box
🍲	ciotola di cibo
🍳	cucinare
🍴	forchetta e coltello
🍵	tazza
🍶	sake
🍷	bicchiere di vino
🍸	cocktail
🍹	cocktail tropicale
🍺	boccale di birra
🍻	boccali di birra che brindano
🍼	biberon
🍽	piatto e posate
🍾	bottiglia stappata
🍿	popcorn
🎀	fiocco
🎁	regalo
🎂	torta di compleanno
🎃	zucca di Halloween
🎄	albero di Natale
🎅	Babbo Natale
🎆	fuoco d’artificio
🎇	stella filante
🎈	palloncino
🎉	spara coriandoli
🎊	coriandoli
🎋	albero decorato
🎌	bandiere del Giappone incrociate
🎍	bambù decorato
🎎	bambole giapponesi
🎏	aquilone a forma di carpa
🎐	campana al vento
🎑	contemplazione della luna
🎒	zaino per la scuola
🎓	cappello da laureato
🎖	medaglia
🎗	nastro
🎙	microfono radiofonico
🎚	cursore del volume
🎛	manopole di controllo
🎞	pellicola cinematografica
🎟	biglietto d’ingresso
🎠	cavallo da giostra
🎡	ruota panoramica
🎢	montagne russe
🎣	canna da pesca
🎤	microfono
🎥	cinepresa
🎦	film
🎧	cuffie
🎨	tavolozza dei colori
🎩	cilindro
🎪	circo
🎫	biglietto
🎬	ciak
🎭	maschere
🎮	gamepad
🎯	bersaglio
🎰	slot machine
🎱	biliardo
🎲	dado
🎳	bowling
🎴	carta da gioco
🎵	nota musicale
🎶	note musicali
🎷	sassofono
🎸	chitarra
🎹	piano
🎺	tromba
🎻	violino
🎼	pentagramma
🎽	maglia da corsa
🎾	tennis
🎿	sci
🏀	palla da pallacanestro
🏁	bandiera a scacchi
🏂	uomo sullo snowboard
🏃	persona che corre
🏄	persona che fa surf
🏅	medaglia sportiva
🏆	coppa
🏇	ippica
🏈	football americano
🏉	pallone da rugby
🏊	persona che nuota
🏋	persona che solleva pesi
🏌	giocatore di golf
🏍	motocicletta
🏎	auto da corsa
🏏	cricket
🏐	pallavolo
🏑	hockey su prato
🏒	hockey su ghiaccio
🏓	ping pong
🏔	montagna innevata
🏕	campeggio
🏖	ombrellone in spiaggia
🏗	edificio in costruzione
🏘	case
🏙	paesaggio urbano
🏚	casa in rovina
🏛	edificio classico
🏜	deserto
🏝	isola deserta
🏞	parco nazionale
🏟	stadio
🏠	casa
🏡	casa con giardino
🏢	edifico di uffici
🏣	ufficio postale giapponese
🏤	ufficio postale
🏥	ospedale
🏦	banca
🏧	simbolo dello sportello bancomat
🏨	hotel
🏩	motel
🏪	minimarket
🏫	scuola
🏬	grande magazzino
🏭	fabbrica
🏮	lanterna rossa
🏯	casa giapponese
🏰	castello
🏳	bandiera bianca
🏴	bandiera nera
🏵	rosetta
🏷	etichetta
🏸	badminton
🏹	arco e freccia
🏺	anfora
🏻	fototipo uno o due
🏼	fototipo tre
🏽	fototipo quattro
🏾	fototipo cinque
🏿	fototipo sei
🐀	ratto
🐁	topo
🐂	bue
🐃	bufalo d’acqua
🐄	mucca
🐅	tigre
🐆	leopardo
🐇	coniglio
🐈	gatto
🐉	drago
🐊	coccodrillo
🐋	balena
🐌	lumaca
🐍	serpente
🐎	cavallo
🐏	montone
🐐	capra
🐑	pecora
🐒	scimmia
🐓	gallo
🐔	gallina
🐕	cane
🐖	maiale
🐗	cinghiale
🐘	elefante
🐙	polpo
🐚	conchiglia
🐛	insetto
🐜	formica
🐝	ape
🐞	coccinella
🐟	pesce
🐠	pesce tropicale
🐡	pesce palla
🐢	tartaruga
🐣	pulcino che nasce
🐤	pulcino
🐥	pulcino visto di fronte
🐦	uccello
🐧	pinguino
🐨	koala
🐩	barboncino
🐪	dromedario
🐫	cammello
🐬	delfino
🐭	faccina topo
🐮	faccina mucca
🐯	faccina tigre
🐰	faccina coniglio
🐱	faccina gatto
🐲	faccina drago
🐳	balena che spruzza acqua
🐴	faccina cavallo
🐵	faccina scimmia
🐶	faccina cane
🐷	faccina maiale
🐸	faccina rana
🐹	faccina criceto
🐺	faccina lupo
🐻	faccina orso
🐼	faccina panda
🐽	naso maiale
🐾	impronte di zampe
🐿	scoiattolo
👀	occhi
👁	occhio
👂	orecchio
👃	naso
👄	bocca
👅	lingua
👆	indice alzato
👇	indice abbassato
👈	indice verso sinistra
👉	indice verso destra
👊	pugno chiuso
👋	mano che saluta
👌	mano che fa OK
👍	pollice in su
👎	pollice verso
👏	mani che applaudono
👐	mani aperte
👑	corona
👒	cappello da donna
👓	occhiali da vista
👔	cravatta
👕	t-shirt
👖	jeans
👗	vestito
👘	kimono
👙	bikini
👚	maglietta da donna
👛	borsellino
👜	borsa
👝	pochette
👞	scarpa da uomo
👟	scarpa sportiva
👠	scarpa con il tacco
👡	sandalo da donna
👢	stivale da donna
👣	impronta di piedi
👤	profilo di persona
👥	profilo di due persone
👦	bambino
👧	bambina
👨	uomo
👩	donna
👪	famiglia
👫	uomo e donna che si tengono per mano
👬	due uomini che si tengono per mano
👭	due donne che si tengono per mano
👮	poliziotto
👯	persone con orecchie da coniglio
👰	sposa
👱	persona bionda
👲	uomo con zucchetto cinese
👳	persona con turbante
👴	uomo anziano
👵	donna anziana
👶	neonato
👷	operaio edile
👸	principessa
👹	orco
👺	goblin
👻	fantasma
👼	angioletto
👽	alieno
👾	mostro alieno
👿	faccina arrabbiata con corna
💀	teschio
💁	persona al punto informazioni
💂	guardia
💃	donna che balla
💄	rossetto
💅	smalto per unghie
💆	massaggio facciale
💇	taglio di capelli
💈	barbiere
💉	siringa
💊	pillola
💋	segno delle labbra
💌	lettera d’amore
💍	anello
💎	gemma
💏	bacio tra coppia
💐	mazzo di fiori
💑	coppia con cuore
💒	chiesa per matrimonio
💓	cuore che batte
💔	cuore infranto
💕	due cuori
💖	cuore che luccica
💗	cuore che cresce
💘	cuore con freccia
💙	cuore azzurro
💚	cuore verde
💛	cuore giallo
💜	cuore viola
💝	cuore con fiocco
💞	cuori che girano
💟	decorazione con cuore
💠	petalo di fiore
💡	lampadina
💢	rabbia
💣	bomba
💤	sonno
💥	collisione
💦	bagno di sudore
💧	goccia
💨	nuvola di polvere
💩	cacca
💪	bicipite
💫	vorticoso
💬	fumetto
💭	nuvoletta
💮	fiore bianco
💯	cento punti
💰	sacco di soldi
💱	cambio valuta
💲	Dollaro
💳	carta di credito
💴	banconota Yen
💵	banconota Dollaro
💶	banconota Euro
💷	banconota Sterlina
💸	soldi con le ali
💹	grafico ascendente
💺	sedile
💻	computer portatile
💼	valigetta
💽	minidisc
💾	floppy disc
💿	disco ottico
📀	DVD
📁	cartella file
📂	cartella aperta
📃	pagina con piega
📄	pagina
📅	calendario
📆	calendario a strappo
📇	schedario
📈	grafico con andamento positivo
📉	grafico con andamento negativo
📊	grafico a barre
📋	portablocco
📌	puntina
📍	puntina arrotondata
📎	graffetta
📏	righello
📐	squadra
📑	etichette segnalibro
📒	quaderno ad anelli
📓	quaderno
📔	quaderno con copertina decorata
📕	libro chiuso
📖	libro aperto
📗	libro verde
📘	libro blu
📙	libro arancione
📚	libri
📛	tesserino per nome
📜	pergamena
📝	memo
📞	cornetta
📟	cercapersone
📠	fax
📡	antenna satellitare
📢	altoparlante
📣	megafono
📤	posta inviata
📥	posta ricevuta
📦	pacco
📧	email
📨	posta in arrivo
📩	posta in uscita
📪	cassetta postale chiusa bandierina abbassata
📫	cassetta postale chiusa bandierina alzata
📬	cassetta postale aperta bandierina alzata
📭	cassetta postale con bandierina abbassata
📮	cassetta delle lettere
📯	corno postale
📰	quotidiano
📱	telefono cellulare
📲	telefono cellulare con freccia
📳	modalità vibrazione
📴	cellulare spento
📵	divieto cellulare
📶	segnale cellulare
📷	fotocamera
📸	fotocamera con flash
📹	videocamera
📺	televisore
📻	radio
📼	videocassetta
📽	proiettore cinematografico
📿	rosario
🔀	frecce incrociate verso destra
🔁	frecce a cerchio
🔂	frecce a cerchio numero uno
🔃	frecce a cerchio verticali
🔄	frecce a cerchio aperto
🔅	bassa luminosità
🔆	alta luminosità
🔇	altoparlante disattivato
🔈	altoparlante a volume basso
🔉	altoparlante a volume intermedio
🔊	altoparlante a volume alto
🔋	batteria
🔌	spina elettrica
🔍	lente di ingrandimento rivolta a sinistra
🔎	lente di ingrandimento rivolta a destra
🔏	lucchetto con penna stilo
🔐	lucchetto chiuso con chiave
🔑	chiave
🔒	lucchetto chiuso
🔓	lucchetto aperto
🔔	campana
🔕	campana sbarrata
🔖	segnalibro
🔗	collegamento
🔘	pulsante opzione
🔙	freccia BACK
🔚	freccia END
🔛	freccia ON
🔜	freccia SOON
🔝	freccia TOP
🔞	vietato ai minori di diciotto anni
🔟	tasto con il numero dieci
🔠	lettere maiuscole
🔡	lettere minuscole
🔢	numeri
🔣	simboli
🔤	caratteri alfabetici
🔥	fuoco
🔦	torcia
🔧	chiave inglese
🔨	martello
🔩	vite e bullone
🔪	coltello da cucina
🔫	pistola
🔬	microscopio
🔭	telescopio
🔮	sfera di cristallo
🔯	stella a sei punte
🔰	principiante
🔱	tridente
🔲	pulsante quadrato pieno
🔳	pulsante quadrato con contorno
🔴	cerchio rosso
🔵	cerchio blu
🔶	rombo arancione grande
🔷	rombo blu grande
🔸	rombo arancione piccolo
🔹	rombo blu piccolo
🔺	triangolo rosso punta in alto
🔻	triangolo rosso punta in basso
🔼	pulsante triangolo alto
🔽	pulsante triangolo basso
🕉	Om
🕊	colomba
🕋	Kaaba
🕌	moschea
🕍	sinagoga
🕎	Menorah
🕐	ore una
🕑	ore due
🕒	ore tre
🕓	ore quattro
🕔	ore cinque
🕕	ore sei
🕖	ore sette
🕗	ore otto
🕘	ore nove
🕙	ore dieci
🕚	ore undici
🕛	ore dodici
🕜	ore una e mezza
🕝	ore due e mezza
🕞	ore tre e mezza
🕟	ore quattro e mezza
🕠	ore cinque e mezza
🕡	ore sei e mezza
🕢	ore sette e mezza
🕣	ore otto e mezza
🕤	ore nove e mezza
🕥	ore dieci e mezza
🕦	ore undici e mezza
🕧	ore dodici e mezza
🕯	candela
🕰	orologio da mensola
🕳	buco
🕴	uomo elegante che levita
🕵	detective
🕶	occhiali da sole
🕷	ragno
🕸	ragnatela
🕹	joystick
🕺	uomo che balla
🖇	graffette attaccate
🖊	penna a sfera
🖋	penna stilografica
🖌	pennello
🖍	pastello a cera
🖐	mano aperta
🖕	dito medio
🖖	saluto vulcaniano
🖤	cuore nero
🖥	computer fisso
🖨	stampante
🖱	mouse
🖲	trackball
🖼	quadro incorniciato
🗂	divisori per schedario
🗃	schedario da tavolo
🗄	schedario da ufficio
🗑	cestino
🗒	blocco per appunti con spirale
🗓	calendario a spirale
🗜	morsetto
🗝	chiave antica
🗞	quotidiano arrotolato
🗡	pugnale
🗣	persona che parla
🗨	nuvoletta nera
🗯	nuvoletta rabbia
🗳	urna elettorale con scheda
🗺	mappa mondiale
🗻	Monte Fuji
🗼	Torre di Tokyo
🗽	Statua della Libertà
🗾	mappa del Giappone
🗿	Moai
😀	faccina con un gran sorriso
😁	faccina raggiante con occhi felici
😂	faccina con lacrime di gioia
😃	faccina con un gran sorriso e occhi spalancati
😄	faccina con un gran sorriso e occhi sorridenti
😅	faccina con un gran sorriso e goccia di sudore
😆	sorriso a bocca aperta con occhi chiusi
😇	faccina con sorriso e aureola
😈	faccina con sorriso e corna
😉	faccina che fa l’occhiolino
😊	faccina con occhi sorridenti
😋	faccina che si lecca i baffi
😌	faccina sollevata
😍	faccina con sorriso e occhi a cuore
😎	faccina con sorriso e occhiali da sole
😏	faccina con sorrisetto
😐	faccina neutra
😑	faccina inespressiva
😒	faccina contrariata
😓	faccina sudata
😔	faccina pensierosa
😕	faccina confusa
😖	faccina frustrata
😗	faccina che bacia
😘	faccina che manda un bacio
😙	faccina che bacia con occhi sorridenti
😚	faccina che bacia con occhi chiusi
😛	faccina che mostra la lingua
😜	faccina che fa l’occhiolino e mostra la lingua
😝	faccina con un gran sorriso che mostra la lingua
😞	faccina delusa
😟	faccina preoccupata
😠	faccina arrabbiata
😡	broncio
😢	faccina che piange
😣	faccina perseverante
😤	faccina che sbuffa
😥	faccina delusa ma sollevata
😦	faccina imbronciata con bocca aperta
😧	faccina angosciata
😨	faccina impaurita
😩	faccina esausta
😪	faccina assonnata
😫	faccina stanca
😬	faccina con smorfia
😭	faccina disperata
😮	faccina con bocca aperta
😯	faccina sorpresa
😰	faccina blu sudata
😱	faccina terrorizzata
😲	faccina stupita
😳	faccina imbarazzata
😴	faccina che dorme
😵	faccina frastornata
😶	faccina senza bocca
😷	faccina con mascherina
😸	gatto che sogghigna
😹	gatto lacrime di gioia
😺	gatto che sorride
😻	gatto innamorato
😼	gatto sorriso sarcastico
😽	gatto che manda baci
😾	gatto imbronciato
😿	gatto che piange
🙀	gatto esterrefatto
🙁	faccina leggermente imbronciata
🙂	faccina con sorriso accennato
🙃	faccina sottosopra
🙄	faccina con occhi al cielo
🙅	rifiuto
🙆	gesto OK
🙇	persona che fa un inchino profondo
🙈	non vedo
🙉	non sento
🙊	non parlo
🙋	persona con mano alzata
🙌	urrà
🙍	persona corrucciata
🙎	persona imbronciata
🙏	mani giunte
🚀	razzo
🚁	elicottero
🚂	locomotiva
🚃	vagone
🚄	treno alta velocità
🚅	treno alta velocità punta arrotondata
🚆	treno
🚇	metropolitana
🚈	metrotranvia
🚉	stazione
🚊	tram
🚋	vagone del tram
🚌	bus
🚍	bus in arrivo
🚎	filobus
🚏	fermata dell’autobus
🚐	pulmino
🚑	ambulanza
🚒	camion dei pompieri
🚓	macchina della polizia
🚔	macchina della polizia in arrivo
🚕	taxi
🚖	taxi in arrivo
🚗	auto
🚘	auto in arrivo
🚙	SUV
🚚	camion
🚛	autoarticolato
🚜	trattore
🚝	monorotaia
🚞	ferrovia di montagna
🚟	funivia
🚠	funicolare
🚡	funivia aerea
🚢	nave
🚣	persona in barca a remi
🚤	motoscafo
🚥	semaforo orizzontale
🚦	semaforo verticale
🚧	area cantiere
🚨	lampeggiante
🚩	bandiera triangolare
🚪	porta
🚫	segnale di divieto
🚬	sigaretta
🚭	segnale di vietato fumare
🚮	simbolo per la raccolta dei rifiuti
🚯	vietato gettare rifiuti
🚰	acqua potabile
🚱	acqua non potabile
🚲	bicicletta
🚳	segnale di divieto di transito delle biciclette
🚴	ciclista
🚵	ciclista di mountain bike
🚶	pedone
🚷	divieto transito pedoni
🚸	attraversamento bambini
🚹	Uomini
🚺	simbolo del bagno delle donne
🚻	simbolo dei servizi igienici
🚼	simbolo con immagine di bambino
🚽	toilette
🚾	simbolo del WC
🚿	doccia
🛀	persona che fa il bagno
🛁	vasca
🛂	simbolo del controllo passaporti
🛃	simbolo della dogana
🛄	simbolo del ritiro bagagli
🛅	simbolo del deposito bagagli
🛋	divano e lampada
🛌	persona a letto
🛍	borse della spesa
🛎	campanello da hotel
🛏	letto
🛐	luogo di culto
🛑	segnale di stop
🛒	carrello
🛕	tempio indù
🛖	capanna
🛗	ascensore
🛜	wireless
🛝	scivolo
🛞	ruota
🛟	salvagente
🛠	martello e chiave inglese
🛡	scudo
🛢	barile di petrolio
🛣	autostrada
🛤	binari
🛥	barca a motore
🛩	aereo turistico
🛫	decollo
🛬	atterraggio
🛰	satellite
🛳	crociera
🛴	monopattino
🛵	scooter
🛶	canoa
🛷	slitta
🛸	disco volante
🛹	skateboard
🛺	risciò a motore
🛻	pickup
🛼	pattini a rotelle
🟠	cerchio arancione
🟡	cerchio giallo
🟢	cerchio verde
🟣	cerchio viola
🟤	cerchio marrone
🟥	quadrato rosso
🟦	quadrato blu
🟧	quadrato arancione
🟨	quadrato giallo
🟩	quadrato verde
🟪	quadrato viola
🟫	quadrato marrone
🟰	segno di uguaglianza
🤌	mano a pigna
🤍	cuore bianco
🤎	cuore marrone
🤏	mano che fa il gesto del pizzico
🤐	faccina con bocca con cerniera
🤑	faccina avida di denaro
🤒	faccina con termometro
🤓	faccina nerd
🤔	faccina concentrata
🤕	faccina bendata
🤖	faccina di robot
🤗	faccina che abbraccia
🤘	segno delle corna
🤙	mano con gesto di chiamata
🤚	dorso mano alzata
🤛	pugno a sinistra
🤜	pugno a destra
🤝	stretta di mano
🤞	dita incrociate
🤟	gesto ti amo
🤠	faccina con cappello da cowboy
🤡	faccina pagliaccio
🤢	faccina nauseata
🤣	ridere a crepapelle
🤤	faccina che sbava
🤥	faccina bugiarda
🤦	persona esasperata
🤧	faccina che starnutisce
🤨	faccia con sopracciglia alzate
🤩	colpo di fulmine
🤪	faccina impazzita
🤫	faccina che zittisce
🤬	faccina con simboli sulla bocca
🤭	faccina con mano sulla bocca
🤮	faccina che vomita
🤯	testa che esplode
🤰	donna incinta
🤱	allattare
🤲	mani unite in alto
🤳	selfie
🤴	principe
🤵	uomo in smoking
🤶	Mamma Natale
🤷	persona che scrolla le spalle
🤸	persona che fa la ruota
🤹	giocoliere
🤺	schermidore
🤼	persone che fanno la lotta
🤽	persona che gioca a pallanuoto
🤾	persona che gioca a pallamano
🤿	maschera da sub
🥀	fiore appassito
🥁	tamburo
🥂	cin cin
🥃	bicchiere tumbler
🥄	cucchiaio
🥅	porta da calcio
🥇	medaglia d’oro
🥈	medaglia d’argento
🥉	medaglia di bronzo
🥊	guantone da pugilato
🥋	kimono per arti marziali
🥌	stone da curling
🥍	lacrosse
🥎	palla da softball
🥏	frisbee
🥐	croissant
🥑	avocado
🥒	cetriolo
🥓	pancetta
🥔	patata
🥕	carota
🥖	baguette
🥗	insalata verde
🥘	padella con cibo
🥙	kebab
🥚	uovo
🥛	bicchiere di latte
🥜	noccioline
🥝	kiwi
🥞	pancake
🥟	ravioli
🥠	biscotto della fortuna
🥡	confezione da asporto
🥢	bacchette
🥣	ciotola con cucchiaio
🥤	tazza con cannuccia
🥥	cocco
🥦	broccoli
🥧	torta
🥨	pretzel
🥩	taglio di carne
🥪	sandwich
🥫	cibo in scatola
🥬	verdure a foglia
🥭	mango
🥮	torta della luna
🥯	bagel
🥰	faccina con cuoricini
🥱	faccina che sbadiglia
🥲	faccina sorridente con lacrima
🥳	faccina che festeggia
🥴	faccina stordita
🥵	faccina accaldata
🥶	faccina congelata
🥷	ninja
🥸	faccina travestita
🥹	faccina che trattiene le lacrime
🥺	faccina sull’orlo delle lacrime
🥻	sari
🥼	camice
🥽	occhialini
🥾	stivale da trekking
🥿	ballerina
🦀	granchio
🦁	faccina leone
🦂	scorpione
🦃	tacchino
🦄	faccina unicorno
🦅	aquila
🦆	anatra
🦇	pipistrello
🦈	squalo
🦉	gufo
🦊	faccina volpe
🦋	farfalla
🦌	cervo
🦍	gorilla
🦎	lucertola
🦏	rinoceronte
🦐	gamberetto
🦑	calamaro
🦒	giraffa
🦓	zebra
🦔	riccio
🦕	sauropode
🦖	T-Rex
🦗	grillo
🦘	canguro
🦙	lama
🦚	pavone
🦛	ippopotamo
🦜	pappagallo
🦝	procione
🦞	aragosta
🦟	zanzara
🦠	microbo
🦡	tasso
🦢	cigno
🦣	mammut
🦤	dodo
🦥	bradipo
🦦	lontra
🦧	orangotango
🦨	puzzola
🦩	fenicottero
🦪	ostrica
🦫	castoro
🦬	bisonte
🦭	foca
🦮	cane guida
🦯	bastone per non vedenti
🦰	capelli rossi
🦱	capelli ricci
🦲	calvo
🦳	capelli bianchi
🦴	osso
🦵	gamba
🦶	piede
🦷	dente
🦸	supereroe
🦹	supercattivo
🦺	gilet di sicurezza
🦻	orecchio con apparecchio acustico
🦼	sedia a rotelle motorizzata
🦽	sedia a rotelle manuale
🦾	protesi robotica per il braccio
🦿	protesi robotica per la gamba
🧀	fetta di formaggio
🧁	cupcake
🧂	sale
🧃	bevanda monodose
🧄	aglio
🧅	cipolla
🧆	falafel
🧇	waffle
🧈	burro
🧉	mate
🧊	cubetto di ghiaccio
🧋	bubble tea
🧌	troll
🧍	persona in piedi
🧎	persona inginocchiata
🧏	persona con problemi di udito
🧐	faccina con monocolo
🧑	adulto
🧒	bimbo
🧓	adulto anziano
🧔	uomo con la barba
🧕	donna con foulard
🧖	persona in sauna
🧗	persona che scala
🧘	persona in posizione del loto
🧙	mago
🧚	fata
🧛	vampiro
🧜	sirena
🧝	elfo
🧞	genio
🧟	zombie
🧠	cervello
🧡	cuore arancione
🧢	cappello con visiera
🧣	sciarpa
🧤	guanti
🧥	cappotto
🧦	calzini
🧧	busta rossa
🧨	petardo
🧩	puzzle
🧪	provetta
🧫	piastra di Petri
🧬	dna
🧭	bussola
🧮	abaco
🧯	estintore
🧰	cassetta degli attrezzi
🧱	mattoni
🧲	calamita
🧳	valigia
🧴	flacone
🧵	filo
🧶	gomitolo
🧷	spilla da balia
🧸	orsetto
🧹	scopa
🧺	cesto
🧻	rotolo di carta igienica
🧼	sapone
🧽	spugna
🧾	scontrino
🧿	occhio di Allah
🇦🇨	bandiera d'Isola Ascensione
🇦🇩	bandiera d'Andorra
🇦🇪	bandiera degli Emirati Arabi Uniti
🇦🇫	bandiera d'Afghanistan
🇦🇬	bandiera d'Antigua e Barbuda
🇦🇮	bandiera d'Anguilla
🇦🇱	bandiera d'Albania
🇦🇲	bandiera d'Armenia
🇦🇴	bandiera d'Angola
🇦🇶	bandiera d'Antartide
🇦🇷	bandiera dell'Argentina
🇦🇸	bandiera di Samoa americane
🇦🇹	bandiera dell'Austria
🇦🇺	bandiera dell'Australia
🇦🇼	bandiera d'Aruba
🇦🇽	bandiera delle Isole Åland
🇦🇿	bandiera d'Azerbaigian
🇧🇦	bandiera di Bosnia ed Erzegovina
🇧🇧	bandiera di Barbados
🇧🇩	bandiera di Bangladesh
🇧🇪	bandiera di Belgio
🇧🇫	bandiera di Burkina Faso
🇧🇬	bandiera di Bulgaria
🇧🇭	bandiera di Bahrein
🇧🇮	bandiera di Burundi
🇧🇯	bandiera di Benin
🇧🇱	bandiera di Saint-Barthélemy
🇧🇲	bandiera di Bermuda
🇧🇳	bandiera di Brunei
🇧🇴	bandiera di Bolivia
🇧🇶	bandiera di Caraibi olandesi
🇧🇷	bandiera del Brasile
🇧🇸	bandiera di Bahamas
🇧🇹	bandiera di Bhutan
🇧🇻	bandiera d'Isola Bouvet
🇧🇼	bandiera di Botswana
🇧🇾	bandiera di Bielorussia
🇧🇿	bandiera di Belize
🇨🇦	bandiera di Canada
🇨🇨	bandiera delle Isole Cocos (Keeling)
🇨🇩	bandiera di Congo - Kinshasa
🇨🇫	bandiera di Repubblica Centrafricana
🇨🇬	bandiera di Congo-Brazzaville
🇨🇭	bandiera di Svizzera
🇨🇮	bandiera di Costa d’Avorio
🇨🇰	bandiera delle Isole Cook
🇨🇱	bandiera di Cile
🇨🇲	bandiera di Camerun
🇨🇳	bandiera della Cina
🇨🇴	bandiera di Colombia
🇨🇵	bandiera d'Isola di Clipperton
🇨🇷	bandiera di Costa Rica
🇨🇺	bandiera di Cuba
🇨🇻	bandiera di Capo Verde
🇨🇼	bandiera di Curaçao
🇨🇽	bandiera d'Isola Christmas
🇨🇾	bandiera di Cipro
🇨🇿	bandiera di Cechia
🇩🇪	bandiera della Germania
🇩🇬	bandiera di Diego Garcia
🇩🇯	bandiera di Gibuti
🇩🇰	bandiera di Danimarca
🇩🇲	bandiera di Dominica
🇩🇴	bandiera di Repubblica Dominicana
🇩🇿	bandiera d'Algeria
🇪🇦	bandiera di Ceuta e Melilla
🇪🇨	bandiera d'Ecuador
🇪🇪	bandiera d'Estonia
🇪🇬	bandiera d'Egitto
🇪🇭	bandiera di Sahara occidentale
🇪🇷	bandiera d'Eritrea
🇪🇸	bandiera della Spagna
🇪🇹	bandiera d'Etiopia
🇪🇺	bandiera d'Unione Europea
🇫🇮	bandiera di Finlandia
🇫🇯	bandiera di Figi
🇫🇰	bandiera delle Isole Falkland
🇫🇲	bandiera di Micronesia
🇫🇴	bandiera delle Isole Fær Øer
🇫🇷	bandiera della Francia
🇬🇦	bandiera di Gabon
🇬🇧	bandiera del Regno Unito
🇬🇩	bandiera di Grenada
🇬🇪	bandiera di Georgia
🇬🇫	bandiera di Guyana francese
🇬🇬	bandiera di Guernsey
🇬🇭	bandiera di Ghana
🇬🇮	bandiera di Gibilterra
🇬🇱	bandiera di Groenlandia
🇬🇲	bandiera di Gambia
🇬🇳	bandiera di Guinea
🇬🇵	bandiera di Guadalupa
🇬🇶	bandiera di Guinea Equatoriale
🇬🇷	bandiera di Grecia
🇬🇸	bandiera di Georgia del Sud e Sandwich australi
🇬🇹	bandiera di Guatemala
🇬🇺	bandiera di Guam
🇬🇼	bandiera di Guinea-Bissau
🇬🇾	bandiera di Guyana
🇭🇰	bandiera di RAS di Hong Kong
🇭🇲	bandiera delle Isole Heard e McDonald
🇭🇳	bandiera di Honduras
🇭🇷	bandiera di Croazia
🇭🇹	bandiera di Haiti
🇭🇺	bandiera d'Ungheria
🇮🇨	bandiera delle Isole Canarie
🇮🇩	bandiera d'Indonesia
🇮🇪	bandiera d'Irlanda
🇮🇱	bandiera d'Israele
🇮🇲	bandiera d'Isola di Man
🇮🇳	bandiera dell'India
🇮🇴	bandiera di Territorio britannico dell’Oceano Indiano
🇮🇶	bandiera d'Iraq
🇮🇷	bandiera d'Iran
🇮🇸	bandiera d'Islanda
🇮🇹	bandiera dell'Italia
🇯🇪	bandiera di Jersey
🇯🇲	bandiera di Giamaica
🇯🇴	bandiera di Giordania
🇯🇵	bandiera del Giappone
🇰🇪	bandiera di Kenya
🇰🇬	bandiera di Kirghizistan
🇰🇭	bandiera di Cambogia
🇰🇮	bandiera di Kiribati
🇰🇲	bandiera di Comore
🇰🇳	bandiera di Saint Kitts e Nevis
🇰🇵	bandiera della Corea del Nord
🇰🇷	bandiera della Corea del Sud
🇰🇼	bandiera di Kuwait
🇰🇾	bandiera delle Isole Cayman
🇰🇿	bandiera di Kazakistan
🇱🇦	bandiera di Laos
🇱🇧	bandiera di Libano
🇱🇨	bandiera di Saint Lucia
🇱🇮	bandiera di Liechtenstein
🇱🇰	bandiera di Sri Lanka
🇱🇷	bandiera di Liberia
🇱🇸	bandiera di Lesotho
🇱🇹	bandiera di Lituania
🇱🇺	bandiera di Lussemburgo
🇱🇻	bandiera di Lettonia
🇱🇾	bandiera di Libia
🇲🇦	bandiera di Marocco
🇲🇨	bandiera di Monaco
🇲🇩	bandiera di Moldavia
🇲🇪	bandiera di Montenegro
🇲🇫	bandiera di Saint Martin
🇲🇬	bandiera di Madagascar
🇲🇭	bandiera delle Isole Marshall
🇲🇰	bandiera di Repubblica di Macedonia
🇲🇱	bandiera di Mali
🇲🇲	bandiera di Myanmar (Birmania)
🇲🇳	bandiera di Mongolia
🇲🇴	bandiera di RAS di Macao
🇲🇵	bandiera delle Isole Marianne settentrionali
🇲🇶	bandiera di Martinica
🇲🇷	bandiera di Mauritania
🇲🇸	bandiera di Montserrat
🇲🇹	bandiera di Malta
🇲🇺	bandiera di Mauritius
🇲🇻	bandiera di Maldive
🇲🇼	bandiera di Malawi
🇲🇽	bandiera di Messico
🇲🇾	bandiera di Malaysia
🇲🇿	bandiera di Mozambico
🇳🇦	bandiera di Namibia
🇳🇨	bandiera di Nuova Caledonia
🇳🇪	bandiera di Niger
🇳🇫	bandiera d'Isola Norfolk
🇳🇬	bandiera di Nigeria
🇳🇮	bandiera di Nicaragua
🇳🇱	bandiera dei Paesi Bassi
🇳🇴	bandiera di Norvegia
🇳🇵	bandiera di Nepal
🇳🇷	bandiera di Nauru
🇳🇺	bandiera di Niue
🇳🇿	bandiera di Nuova Zelanda
🇴🇲	bandiera d'Oman
🇵🇦	bandiera di Panamá
🇵🇪	bandiera di Perù
🇵🇫	bandiera di Polinesia francese
🇵🇬	bandiera di Papua Nuova Guinea
🇵🇭	bandiera delle Filippine
🇵🇰	bandiera di Pakistan
🇵🇱	bandiera di Polonia
🇵🇲	bandiera di Saint-Pierre e Miquelon
🇵🇳	bandiera delle Isole Pitcairn
🇵🇷	bandiera di Portorico
🇵🇸	bandiera di Territori palestinesi
🇵🇹	bandiera del Portogallo
🇵🇼	bandiera di Palau
🇵🇾	bandiera di Paraguay
🇶🇦	bandiera di Qatar
🇷🇪	bandiera di Riunione
🇷🇴	bandiera di Romania
🇷🇸	bandiera di Serbia
🇷🇺	bandiera della Russia
🇷🇼	bandiera di Ruanda
🇸🇦	bandiera d'Arabia Saudita
🇸🇧	bandiera delle Isole Salomone
🇸🇨	bandiera di Seychelles
🇸🇩	bandiera di Sudan
🇸🇪	bandiera di Svezia
🇸🇬	bandiera di Singapore
🇸🇭	bandiera di Sant’Elena
🇸🇮	bandiera di Slovenia
🇸🇯	bandiera di Svalbard e Jan Mayen
🇸🇰	bandiera di Slovacchia
🇸🇱	bandiera di Sierra Leone
🇸🇲	bandiera di San Marino
🇸🇳	bandiera di Senegal
🇸🇴	bandiera di Somalia
🇸🇷	bandiera di Suriname
🇸🇸	bandiera di Sud Sudan
🇸🇹	bandiera di São Tomé e Príncipe
🇸🇻	bandiera d'El Salvador
🇸🇽	bandiera di Sint Maarten
🇸🇾	bandiera di Siria
🇸🇿	bandiera di Swaziland
🇹🇦	bandiera di Tristan da Cunha
🇹🇨	bandiera delle Isole Turks e Caicos
🇹🇩	bandiera di Ciad
🇹🇫	bandiera di Terre australi francesi
🇹🇬	bandiera di Togo
🇹🇭	bandiera di Thailandia
🇹🇯	bandiera di Tagikistan
🇹🇰	bandiera di Tokelau
🇹🇱	bandiera di Timor Est
🇹🇲	bandiera di Turkmenistan
🇹🇳	bandiera di Tunisia
🇹🇴	bandiera di Tonga
🇹🇷	bandiera di Turchia
🇹🇹	bandiera di Trinidad e Tobago
🇹🇻	bandiera di Tuvalu
🇹🇼	bandiera di Taiwan
🇹🇿	bandiera di Tanzania
🇺🇦	bandiera d'Ucraina
🇺🇬	bandiera d'Uganda
🇺🇲	bandiera d'Altre isole americane del Pacifico
🇺🇳	bandiera di Nazioni Unite
🇺🇸	bandiera degli Stati Uniti
🇺🇾	bandiera d'Uruguay
🇺🇿	bandiera d'Uzbekistan
🇻🇦	bandiera di Città del Vaticano
🇻🇨	bandiera di Saint Vincent e Grenadine
🇻🇪	bandiera di Venezuela
🇻🇬	bandiera delle Isole Vergini Britanniche
🇻🇮	bandiera delle Isole Vergini Americane
🇻🇳	bandiera di Vietnam
🇻🇺	bandiera di Vanuatu
🇼🇫	bandiera di Wallis e Futuna
🇼🇸	bandiera di Samoa
🇽🇰	bandiera di Kosovo
🇾🇪	bandiera di Yemen
🇾🇹	bandiera di Mayotte
🇿🇦	bandiera di Sudafrica
🇿🇲	bandiera di Zambia
🇿🇼	bandiera di Zimbabwe
🏴󠁧󠁢󠁥󠁮󠁧󠁿	bandiera dell'Inghilterra
🏴󠁧󠁢󠁳󠁣󠁴󠁿	bandiera di Scozia
🏴󠁧󠁢󠁷󠁬󠁳󠁿	bandiera di Galles
#️⃣	tasto cancelletto
*️⃣	tasto asterisco
0️⃣	tasto con il numero zero
1️⃣	tasto con il numero uno
2️⃣	tasto con il numero due
3️⃣	tasto con il numero tre
4️⃣	tasto con il numero quattro
5️⃣	tasto con il numero cinque
6️⃣	tasto con il numero sei
7️⃣	tasto con il numero sette
8️⃣	tasto con il numero otto
9️⃣	tasto con il numero nove
🩰	scarpette da ballerina
🩱	costume da bagno intero
🩲	slip
🩳	pantaloncini
🩴	infradito
🩵	cuore azzurro
🩶	cuore grigio
🩷	cuore rosa
🩸	goccia di sangue
🩹	cerotto
🩺	stetoscopio
🩻	radiografia
🩼	stampella
🪀	yo-yo
🪁	aquilone
🪂	paracadute
🪃	boomerang
🪄	bacchetta magica
🪅	pentolaccia
🪆	matrioska
🪇	maracas
🪈	flauto
🪉	arpa
🪏	vanga
🪐	pianeta con satellite
🪑	sedia
🪒	rasoio
🪓	ascia
🪔	diya
🪕	banjo
🪖	elmetto militare
🪗	fisarmonica
🪘	tamburo lungo
🪙	moneta
🪚	sega da falegname
🪛	cacciavite
🪜	scala
🪝	gancio
🪞	specchio
🪟	finestra
🪠	sturalavandini
🪡	ago da cucito
🪢	nodo
🪣	secchio
🪤	trappola per topi
🪥	spazzolino da denti
🪦	lapide
🪧	cartello
🪨	roccia
🪩	palla da discoteca
🪪	carta d’identità
🪫	batteria scarica
🪬	mano di Fatima
🪭	ventaglio
🪮	pettine afro
🪯	khanda
🪰	mosca
🪱	verme
🪲	coleottero
🪳	scarafaggio
🪴	pianta in vaso
🪵	legna
🪶	piuma
🪷	loto
🪸	corallo
🪹	nido vuoto
🪺	nido con uova
🪻	giacinto
🪼	medusa
🪽	ala
🪾	albero spoglio
🪿	oca
🫀	organo del cuore
🫁	polmoni
🫂	persone che si abbracciano
🫃	uomo incinto
🫄	persona incinta
🫅	persona con corona
🫆	impronta digitale
🫎	alce
🫏	asino
🫐	mirtilli
🫑	peperone
🫒	oliva
🫓	focaccia
🫔	tamale
🫕	fonduta
🫖	teiera
🫗	liquido versato
🫘	fagioli
🫙	barattolo
🫚	radice di zenzero
🫛	baccello di piselli
🫜	ortaggio da radice
🫟	spruzzo
🫠	faccina che si scioglie
🫡	faccina che fa il saluto
🫢	faccina con occhi aperti e mano sulla bocca
🫣	faccina che sbircia tra le dita
🫤	faccina perplessa
🫥	faccina tratteggiata
🫦	bocca che morde il labbro
🫧	bolle
🫨	faccina tremante
🫩	faccina con borse sotto gli occhi
🫰	mano con indice e pollice incrociati
🫱	mano rivolta a destra
🫲	mano rivolta a sinistra
🫳	mano con il palmo verso il basso
🫴	mano con il palmo verso l’alto
🫵	indice verso l’osservatore
🫶	mani a cuore
🫷	mano che spinge a sinistra
🫸	mano che spinge a destra
⛓‍💥	catena spezzata
❤‍🔥	cuore in fiamme
❤‍🩹	cuore guarito
🍄‍🟫	fungo marrone
🍋‍🟩	lime
🏃‍♀‍➡	donna che corre a destra
🏃‍♂‍➡	uomo che corre a destra
🏃‍➡	persona che corre a destra
🏳‍⚧	bandiera transgender
🐈‍⬛	gatto nero
🐕‍🦺	cane da assistenza
🐦‍⬛	merlo
🐦‍🔥	fenice
🐻‍❄	orso polare
👨‍🍼	uomo che allatta
👨‍🦯	uomo con bastone bianco di orientamento
👨‍🦯‍➡	uomo con bastone bianco di orientamento a destra
👨‍🦰	uomo capelli rossi
👨‍🦱	uomo capelli ricci
👨‍🦲	uomo calvo
👨‍🦳	uomo capelli bianchi
👨‍🦼	uomo su sedia a rotelle motorizzata
👨‍🦼‍➡	uomo su sedia a rotelle motorizzata a destra
👨‍🦽	uomo su sedia a rotelle manuale
👨‍🦽‍➡	uomo su sedia a rotelle manuale a destra
👩‍❤‍💋‍👨	bacio tra una donna e un uomo
👨‍❤‍💋‍👨	bacio tra due uomini
👩‍❤‍💋‍👩	bacio tra due donne
👩‍❤‍👨	una donna e un uomo innamorati
👨‍❤‍👨	due uomini innamorati
👩‍❤‍👩	due donne innamorate
👨‍👩‍👦	famiglia con un uomo, una donna e un bambino
👨‍👩‍👧	famiglia con un uomo, una donna e una bambina
👨‍👩‍👧‍👦	famiglia con un uomo, una donna, un bambino e una bambina
👨‍👩‍👦‍👦	famiglia con un uomo, una donna e due bambini
👨‍👩‍👧‍👧	famiglia con un uomo, una donna e due bambine
👨‍👨‍👦	famiglia con due uomini e un bambino
👨‍👨‍👧	famiglia con due uomini e una bambina
👨‍👨‍👧‍👦	famiglia con due uomini, un bambino e una bambina
👨‍👨‍👦‍👦	famiglia con due uomini e due bambini
👨‍👨‍👧‍👧	famiglia con due uomini e due bambine
👩‍🍼	donna che allatta
👩‍👩‍👦	famiglia con due donne e un bambino
👩‍👩‍👧	famiglia con due donne e una bambina
👩‍👩‍👧‍👦	famiglia con due donne, un bambino e una bambina
👩‍👩‍👦‍👦	famiglia con due donne e due bambini
👩‍👩‍👧‍👧	famiglia con due donne e due bambine
👨‍👦	famiglia con un uomo e un bambino
👨‍👦‍👦	famiglia con un uomo e due bambini
👨‍👧	famiglia con un uomo e una bambina
👨‍👧‍👦	famiglia con un uomo, un bambino e una bambina
👨‍👧‍👧	famiglia con un uomo e due bambine
👩‍👦	famiglia con una donna e un bambino
👩‍👦‍👦	famiglia con una donna e due bambini
👩‍👧	famiglia con una donna e una bambina
👩‍👧‍👦	famiglia con una donna, un bambino e una bambina
👩‍👧‍👧	famiglia con una donna e due bambine
👨‍⚕	operatore sanitario
👩‍⚕	operatrice sanitaria
👨‍⚖	giudice uomo
👩‍⚖	giudice donna
👨‍✈	pilota uomo
👩‍✈	pilota donna
👨‍🌾	contadino
👩‍🌾	contadina
👨‍🍳	cuoco
👩‍🍳	cuoca
👨‍🎓	studente
👩‍🎓	studentessa
👨‍🎤	cantante uomo
👩‍🎤	cantante donna
👨‍🎨	artista uomo
👩‍🎨	artista donna
👨‍🏫	professore
👩‍🏫	professoressa
👨‍🏭	operaio
👩‍🏭	operaia
👨‍💻	tecnologo
👩‍💻	tecnologa
👨‍💼	impiegato
👩‍💼	impiegata
👨‍🔧	meccanico uomo
👩‍🔧	meccanico donna
👨‍🔬	scienziato
👩‍🔬	scienziata
👨‍🚀	astronauta uomo
👩‍🚀	astronauta donna
👨‍🚒	pompiere uomo
👩‍🚒	pompiere donna
👩‍🦯	donna con bastone bianco di orientamento
👩‍🦯‍➡	donna con bastone bianco di orientamento a destra
👩‍🦰	donna capelli rossi
👩‍🦱	donna capelli ricci
👩‍🦲	donna calvo
👩‍🦳	donna capelli bianchi
👩‍🦼	donna su sedia a rotelle motorizzata
👩‍🦼‍➡	donna su sedia a rotelle motorizzata a destra
👩‍🦽	donna su sedia a rotelle manuale
👩‍🦽‍➡	donna su sedia a rotelle manuale a destra
👮‍♀	poliziotta
👮‍♂	poliziotto uomo
👰‍♀	sposa con velo
👰‍♂	sposo con velo
👱‍♀	bionda
👱‍♂	biondo
👳‍♀	donna con turbante
👳‍♂	uomo con turbante
👷‍♀	operaia edile
👷‍♂	operaio edile uomo
💂‍♀	guardia donna
💂‍♂	guardia uomo
🕵️‍♀	investigatrice
🕵️‍♂	investigatore
😮‍💨	faccina che espira
😵‍💫	faccina con occhi a spirale
😶‍🌫	testa tra le nuvole
🙂‍↔	scuotere la testa in senso orizzontale
🙂‍↕	scuotere la testa in senso verticale
🚶‍♀‍➡	donna che cammina a destra
🚶‍♂‍➡	uomo che cammina a destra
🚶‍➡	pedone a destra
🤵‍♀	donna in smoking
🤵‍♂	uomo in smoking
🦸‍♀	supereroina
🦸‍♂	supereroe uomo
🦹‍♀	supercattiva
🦹‍♂	supercattivo uomo
🧍‍♀	donna in piedi
🧍‍♂	uomo in piedi
🧎‍♀	donna inginocchiata
🧎‍♀‍➡	donna inginocchiata a destra
🧎‍♂	uomo inginocchiato
🧎‍♂‍➡	uomo inginocchiato a destra
🧎‍➡	persona inginocchiata a destra
🧏‍♀	donna con problemi di udito
🧏‍♂	uomo con problemi di udito
🧑‍⚕	persona che lavora nella sanità
🧑‍⚖	giudice
🧑‍✈	pilota
🧑‍🌾	agricoltore
🧑‍🍳	persona che cucina
🧑‍🍼	persona che allatta
🧑‍🎄	Santa Claus
🧑‍🎓	studente
🧑‍🎤	cantante
🧑‍🎨	artista
🧑‍🏫	insegnante
🧑‍🏭	persona che lavora in fabbrica
🧑‍💻	persona esperta di tecnologia
🧑‍💼	persona che fa un lavoro d’ufficio
🧑‍🔧	meccanico
🧑‍🔬	persona che lavora in campo scientifico
🧑‍🚀	astronauta
🧑‍🚒	pompiere
🧑‍🤝‍🧑	persone che si tengono per mano
🧑‍🦯	persona con bastone di orientamento
🧑‍🦯‍➡	persona con bastone di orientamento a destra
🧑‍🦰	persona capelli rossi
🧑‍🦱	persona capelli ricci
🧑‍🦲	persona calvo
🧑‍🦳	persona capelli bianchi
🧑‍🦼	persona su sedia a rotelle motorizzata
🧑‍🦼‍➡	persona su sedia a rotelle motorizzata a destra
🧑‍🦽	persona su sedia a rotelle manuale
🧑‍🦽‍➡	persona su sedia a rotelle manuale a destra
🧑‍🧑‍🧒	famiglia persone adulte minore
🧑‍🧑‍🧒‍🧒	famiglia persone adulte minori
🧑‍🧒	famiglia persona adulta minore
🧑‍🧒‍🧒	famiglia persona adulta minore minore
🧑‍🩰	persona che danza
🧔‍♀	donna con la barba
🧔‍♂	uomo con la barba
🧙‍♀	maga
🧙‍♂	mago uomo
🧚‍♀	fata donna
🧚‍♂	fata uomo
🧛‍♀	vampira
🧛‍♂	vampiro uomo
🧜‍♀	sirena donna
🧜‍♂	tritone
🧝‍♀	elfo donna
🧝‍♂	elfo uomo
🧞‍♀	genio donna
🧞‍♂	genio uomo
🧟‍♀	zombie donna
🧟‍♂	zombie uomo
⛹‍♀	donna che fa rimbalzare una palla
⛹‍♂	uomo che fa rimbalzare una palla
🏃‍♀	donna che corre
🏃‍♂	uomo che corre
🏄‍♀	surfista donna
🏄‍♂	surfista uomo
🏊‍♀	nuotatrice
🏊‍♂	nuotatore
🏋️‍♀	donna che solleva pesi
🏋️‍♂	uomo che solleva pesi
🏌️‍♀	golfista donna
🏌️‍♂	golfista uomo
👯‍♀	donne con orecchie da coniglio
👯‍♂	uomini con orecchie da coniglio
💆‍♀	massaggio al viso per donna
💆‍♂	massaggio al viso per uomo
💇‍♀	taglio di capelli per donna
💇‍♂	taglio di capelli per uomo
🚣‍♀	donna in barca a remi
🚣‍♂	uomo in barca a remi
🚴‍♀	ciclista donna
🚴‍♂	ciclista uomo
🚵‍♀	ciclista donna di mountain bike
🚵‍♂	ciclista uomo di mountain bike
🚶‍♀	donna che cammina
🚶‍♂	uomo che cammina
🤸‍♀	donna che fa la ruota
🤸‍♂	uomo che fa la ruota
🤹‍♀	giocoliere donna
🤹‍♂	giocoliere uomo
🤼‍♀	lottatrici
🤼‍♂	lottatori
🤽‍♀	pallanuotista donna
🤽‍♂	pallanuotista uomo
🤾‍♀	pallamanista donna
🤾‍♂	pallamanista uomo
🧖‍♀	donna in sauna
🧖‍♂	uomo in sauna
🧗‍♀	scalatrice
🧗‍♂	scalatore
🧘‍♀	donna in posizione del loto
🧘‍♂	uomo in posizione del loto
💁‍♀	donna con suggerimento
💁‍♂	uomo con suggerimento
🙅‍♀	donna con gesto di rifiuto
🙅‍♂	uomo con gesto di rifiuto
🙆‍♀	donna con gesto OK
🙆‍♂	uomo con gesto OK
🙇‍♀	donna che fa inchino profondo
🙇‍♂	uomo che fa inchino profondo
🙋‍♀	donna con mano alzata
🙋‍♂	uomo con mano alzata
🙍‍♀	donna corrucciata
🙍‍♂	uomo corrucciato
🙎‍♀	donna imbronciata
🙎‍♂	uomo imbronciato
🤦‍♀	donna esasperata
🤦‍♂	uomo esasperato
🤷‍♀	donna che scrolla le spalle
🤷‍♂	uomo che scrolla le spalle
🏳‍🌈	bandiera arcobaleno
🏴‍☠	bandiera dei pirati
👁‍🗨	occhio nel fumetto
