®	marque déposée
‼	double point d’exclamation
⁄	barre oblique de fraction
⁉	points d’exclamation et d’interrogation
⁻	exposant moins
℗	copyright phonographique
™	marque commerciale déposée
ℹ	source d’informations
←	flèche vers la gauche
↑	flèche vers le haut
→	flèche vers la droite
↓	flèche vers le bas
↔	flèche gauche droite
↕	flèche haut bas
↖	flèche haut gauche
↗	flèche haut droite
↘	flèche bas droite
↙	flèche bas gauche
↚	flèche vers la gauche barrée
↛	flèche vers la droite barrée
↜	flèche vers la gauche ondulée
↝	flèche vers la droite ondulée
↞	flèche à deux pointes vers la gauche
↟	flèche à deux pointes vers le haut
↠	flèche à deux pointes vers la droite
↡	flèche à deux pointes vers le bas
↢	flèche vers la gauche avec empenne
↣	flèche vers la droite avec empenne
↤	flèche d’un taquet vers la gauche
↥	flèche d’un taquet vers le haut
↦	flèche d’un taquet vers la droite
↧	flèche d’un taquet vers le bas
↨	flèche haut-bas sur base
↩	flèche courbe gauche
↪	flèche courbe droite
↫	flèche vers la gauche avec boucle
↬	flèche vers la droite avec boucle
↭	flèche gauche-droite ondulée
↮	flèche gauche-droite barrée
↯	flèche vers le bas en zigzag
↰	flèche vers le haut avec pointe vers la gauche
↱	flèche vers le haut avec pointe vers la droite
↲	flèche vers le bas avec pointe vers la gauche
↳	flèche vers le bas avec pointe vers la droite
↴	flèche vers la droite avec coin vers le bas
↵	flèche vers le bas avec coin vers la gauche
↶	flèche semi-circulaire sens antihoraire en chef
↷	flèche semi-circulaire sens horaire en chef
↸	flèche nord-ouest jusqu’à un long taquet
↹	flèches gauche et droite superposées avec taquets
↺	flèche circulaire ouverte sens antihoraire
↻	flèche circulaire ouverte sens horaire
↼	harpon vers la gauche avec barbillon vers le haut
↽	harpon vers la gauche avec barbillon vers le bas
↾	harpon vers le haut avec barbillon vers la droite
↿	harpon vers le haut avec barbillon vers la gauche
⇀	harpon vers la droite avec barbillon vers le haut
⇁	harpon vers la droite avec barbillon vers le bas
⇂	harpon vers le bas avec barbillon vers la droite
⇃	harpon vers le bas avec barbillon vers la gauche
⇄	flèche vers la droite sur flèche vers la gauche
⇅	flèches vers le haut et vers le bas
⇆	flèche gauche au-dessus de flèche droite
⇇	paire de flèches vers la gauche
⇈	paire de flèches vers le haut
⇉	paire de flèches vers la droite
⇊	paire de flèches vers le bas
⇋	harpon vers la gauche sur harpon vers la droite
⇌	harpon vers la droite sur harpon vers la gauche
⇍	double flèche vers la gauche barrée
⇎	double flèche gauche-droite barrée
⇏	double flèche vers la droite barrée
⇐	flèche double vers la gauche
⇑	flèche double vers le haut
⇒	flèche double vers la droite
⇓	flèche double vers le bas
⇔	flèche double vers la gauche et la droite
⇖	flèche double vers le nord-ouest
⇗	flèche double vers le nord-est
⇘	flèche double vers le sud-est
⇙	flèche double vers le sud-ouest
⇚	flèche triple vers la gauche
⇛	flèche triple vers la droite
⇜	flèche vers la gauche en tire-bouchon
⇝	flèche vers la droite en tire-bouchon
⇞	flèche vers le haut avec double barre
⇟	flèche vers le bas avec double barre
⇠	flèche pointillée vers la gauche
⇡	flèche pointillée vers le haut
⇢	flèche pointillée vers la droite
⇣	flèche pointillée vers le bas
⇤	flèche vers la gauche jusqu’à un taquet
⇥	flèche vers la droite jusqu’à un taquet
⇦	flèche creuse vers la gauche
⇧	flèche creuse vers le haut
⇨	flèche creuse vers la droite
⇩	flèche creuse vers le bas
⇪	flèche creuse d’un taquet vers le haut
⇵	flèche vers le bas à gauche d’une flèche vers le haut
∀	pour tout
∂	dérivée partielle
∃	il existe
∅	ensemble vide
∆	incrément
∇	nabla
∈	appartient à
∉	n’appartient pas
∋	contient comme élément
∎	fin d’article
∏	produit de la famille
∑	sommation de la famille
−	signe moins
∓	plus ou moins
∕	barre oblique de division
∗	opérateur astérisque
∘	opérateur rond
∙	opérateur puce
√	racine carrée
∝	proportionnel
∞	symbole de l’infini
∟	angle droit
∠	angle
∣	est un diviseur de
∥	parallèle
∧	et logique
∩	intersection
∪	union
∫	intégrale
∬	double intégrale
∮	intégrale de contour
∴	par conséquent
∵	parce que
∶	rapport
∷	proportion
∼	opérateur tilde
∽	tilde renversé
∾	s couché renversé
≃	asymptotiquement égal à
≅	approximativement égal à
≈	presque égal
≌	entièrement égal à
≒	approximativement égal à ou image de
≖	rond dans égal
≠	non égal
≡	identique à
≣	strictement équivalent à
≤	inférieur ou égal
≥	supérieur ou égal
≦	inférieur à sur égal à
≧	supérieur à sur égal à
≪	très inférieur à
≫	très supérieur à
≬	entre
≮	pas inférieur à
≯	pas supérieur à
≳	supérieur ou équivalent à
≺	précède
≻	suit
⊁	ne suit pas
⊂	sous-ensemble de
⊃	sur-ensemble de
⊆	sous-ensemble égal à
⊇	sur-ensemble égal à
⊕	plus cerclé
⊖	moins cerclé
⊗	fois cerclé
⊘	barre oblique de division cerclée
⊙	opérateur point cerclé
⊚	opérateur rond cerclé
⊛	opérateur astérisque cerclé
⊞	plus encadré
⊟	moins encadré
⊥	taquet vers le haut
⊮	n’oblige pas
⊰	précède sous relation
⊱	suit sous relation
⊶	original de
⊹	matrice hermitienne conjuguée
⊿	triangle rectangle
⋁	ou logique de la famille
⋂	intersection de la famille
⋃	union de la famille
⋅	opérateur point
⋆	opérateur étoile
⋈	jointure naturelle
⋒	double intersection
⋘	considérablement inférieur à
⋙	considérablement supérieur à
⋭	ni égal ni contenant comme sous-groupe normal
⋮	trois points suspendus
⋯	trois points médians
⋰	trois points diagonaux vers le coin haut à droite
⋱	trois points diagonaux vers le coin bas à droite
⌚	montre
⌛	sablier
⌨	clavier
⏏	bouton éjecter
⏩	bouton avance rapide
⏪	bouton retour rapide
⏫	flèche vers le haut
⏬	flèche vers le bas
⏭	bouton piste suivante
⏮	bouton piste précédente
⏯	bouton lecture ou pause
⏰	réveil
⏱	chronomètre
⏲	horloge
⏳	sablier avec sable qui coule
⏸	bouton pause
⏹	bouton stop
⏺	bouton enregistrer
Ⓜ	m encerclé
■	carré plein
□	carré creux
▢	carré creux aux angles arrondis
▣	carré creux contenant un carré plein
▤	carré hachuré horizontalement
▥	carré hachuré verticalement
▦	carré quadrillé
▧	carré hachuré du haut à droite vers le bas à gauche en diagonale
▨	carré hachuré du haut à gauche vers le bas à droite
▩	carré quadrillé en diagonale
▪	petit carré noir
▫	petit carré blanc
▬	rectangle plein
▭	rectangle creux
▮	rectangle vertical plein
▰	parallélogramme plein
▲	triangle plein vers le haut
△	triangle creux pointant vers le haut
▴	petit triangle plein pointant vers le haut
▵	petit triangle creux pointant vers le haut
▶	bouton lecture
▷	triangle creux pointant vers la droite
▸	petit triangle plein pointant vers la droite
▹	petit triangle creux pointant vers la droite
►	pointe pleine vers la droite
▻	pointe creuse vers la droite
▼	triangle plein vers le bas
▽	triangle creux pointant vers le bas
▾	petit triangle plein pointant vers le bas
▿	petit triangle creux pointant vers le bas
◀	bouton retour
◁	triangle creux pointant vers la gauche
◂	petit triangle plein pointant vers la gauche
◃	petit triangle creux pointant vers la gauche
◄	pointe pleine vers la gauche
◅	pointe creuse vers la gauche
◆	losange plein
◇	losange creux
◈	losange creux contenant un losange plein
◉	cercle creux contenant un cercle plein
◊	losange
○	cercle vide
◌	cercle en pointillés
◍	cercle hachuré verticalement
◎	cercles concentriques
●	cercle plein
◐	cercle avec moitié gauche pleine
◑	cercle avec moitié droite pleine
◒	cercle avec moitié inférieure pleine
◓	cercle avec moitié supérieure pleine
◔	cercle avec quadrant supérieur droit plein
◕	cercle avec quadrant supérieur gauche vide
◖	demi-cercle gauche plein
◗	demi-cercle droit plein
◘	puce noir au blanc
◙	carré plein contenant un cercle creux
◜	arc de cercle dans le quadrant supérieur gauche
◝	arc de cercle dans le quadrant supérieur droit
◞	arc de cercle dans le quadrant inférieur droit
◟	arc de cercle dans le quadrant inférieur gauche
◠	demi-cercle supérieur
◡	demi-cercle inférieur
◢	triangle rectangle inférieur droit plein
◣	triangle rectangle inférieur gauche plein
◤	triangle rectangle supérieur gauche plein
◥	triangle rectangle supérieur droit plein
◦	puce creuse
◯	grand cercle vide
◳	carré creux avec quartier supérieur droit
◷	cercle creux avec quadrant supérieur droit
◻	carré moyen blanc
◼	carré moyen noir
◽	carré petit moyen blanc
◾	carré petit moyen noir
◿	triangle rectangle inférieur droit
☀	soleil
☁	nuage
☂	parapluie ouvert
☃	bonhomme de neige
☄	comète
☎	téléphone
☑	case cochée
☔	parapluie avec gouttes de pluie
☕	boisson chaude
☘	trèfle
☝	index pointant vers le haut
☠	tête de mort
☢	radioactif
☣	danger biologique
☦	croix orthodoxe
☪	lune et étoile
☮	symbole de paix
☯	yin yang
☸	roue du Dharma
☹	visage mécontent
☺	visage souriant
♀	symbole de la femme
♂	symbole de l’homme
♈	bélier zodiaque
♉	taureau
♊	gémeaux
♋	cancer
♌	lion
♍	vierge
♎	balance
♏	scorpion zodiaque
♐	sagittaire
♑	capricorne
♒	verseau
♓	poissons
♟	pion d’échec
♠	pique
♣	trèfle cartes
♥	cœur cartes
♦	carreau
♨	sources chaudes
♪	croche
♭	bémol
♯	dièse
♻	symbole Recyclage
♾	infini
♿	symbole Accès handicapés
⚒	marteau et pioche
⚓	ancre
⚔	épées croisées
⚕	caducée
⚖	balance à poids
⚗	alambic
⚙	roue dentée
⚛	symbole de l’atome
⚜	fleur de lys
⚠	symbole d’avertissement
⚡	symbole de haute tension
⚧	symbole de la communauté transgenre
⚪	cercle blanc
⚫	cercle noir
⚰	cercueil
⚱	urne funéraire
⚽	ballon de football
⚾	baseball
⛄	bonhomme de neige sans neige
⛅	soleil derrière les nuages
⛈	nuage avec éclair et pluie
⛎	serpentaire
⛏	pioche
⛑	casque de secouriste
⛓	chaînes
⛔	sens interdit
⛩	sanctuaire shinto
⛪	église
⛰	montagne
⛱	parasol sur le sol
⛲	fontaine
⛳	drapeau de golf
⛴	ferry
⛵	voilier
⛷	skieur
⛸	patin à glace
⛹	personne avec ballon
⛺	tente
⛽	pompe à essence
✂	ciseaux
✅	coche blanche
✈	avion
✉	enveloppe
✊	poing levé
✋	main levée
✌	V de la victoire
✍	main qui écrit
✏	crayon
✒	stylo plume noir
✔	coche noire
✖	croix noire
✝	croix latine
✡	étoile de David
✨	étoiles
✳	astérique huit branches
✴	étoile huit branches
❄	flocon
❇	éclat
❌	croix rouge
❎	bouton croix
❓	point d’interrogation
❔	point d’interrogation blanc
❕	point d’exclamation blanc
❗	point d’exclamation
❣	cœur point d’exclamation
❤	cœur rouge
➕	signe Plus
➖	signe Moins
➗	signe Diviser
➡	flèche droite
➰	boucle
➿	double boucle
⤴	flèche courbe haut
⤵	flèche courbe bas
⨧	signe plus avec indice deux
⨯	produit vectoriel
⨼	produit intérieur
⩣	ou logique à deux barres souscrites
⩽	inférieur à ou égal à incliné
⪍	inférieur à sur similaire ou égal à
⪚	égal en deux lignes ou supérieur à
⪺	suit sur non presque égal à
⬅	flèche gauche
⬆	flèche haut
⬇	flèche bas
⬛	grand carré noir
⬜	grand carré blanc
⭐	étoile
⭕	gros cercle
〰	ligne ondulée
〽	alternance
㊗	bouton félicitations en japonais
㊙	bouton secret en japonais
🅰	groupe sanguin A
🅱	groupe sanguin B
🅾	groupe sanguin O
🅿	bouton P
🆎	groupe sanguin AB
🆑	bouton Effacer
🆒	bouton Cool
🆓	bouton Gratuit
🆔	bouton Identifiant
🆕	bouton Nouveau
🆖	bouton Pas bien
🆗	bouton OK
🆘	bouton SOS
🆙	bouton Vers le haut
🆚	bouton VS
🇨🇶	Sercq
🈁	bouton ici en japonais
🈂	bouton frais de service en japonais
🈚	bouton gratuit en japonais
🈯	bouton réservé en japonais
🈲	bouton interdit en japonais
🈳	bouton chambres disponibles en japonais
🈴	bouton note pour réussir en japonais
🈵	bouton complet en japonais
🈶	bouton pas gratuit en japonais
🈷	bouton montant mensuel en japonais
🈸	bouton application en japonais
🈹	bouton réduction en japonais
🈺	bouton ouvert pour affaires en japonais
🉐	bouton bonne affaire en japonais
🉑	bouton accepter en japonais
🀄	dragon rouge mahjong
🃏	carte Joker
🌀	cyclone
🌁	brume
🌂	parapluie fermé
🌃	nuit étoilée
🌄	soleil levant derrière les montagnes
🌅	soleil levant
🌆	ville au crépuscule
🌇	coucher de soleil
🌈	arc-en-ciel
🌉	pont de nuit
🌊	vague
🌋	volcan
🌌	voie lactée
🌍	globe tourné sur l’Afrique et l’Europe
🌎	globe tourné sur les Amériques
🌏	globe tourné sur l’Asie et l’Australie
🌐	globe avec méridiens
🌑	nouvelle lune
🌒	lune croissante
🌓	premier quartier de lune
🌔	lune gibbeuse croissante
🌕	pleine lune
🌖	lune gibbeuse décroissante
🌗	dernier quartier
🌘	lune décroissante
🌙	croissant de lune
🌚	nouvelle lune avec visage
🌛	premier quartier de lune avec visage
🌜	dernier quartier de lune avec visage
🌝	pleine lune avec visage
🌞	soleil avec visage
🌟	étoile brillante
🌠	étoile filante
🌡	thermomètre
🌤	soleil derrière un petit nuage
🌥	soleil derrière un gros nuage
🌦	soleil derrière un nuage de pluie
🌧	nuage avec pluie
🌨	nuage avec neige
🌩	nuage avec éclair
🌪	tornade
🌫	brouillard
🌬	vent avec visage
🌭	hot dog
🌮	taco
🌯	burrito
🌰	châtaigne
🌱	jeune pousse
🌲	conifère
🌳	arbre à feuilles caduques
🌴	palmier
🌵	cactus
🌶	piment rouge
🌷	tulipe
🌸	fleur de cerisier
🌹	rose
🌺	hibiscus
🌻	tournesol
🌼	bourgeon
🌽	épi de maïs
🌾	plant de riz
🌿	feuille
🍀	trèfle à quatre feuilles
🍁	feuille d’érable
🍂	feuille morte
🍃	feuille virevoltante
🍄	champignon
🍅	tomate
🍆	aubergine
🍇	raisin
🍈	melon
🍉	pastèque
🍊	mandarine
🍋	citron
🍌	banane
🍍	ananas
🍎	pomme rouge
🍏	pomme verte
🍐	poire
🍑	pêche
🍒	cerises
🍓	fraise
🍔	hamburger
🍕	pizza
🍖	viande sur un os
🍗	cuisse de poulet
🍘	galette de riz
🍙	boulette de riz
🍚	bol de riz
🍛	riz au curry
🍜	bol fumant
🍝	spaghetti
🍞	pain
🍟	frites
🍠	patate douce
🍡	brochette de bonbons
🍢	brochette de poisson
🍣	sushi
🍤	beignet de crevette
🍥	croquette de poisson
🍦	glace italienne
🍧	granité
🍨	glace
🍩	doughnut
🍪	cookie
🍫	barre chocolatée
🍬	bonbon
🍭	sucette
🍮	crème renversée
🍯	pot de miel
🍰	gâteau sablé
🍱	boîte déjeuner
🍲	marmite
🍳	œuf au plat
🍴	couteau et fourchette
🍵	tasse
🍶	saké
🍷	verre de vin
🍸	cocktail
🍹	cocktail tropical
🍺	chope
🍻	chopes de bière
🍼	biberon
🍽	assiette et couverts
🍾	bouteille de champagne
🍿	pop-corn
🎀	ruban
🎁	cadeau
🎂	gâteau d’anniversaire
🎃	citrouille
🎄	sapin de Noël
🎅	père Noël
🎆	feu d’artifice
🎇	cierge magique
🎈	ballon gonflable
🎉	cotillons
🎊	confettis
🎋	arbre à vœux
🎌	drapeaux croisés
🎍	bambou décoratif
🎎	poupées japonaises
🎏	koinobori
🎐	carillon éolien
🎑	cérémonie de la lune
🎒	cartable
🎓	toque universitaire
🎖	médaille militaire
🎗	ruban de mémoire
🎙	micro de studio
🎚	curseur de niveau
🎛	boutons de réglage
🎞	pellicule
🎟	billet d’entrée
🎠	cheval de manège
🎡	grande roue
🎢	montagnes russes
🎣	pêche à la ligne
🎤	micro
🎥	caméra
🎦	cinéma
🎧	casque
🎨	palette de peinture
🎩	haut de forme
🎪	chapiteau
🎫	billet
🎬	clap
🎭	spectacle vivant
🎮	jeu vidéo
🎯	dans le mille
🎰	machine à sous
🎱	billard
🎲	dés
🎳	bowling
🎴	jeu des fleurs
🎵	note de musique
🎶	notes de musique
🎷	saxophone
🎸	guitare
🎹	piano
🎺	trompette
🎻	violon
🎼	partition
🎽	maillot de course
🎾	tennis
🎿	ski
🏀	basket
🏁	drapeau à damier
🏂	snowboardeur
🏃	personne qui court
🏄	personne faisant du surf
🏅	médaille sportive
🏆	trophée
🏇	course hippique
🏈	football américain
🏉	rugby
🏊	personne nageant
🏋	haltérophile
🏌	joueur de golf
🏍	moto
🏎	voiture de course
🏏	cricket
🏐	volley-ball
🏑	hockey sur gazon
🏒	hockey sur glace
🏓	ping-pong
🏔	montagne enneigée
🏕	camping
🏖	plage avec parasol
🏗	construction d’un bâtiment
🏘	maisons
🏙	ville
🏚	maison abandonnée
🏛	monument classique
🏜	désert
🏝	île déserte
🏞	parc national
🏟	stade
🏠	pavillon
🏡	maison avec jardin
🏢	immeuble de bureaux
🏣	bureau de poste japonais
🏤	bureau de poste
🏥	hôpital
🏦	banque
🏧	distributeur de billets
🏨	hôtel
🏩	love hotel
🏪	supérette
🏫	école
🏬	grand magasin
🏭	usine
🏮	lampion rouge
🏯	château japonais
🏰	château
🏳	drapeau blanc
🏴	drapeau noir
🏵	rosette
🏷	étiquette
🏸	badminton
🏹	arc et flèche
🏺	amphore
🏻	peau claire
🏼	peau moyennement claire
🏽	peau légèrement mate
🏾	peau mate
🏿	peau foncée
🐀	rat
🐁	souris
🐂	bœuf
🐃	buffle
🐄	vache
🐅	tigre
🐆	léopard
🐇	lapin
🐈	chat
🐉	dragon
🐊	crocodile
🐋	baleine
🐌	escargot
🐍	serpent
🐎	cheval
🐏	bélier
🐐	chèvre
🐑	mouton
🐒	singe
🐓	coq
🐔	poule
🐕	chien
🐖	cochon
🐗	sanglier
🐘	éléphant
🐙	pieuvre
🐚	coquille en spirale
🐛	chenille
🐜	fourmi
🐝	abeille
🐞	coccinelle
🐟	poisson
🐠	poisson tropical
🐡	poisson-lune
🐢	tortue
🐣	poussin qui éclôt
🐤	poussin
🐥	poussin de face
🐦	oiseau
🐧	pingouin
🐨	koala
🐩	caniche
🐪	dromadaire
🐫	chameau
🐬	dauphin
🐭	tête de souris
🐮	tête de vache
🐯	tête de tigre
🐰	tête de lapin
🐱	tête de chat
🐲	tête de dragon
🐳	baleine soufflant par son évent
🐴	tête de cheval
🐵	tête de singe
🐶	tête de chien
🐷	tête de cochon
🐸	tête de grenouille
🐹	tête de hamster
🐺	tête de loup
🐻	tête d’ours
🐼	tête de panda
🐽	groin
🐾	empreintes d’animaux
🐿	écureuil
👀	yeux
👁	œil
👂	oreille
👃	nez
👄	bouche
👅	langue
👆	main avec index pointant vers le haut
👇	main avec index pointant vers le bas
👈	main avec index pointant à gauche
👉	main avec index pointant à droite
👊	poing de face
👋	signe de la main
👌	ok
👍	pouce vers le haut
👎	pouce vers le bas
👏	applaudissements
👐	mains ouvertes
👑	couronne
👒	chapeau de femme
👓	lunettes de vue
👔	cravate
👕	T-shirt
👖	jean
👗	robe
👘	kimono
👙	bikini
👚	vêtements de femme
👛	porte-monnaie
👜	sac à main
👝	pochette
👞	chaussure d’homme
👟	chaussure de sport
👠	chaussure à talon haut
👡	sandale de femme
👢	botte de femme
👣	traces de pas
👤	silhouette de buste
👥	silhouettes de bustes
👦	garçon
👧	fille
👨	homme
👩	femme
👪	famille
👫	homme et femme se tenant la main
👬	deux hommes se tenant la main
👭	deux femmes se tenant la main
👮	officier de police
👯	personnes avec des oreilles de lapin
👰	mariée avec voile
👱	personne blonde
👲	homme avec casquette chinoise
👳	personne en turban
👴	homme âgé
👵	femme âgée
👶	bébé
👷	personnel du bâtiment
👸	princesse
👹	ogre
👺	monstre japonais
👻	fantôme
👼	bébé ange
👽	alien
👾	monstre de l’espace
👿	visage en colère avec des cornes
💀	crâne
💁	personne paume vers le haut
💂	garde
💃	danseuse
💄	rouge à lèvres
💅	vernis à ongles
💆	personne qui se fait masser
💇	personne qui se fait couper les cheveux
💈	enseigne de barbier
💉	seringue
💊	pilule
💋	trace de rouge à lèvres
💌	lettre d’amour
💍	bague
💎	pierre précieuse
💏	bisou
💐	bouquet
💑	couple avec cœur
💒	mariage
💓	cœur battant
💔	cœur brisé
💕	deux cœurs
💖	cœur étincelant
💗	cœur grandissant
💘	cœur et flèche
💙	cœur bleu
💚	cœur vert
💛	cœur jaune
💜	cœur violet
💝	cœur avec ruban
💞	cœurs qui tournent
💟	décoration avec cœur
💠	diamant avec un point
💡	ampoule
💢	symbole de colère
💣	bombe
💤	endormi
💥	explosion
💦	gouttes de sueur
💧	goutte d’eau
💨	décamper
💩	tas de crotte
💪	biceps contracté
💫	étourdissement
💬	bulle de parole
💭	bulle de pensée
💮	fleur blanche
💯	cent points
💰	sac plein d’argent
💱	conversion de devise
💲	dollar
💳	carte bancaire
💴	billet en yens
💵	billet en dollars
💶	billet en euros
💷	billet en livres
💸	billet avec des ailes
💹	courbe avec yen en hausse
💺	siège
💻	ordinateur portable
💼	porte-documents
💽	disque d’ordinateur
💾	disquette
💿	CD
📀	DVD
📁	dossier
📂	dossier ouvert
📃	page enroulée
📄	page
📅	calendrier
📆	éphéméride
📇	carnet d’adresses
📈	graphique en hausse
📉	graphique en baisse
📊	graphiques à barres
📋	porte-bloc
📌	punaise
📍	épingle
📎	trombone
📏	règle
📐	équerre
📑	signets
📒	carnet de compte
📓	carnet
📔	carnet avec couverture
📕	livre fermé
📖	livre ouvert
📗	livre vert
📘	livre bleu
📙	livre orange
📚	livres
📛	badge nominatif
📜	parchemin
📝	mémo
📞	combiné téléphonique
📟	bipeur
📠	fax
📡	antenne satellite
📢	haut-parleur
📣	porte-voix
📤	boîte d’envoi
📥	boîte de réception
📦	colis
📧	e-mail
📨	message reçu
📩	enveloppe avec flèche
📪	boîte aux lettres fermée drapeau baissé
📫	boîte aux lettres fermée drapeau levé
📬	boîte aux lettres ouverte drapeau levé
📭	boîte aux lettres ouverte drapeau baissé
📮	boîte aux lettres
📯	cor postal
📰	journal
📱	téléphone portable
📲	appel entrant
📳	mode vibreur
📴	téléphone éteint
📵	téléphones portables interdits
📶	barres de réseau
📷	appareil photo
📸	appareil photo avec flash
📹	caméscope
📺	téléviseur
📻	radio
📼	cassette vidéo
📽	projecteur cinématographique
📿	chapelet
🔀	bouton lecture aléatoire
🔁	bouton répétition
🔂	bouton répétition de la piste
🔃	flèches dans le sens horaire
🔄	flèches dans le sens antihoraire
🔅	luminosité faible
🔆	luminosité élevée
🔇	muet
🔈	volume des enceintes faible
🔉	volume des enceintes moyen
🔊	volume des enceintes élevé
🔋	pile
🔌	câble avec fiche électrique
🔍	loupe orientée à gauche
🔎	loupe orientée à droite
🔏	cadenas fermé avec stylo
🔐	cadenas fermé avec clé
🔑	clé
🔒	cadenas fermé
🔓	cadenas ouvert
🔔	cloche
🔕	alarme désactivée
🔖	marque-page
🔗	chaînons
🔘	bouton radio
🔙	flèche Retour
🔚	flèche Fin
🔛	flèche Activé
🔜	flèche Bientôt
🔝	flèche En haut
🔞	dix-huit ans et plus
🔟	touche dix
🔠	majuscules
🔡	minuscules
🔢	saisie de chiffres
🔣	saisie de symboles
🔤	alphabet latin
🔥	feu
🔦	torche
🔧	clé à molette
🔨	marteau
🔩	vis et écrou
🔪	couteau de cuisine
🔫	pistolet
🔬	microscope
🔭	télescope
🔮	boule de cristal
🔯	étoile à six branches
🔰	symbole japonais de débutant
🔱	trident
🔲	carré noir
🔳	carré blanc
🔴	disque rouge
🔵	disque bleu
🔶	grand losange orange
🔷	grand losange bleu
🔸	petit losange orange
🔹	petit losange bleu
🔺	triangle rouge pointant vers le haut
🔻	triangle rouge pointant vers le bas
🔼	petit triangle haut
🔽	petit triangle bas
🕉	om
🕊	colombe
🕋	kaaba
🕌	mosquée
🕍	synagogue
🕎	chandelier à sept branches
🕐	une heure
🕑	deux heures
🕒	trois heures
🕓	quatre heures
🕔	cinq heures
🕕	six heures
🕖	sept heures
🕗	huit heures
🕘	neuf heures
🕙	dix heures
🕚	onze heures
🕛	douze heures
🕜	une heure et demie
🕝	deux heures et demie
🕞	trois heures et demie
🕟	quatre heures et demie
🕠	cinq heures et demie
🕡	six heures et demie
🕢	sept heures et demie
🕣	huit heures et demie
🕤	neuf heures et demie
🕥	dix heures et demie
🕦	onze heures et demie
🕧	douze heures et demie
🕯	bougie
🕰	pendule
🕳	trou
🕴	homme d’affaires en lévitation
🕵	détective
🕶	lunettes de soleil
🕷	araignée
🕸	toile d’araignée
🕹	manette de jeu
🕺	danseur
🖇	trombones
🖊	stylo
🖋	stylo plume
🖌	pinceau
🖍	crayon pastel
🖐	main levée doigts écartés
🖕	doigt d’honneur
🖖	salut vulcain
🖤	cœur noir
🖥	ordinateur de bureau
🖨	imprimante
🖱	souris d’ordinateur
🖲	boule de commande
🖼	cadre avec image
🗂	intercalaires
🗃	boîte à dossiers
🗄	meuble à dossiers
🗑	corbeille à papiers
🗒	bloc-notes à spirale
🗓	calendrier à spirale
🗜	serre-joint
🗝	clé ancienne
🗞	journal roulé
🗡	dague
🗣	tête qui parle
🗨	bulle de parole gauche
🗯	bulle colère droite
🗳	urne électorale
🗺	carte du monde
🗻	mont Fuji
🗼	tour de Tokyo
🗽	statue de la Liberté
🗾	carte du Japon
🗿	moai
😀	visage rieur
😁	visage souriant aux yeux rieurs
😂	visage riant aux larmes
😃	visage souriant avec de grands yeux
😄	visage très souriant aux yeux rieurs
😅	visage souriant avec une goutte de sueur
😆	visage souriant avec yeux plissés
😇	visage souriant avec auréole
😈	visage souriant avec des cornes
😉	visage faisant un clin d’œil
😊	visage souriant avec yeux rieurs
😋	miam
😌	visage soulagé
😍	visage souriant avec yeux en forme de cœur
😎	visage avec lunettes de soleil
😏	visage avec un sourire malin
😐	visage neutre
😑	visage sans expression
😒	visage blasé
😓	visage démoralisé avec goutte de sueur
😔	visage pensif
😕	visage confus
😖	visage déconcerté
😗	visage faisant un bisou
😘	visage envoyant un bisou
😙	visage aux yeux rieurs faisant un bisou
😚	visage faisant un bisou avec les yeux fermés
😛	visage qui tire la langue
😜	visage qui tire la langue et fait un clin d’œil
😝	visage qui tire la langue les yeux plissés
😞	visage déçu
😟	visage inquiet
😠	visage en colère
😡	visage boudeur
😢	visage qui pleure
😣	visage persévérant
😤	visage avec fumée sortant des narines
😥	visage triste mais soulagé
😦	visage mécontent avec bouche ouverte
😧	visage angoissé
😨	visage effrayé
😩	visage épuisé
😪	visage endormi
😫	visage fatigué
😬	visage grimaçant
😭	visage qui pleure à chaudes larmes
😮	visage avec bouche ouverte
😯	visage ébahi
😰	visage anxieux avec goutte de sueur
😱	visage qui hurle de peur
😲	visage stupéfait
😳	visage qui rougit
😴	visage somnolent
😵	visage étourdi
😶	visage sans bouche
😷	visage avec masque
😸	tête de chat qui sourit avec des yeux rieurs
😹	tête de chat qui pleure de joie
😺	tête de chat qui sourit
😻	tête de chat souriant avec des cœurs à la place des yeux
😼	tête de chat avec sourire en coin
😽	tête de chat qui fait un bisou
😾	tête de chat qui boude
😿	tête de chat qui pleure
🙀	tête de chat fatigué
🙁	visage légèrement mécontent
🙂	visage avec un léger sourire
🙃	tête à l’envers
🙄	visage roulant des yeux
🙅	personne faisant un geste d’interdiction
🙆	personne faisant un geste d’acceptation
🙇	personne qui s’incline
🙈	singe ne rien voir
🙉	singe ne rien entendre
🙊	singe ne rien dire
🙋	personne qui lève la main
🙌	mains levées
🙍	personne fronçant les sourcils
🙎	personne qui boude
🙏	mains en prière
🚀	fusée
🚁	hélicoptère
🚂	locomotive
🚃	wagon
🚄	TGV
🚅	train à grande vitesse
🚆	train
🚇	métro
🚈	métro léger
🚉	gare
🚊	tramway
🚋	wagon de tramway
🚌	bus
🚍	bus de face
🚎	trolleybus
🚏	arrêt de bus
🚐	minibus
🚑	ambulance
🚒	camion de pompier
🚓	voiture de police
🚔	voiture de police de face
🚕	taxi
🚖	taxi de face
🚗	voiture
🚘	voiture de face
🚙	véhicule utilitaire sport
🚚	camion de livraison
🚛	semi-remorque
🚜	tracteur
🚝	monorail
🚞	train de montagne
🚟	train suspendu
🚠	téléphérique
🚡	tramway aérien
🚢	navire
🚣	personne ramant dans une barque
🚤	hors-bord
🚥	feu tricolore horizontal
🚦	feu tricolore vertical
🚧	travaux
🚨	gyrophare
🚩	drapeau triangulaire
🚪	porte
🚫	symbole d’interdiction
🚬	cigarette
🚭	interdiction de fumer
🚮	icône Poubelle
🚯	dépôt d’ordures interdit
🚰	eau potable
🚱	eau non potable
🚲	vélo
🚳	vélos interdits
🚴	cycliste
🚵	personne en VTT
🚶	personne qui marche
🚷	interdit aux piétons
🚸	traversée d’enfants
🚹	symbole Toilettes hommes
🚺	symbole Toilettes femmes
🚻	panneau Toilettes
🚼	symbole Bébé
🚽	toilettes
🚾	WC
🚿	douche
🛀	personne prenant un bain
🛁	baignoire
🛂	contrôle des passeports
🛃	douane
🛄	retrait des bagages
🛅	consigne
🛋	canapé et lampe
🛌	personne au lit
🛍	sacs de shopping
🛎	cloche de comptoir
🛏	lit
🛐	lieu de culte
🛑	stop
🛒	chariot
🛕	temple hindou
🛖	hutte
🛗	ascenseur
🛜	sans fil
🛝	toboggan
🛞	roue
🛟	bouée de sauvetage
🛠	marteau et clé à molette
🛡	bouclier
🛢	baril de pétrole
🛣	autoroute
🛤	voie ferrée
🛥	bateau à moteur
🛩	petit avion
🛫	avion au décollage
🛬	avion à l’atterrissage
🛰	satellite
🛳	paquebot
🛴	trottinette
🛵	scooter
🛶	canoë
🛷	luge
🛸	soucoupe volante
🛹	planche à roulettes
🛺	tuk tuk
🛻	pick-up
🛼	patin à roulettes
🟠	disque orange
🟡	disque jaune
🟢	disque vert
🟣	disque violet
🟤	disque marron
🟥	carré rouge
🟦	carré bleu
🟧	carré orange
🟨	carré jaune
🟩	carré vert
🟪	carré violet
🟫	carré marron
🟰	signe égal gras
🤌	bout des doigts joints
🤍	cœur blanc
🤎	cœur marron
🤏	pouce et index rapprochés
🤐	visage avec bouche fermeture éclair
🤑	argent dans les yeux et la bouche
🤒	visage avec thermomètre
🤓	visage de geek
🤔	visage en pleine réflexion
🤕	visage avec bandage autour de la tête
🤖	visage de robot
🤗	visage qui fait un câlin
🤘	cornes avec les doigts
🤙	signe appel téléphonique avec les doigts
🤚	dos de main levée
🤛	poing à gauche
🤜	poing à droite
🤝	poignée de main
🤞	doigts croisés
🤟	signe je t’aime
🤠	visage avec chapeau de cowboy
🤡	visage de clown
🤢	visage nauséeux
🤣	se rouler par terre de rire
🤤	visage qui bave
🤥	visage de menteur
🤦	personne avec la paume sur le visage
🤧	visage qui éternue
🤨	visage avec les sourcils relevés
🤩	visage avec des étoiles à la place des yeux
🤪	tête de fou
🤫	visage avec un doigt sur la bouche
🤬	visage avec des symboles dans la bouche
🤭	visage avec une main sur la bouche
🤮	visage qui vomit
🤯	tête qui explose
🤰	femme enceinte
🤱	allaitement
🤲	paume contre paume doigts vers le haut
🤳	selfie
🤴	prince
🤵	homme en smoking
🤶	mère Noël
🤷	personne qui hausse les épaules
🤸	personne faisant la roue
🤹	personne qui jongle
🤺	escrimeur
🤼	personnes faisant de la lutte
🤽	personne jouant au water-polo
🤾	personne jouant au handball
🤿	masque de plongée
🥀	fleur fanée
🥁	batterie
🥂	trinquer
🥃	verre tumbler
🥄	cuillère
🥅	cage
🥇	médaille d’or
🥈	médaille d’argent
🥉	médaille de bronze
🥊	gant de boxe
🥋	tenue d’arts martiaux
🥌	pierre de curling
🥍	crosse
🥎	softball
🥏	disque-volant
🥐	croissant
🥑	avocat
🥒	concombre
🥓	lard
🥔	pomme de terre
🥕	carotte
🥖	baguette
🥗	salade verte
🥘	plat mitonné
🥙	kebab
🥚	œuf
🥛	verre de lait
🥜	cacahuètes
🥝	kiwi
🥞	pancakes
🥟	boulette de pâte
🥠	biscuit chinois
🥡	boîte à emporter
🥢	baguettes
🥣	bol avec cuillère
🥤	tasse avec paille
🥥	noix de coco
🥦	broccoli
🥧	tarte
🥨	bretzel
🥩	morceau de viande
🥪	sandwich
🥫	aliments en conserve
🥬	légume à feuilles vertes
🥭	mangue
🥮	gâteau de lune
🥯	bagel
🥰	visage souriant entouré de cœurs
🥱	visage bâillant
🥲	visage souriant avec une larme
🥳	visage festif
🥴	visage éméché
🥵	visage rouge et chaud
🥶	visage bleu et froid
🥷	ninja
🥸	visage déguisé
🥹	visage retenant ses larmes
🥺	visage implorant
🥻	sari
🥼	blouse blanche
🥽	lunettes
🥾	chaussure de randonnée
🥿	chaussure plate
🦀	crabe
🦁	tête de lion
🦂	scorpion
🦃	dindon
🦄	tête de licorne
🦅	aigle
🦆	canard
🦇	chauve-souris
🦈	requin
🦉	chouette
🦊	tête de renard
🦋	papillon
🦌	cerf
🦍	gorille
🦎	lézard
🦏	rhinocéros
🦐	crevette
🦑	calamar
🦒	girafe
🦓	zèbre
🦔	hérisson
🦕	sauropode
🦖	T-Rex
🦗	criquet
🦘	kangourou
🦙	lama
🦚	paon
🦛	hippopotame
🦜	perroquet
🦝	raton laveur
🦞	homard
🦟	moustique
🦠	microbe
🦡	blaireau
🦢	cygne
🦣	mammouth
🦤	dodo
🦥	paresseux
🦦	loutre
🦧	orang-outan
🦨	mouffette
🦩	flamant
🦪	huître
🦫	castor
🦬	bison
🦭	phoque
🦮	chien guide
🦯	canne blanche
🦰	cheveux roux
🦱	cheveux bouclés
🦲	chauve
🦳	cheveux blancs
🦴	os
🦵	jambe
🦶	pied
🦷	dent
🦸	super-héros
🦹	super-vilain
🦺	gilet de sécurité
🦻	oreille appareillée
🦼	fauteuil motorisé
🦽	fauteuil roulant manuel
🦾	bras mécanique
🦿	jambe mécanique
🧀	part de fromage
🧁	cupcake
🧂	sel
🧃	briquette de jus
🧄	ail
🧅	oignon
🧆	falafels
🧇	gaufre
🧈	beurre
🧉	maté
🧊	glaçon
🧋	thé aux perles
🧌	troll
🧍	personne debout
🧎	personne à genoux
🧏	personne sourde
🧐	visage avec un monocle
🧑	adulte
🧒	enfant
🧓	personne âgée
🧔	personne barbue
🧕	femme avec foulard
🧖	personne au hammam
🧗	personne qui grimpe
🧘	personne dans la posture du lotus
🧙	mage
🧚	personnage féérique
🧛	vampire
🧜	créature aquatique
🧝	elfe
🧞	génie
🧟	zombie
🧠	cerveau
🧡	cœur orange
🧢	casquette américaine
🧣	foulard
🧤	gants
🧥	manteau
🧦	chaussettes
🧧	enveloppe rouge
🧨	pétard
🧩	pièce de puzzle
🧪	tube à essai
🧫	boîte de pétri
🧬	adn
🧭	boussole
🧮	abaque
🧯	extincteur
🧰	boîte à outils
🧱	brique
🧲	aimant
🧳	bagage
🧴	bouteille de lotion
🧵	bobine de fil
🧶	fil
🧷	épingle de sûreté
🧸	ours en peluche
🧹	balai
🧺	panier
🧻	rouleau de papier
🧼	savon
🧽	éponge
🧾	reçu
🧿	mauvais œil
🇦🇨	drapeau de l’île de l’Ascension
🇦🇩	drapeau d’Andorre
🇦🇪	drapeau des Émirats arabes unis
🇦🇫	drapeau de l’Afghanistan
🇦🇬	drapeau d’Antigua-et-Barbuda
🇦🇮	drapeau d’Anguilla
🇦🇱	drapeau de l’Albanie
🇦🇲	drapeau de l’Arménie
🇦🇴	drapeau de l’Angola
🇦🇶	drapeau de l’Antarctique
🇦🇷	drapeau de l’Argentine
🇦🇸	drapeau des Samoa américaines
🇦🇹	drapeau de l’Autriche
🇦🇺	drapeau de l’Australie
🇦🇼	drapeau d’Aruba
🇦🇽	drapeau des îles Åland
🇦🇿	drapeau de l’Azerbaïdjan
🇧🇦	drapeau de la Bosnie-Herzégovine
🇧🇧	drapeau de la Barbade
🇧🇩	drapeau du Bangladesh
🇧🇪	drapeau de la Belgique
🇧🇫	drapeau du Burkina Faso
🇧🇬	drapeau de la Bulgarie
🇧🇭	drapeau du Bahreïn
🇧🇮	drapeau du Burundi
🇧🇯	drapeau du Bénin
🇧🇱	drapeau de Saint-Barthélemy
🇧🇲	drapeau des Bermudes
🇧🇳	drapeau du Brunéi Darussalam
🇧🇴	drapeau de la Bolivie
🇧🇶	drapeau des Pays-Bas caribéens
🇧🇷	drapeau du Brésil
🇧🇸	drapeau des Bahamas
🇧🇹	drapeau du Bhoutan
🇧🇻	drapeau de l’île Bouvet
🇧🇼	drapeau du Botswana
🇧🇾	drapeau de la Biélorussie
🇧🇿	drapeau du Belize
🇨🇦	drapeau du Canada
🇨🇨	drapeau des îles Cocos
🇨🇩	drapeau du Congo-Kinshasa
🇨🇫	drapeau de la République centrafricaine
🇨🇬	drapeau du Congo-Brazzaville
🇨🇭	drapeau de la Suisse
🇨🇮	drapeau de la Côte d’Ivoire
🇨🇰	drapeau des îles Cook
🇨🇱	drapeau du Chili
🇨🇲	drapeau du Cameroun
🇨🇳	drapeau de la Chine
🇨🇴	drapeau de la Colombie
🇨🇵	drapeau de l’île Clipperton
🇨🇷	drapeau du Costa Rica
🇨🇺	drapeau de Cuba
🇨🇻	drapeau du Cap-Vert
🇨🇼	drapeau de Curaçao
🇨🇽	drapeau de l’île Christmas
🇨🇾	drapeau de Chypre
🇨🇿	drapeau de la Tchéquie
🇩🇪	drapeau de l’Allemagne
🇩🇬	drapeau de Diego Garcia
🇩🇯	drapeau de Djibouti
🇩🇰	drapeau du Danemark
🇩🇲	drapeau de la Dominique
🇩🇴	drapeau de la République dominicaine
🇩🇿	drapeau de l’Algérie
🇪🇦	drapeau de Ceuta et Melilla
🇪🇨	drapeau de l’Équateur
🇪🇪	drapeau de l’Estonie
🇪🇬	drapeau de l’Égypte
🇪🇭	drapeau du Sahara occidental
🇪🇷	drapeau de l’Érythrée
🇪🇸	drapeau de l’Espagne
🇪🇹	drapeau de l’Éthiopie
🇪🇺	drapeau de l’Union européenne
🇫🇮	drapeau de la Finlande
🇫🇯	drapeau des Fidji
🇫🇰	drapeau des îles Malouines
🇫🇲	drapeau des États fédérés de Micronésie
🇫🇴	drapeau des îles Féroé
🇫🇷	drapeau de la France
🇬🇦	drapeau du Gabon
🇬🇧	drapeau du Royaume-Uni
🇬🇩	drapeau de la Grenade
🇬🇪	drapeau de la Géorgie
🇬🇫	drapeau de la Guyane française
🇬🇬	drapeau de Guernesey
🇬🇭	drapeau du Ghana
🇬🇮	drapeau de Gibraltar
🇬🇱	drapeau du Groenland
🇬🇲	drapeau de la Gambie
🇬🇳	drapeau de la Guinée
🇬🇵	drapeau de la Guadeloupe
🇬🇶	drapeau de la Guinée équatoriale
🇬🇷	drapeau de la Grèce
🇬🇸	drapeau de la Géorgie du Sud et îles Sandwich du Sud
🇬🇹	drapeau du Guatemala
🇬🇺	drapeau de Guam
🇬🇼	drapeau de la Guinée-Bissau
🇬🇾	drapeau du Guyana
🇭🇰	drapeau de Hong Kong
🇭🇲	drapeau des îles Heard et McDonald
🇭🇳	drapeau du Honduras
🇭🇷	drapeau de la Croatie
🇭🇹	drapeau d’Haïti
🇭🇺	drapeau de la Hongrie
🇮🇨	drapeau des îles Canaries
🇮🇩	drapeau de l’Indonésie
🇮🇪	drapeau de l’Irlande
🇮🇱	drapeau d’Israël
🇮🇲	drapeau de l’île de Man
🇮🇳	drapeau de l’Inde
🇮🇴	drapeau du territoire britannique de l’océan Indien
🇮🇶	drapeau de l’Irak
🇮🇷	drapeau de l’Iran
🇮🇸	drapeau de l’Islande
🇮🇹	drapeau de l’Italie
🇯🇪	drapeau de Jersey
🇯🇲	drapeau de la Jamaïque
🇯🇴	drapeau de la Jordanie
🇯🇵	drapeau du Japon
🇰🇪	drapeau du Kenya
🇰🇬	drapeau du Kirghizistan
🇰🇭	drapeau du Cambodge
🇰🇮	drapeau des Kiribati
🇰🇲	drapeau des Comores
🇰🇳	drapeau de Saint-Christophe-et-Niévès
🇰🇵	drapeau de la Corée du Nord
🇰🇷	drapeau de la Corée du Sud
🇰🇼	drapeau du Koweït
🇰🇾	drapeau des îles Caïmans
🇰🇿	drapeau du Kazakhstan
🇱🇦	drapeau du Laos
🇱🇧	drapeau du Liban
🇱🇨	drapeau de Sainte-Lucie
🇱🇮	drapeau du Liechtenstein
🇱🇰	drapeau du Sri Lanka
🇱🇷	drapeau du Libéria
🇱🇸	drapeau du Lesotho
🇱🇹	drapeau de la Lituanie
🇱🇺	drapeau du Luxembourg
🇱🇻	drapeau de la Lettonie
🇱🇾	drapeau de la Libye
🇲🇦	drapeau du Maroc
🇲🇨	drapeau de Monaco
🇲🇩	drapeau de la Moldavie
🇲🇪	drapeau du Monténégro
🇲🇫	drapeau de Saint-Martin
🇲🇬	drapeau de Madagascar
🇲🇭	drapeau des îles Marshall
🇲🇰	drapeau de la Macédoine
🇲🇱	drapeau du Mali
🇲🇲	drapeau du Myanmar
🇲🇳	drapeau de la Mongolie
🇲🇴	drapeau de Macao
🇲🇵	drapeau des îles Mariannes du Nord
🇲🇶	drapeau de la Martinique
🇲🇷	drapeau de la Mauritanie
🇲🇸	drapeau de Montserrat
🇲🇹	drapeau de Malte
🇲🇺	drapeau de Maurice
🇲🇻	drapeau des Maldives
🇲🇼	drapeau du Malawi
🇲🇽	drapeau du Mexique
🇲🇾	drapeau de la Malaisie
🇲🇿	drapeau du Mozambique
🇳🇦	drapeau de la Namibie
🇳🇨	drapeau de la Nouvelle-Calédonie
🇳🇪	drapeau du Niger
🇳🇫	drapeau de l’île Norfolk
🇳🇬	drapeau du Nigéria
🇳🇮	drapeau du Nicaragua
🇳🇱	drapeau des Pays-Bas
🇳🇴	drapeau de la Norvège
🇳🇵	drapeau du Népal
🇳🇷	drapeau de Nauru
🇳🇺	drapeau de Niue
🇳🇿	drapeau de la Nouvelle-Zélande
🇴🇲	drapeau d’Oman
🇵🇦	drapeau du Panama
🇵🇪	drapeau du Pérou
🇵🇫	drapeau de la Polynésie française
🇵🇬	drapeau de la Papouasie-Nouvelle-Guinée
🇵🇭	drapeau des Philippines
🇵🇰	drapeau du Pakistan
🇵🇱	drapeau de la Pologne
🇵🇲	drapeau de Saint-Pierre-et-Miquelon
🇵🇳	drapeau des îles Pitcairn
🇵🇷	drapeau de Porto Rico
🇵🇸	drapeau des territoires palestiniens
🇵🇹	drapeau du Portugal
🇵🇼	drapeau des Palaos
🇵🇾	drapeau du Paraguay
🇶🇦	drapeau du Qatar
🇷🇪	drapeau de la Réunion
🇷🇴	drapeau de la Roumanie
🇷🇸	drapeau de la Serbie
🇷🇺	drapeau de la Russie
🇷🇼	drapeau du Rwanda
🇸🇦	drapeau de l’Arabie saoudite
🇸🇧	drapeau des îles Salomon
🇸🇨	drapeau des Seychelles
🇸🇩	drapeau du Soudan
🇸🇪	drapeau de la Suède
🇸🇬	drapeau de Singapour
🇸🇭	drapeau de Sainte-Hélène
🇸🇮	drapeau de la Slovénie
🇸🇯	drapeau de Svalbard et Jan Mayen
🇸🇰	drapeau de la Slovaquie
🇸🇱	drapeau de la Sierra Leone
🇸🇲	drapeau de Saint-Marin
🇸🇳	drapeau du Sénégal
🇸🇴	drapeau de la Somalie
🇸🇷	drapeau du Suriname
🇸🇸	drapeau du Soudan du Sud
🇸🇹	drapeau de Sao Tomé-et-Principe
🇸🇻	drapeau du Salvador
🇸🇽	drapeau de la partie néerlandaise de Saint-Martin
🇸🇾	drapeau de la Syrie
🇸🇿	drapeau du Swaziland
🇹🇦	drapeau de Tristan da Cunha
🇹🇨	drapeau des îles Turques-et-Caïques
🇹🇩	drapeau du Tchad
🇹🇫	drapeau des terres australes françaises
🇹🇬	drapeau du Togo
🇹🇭	drapeau de la Thaïlande
🇹🇯	drapeau du Tadjikistan
🇹🇰	drapeau des Tokélaou
🇹🇱	drapeau du Timor oriental
🇹🇲	drapeau du Turkménistan
🇹🇳	drapeau de la Tunisie
🇹🇴	drapeau des Tonga
🇹🇷	drapeau de la Turquie
🇹🇹	drapeau de Trinité-et-Tobago
🇹🇻	drapeau des Tuvalu
🇹🇼	drapeau de Taïwan
🇹🇿	drapeau de la Tanzanie
🇺🇦	drapeau de l’Ukraine
🇺🇬	drapeau de l’Ouganda
🇺🇲	drapeau des îles mineures éloignées des États-Unis
🇺🇳	drapeau des Nations Unies
🇺🇸	drapeau des États-Unis
🇺🇾	drapeau de l’Uruguay
🇺🇿	drapeau de l’Ouzbékistan
🇻🇦	drapeau de l’État de la Cité du Vatican
🇻🇨	drapeau de Saint-Vincent-et-les-Grenadines
🇻🇪	drapeau du Venezuela
🇻🇬	drapeau des îles Vierges britanniques
🇻🇮	drapeau des îles Vierges des États-Unis
🇻🇳	drapeau du Vietnam
🇻🇺	drapeau du Vanuatu
🇼🇫	drapeau de Wallis-et-Futuna
🇼🇸	drapeau des Samoa
🇽🇰	drapeau du Kosovo
🇾🇪	drapeau de l’Yémen
🇾🇹	drapeau de Mayotte
🇿🇦	drapeau de l’Afrique du Sud
🇿🇲	drapeau de la Zambie
🇿🇼	drapeau du Zimbabwe
🏴󠁧󠁢󠁥󠁮󠁧󠁿	drapeau de l’Angleterre
🏴󠁧󠁢󠁳󠁣󠁴󠁿	drapeau de l’Écosse
🏴󠁧󠁢󠁷󠁬󠁳󠁿	drapeau du pays de Galles
#️⃣	touche dièse
*️⃣	touche astérisque
0️⃣	touche zéro
1️⃣	touche un
2️⃣	touche deux
3️⃣	touche trois
4️⃣	touche quatre
5️⃣	touche cinq
6️⃣	touche six
7️⃣	touche sept
8️⃣	touche huit
9️⃣	touche neuf
🩰	chaussons de danse
🩱	maillot de bain une pièce
🩲	slip
🩳	short
🩴	tong
🩵	cœur bleu clair
🩶	cœur gris
🩷	cœur rose
🩸	goutte de sang
🩹	sparadrap
🩺	stéthoscope
🩻	radiographie
🩼	béquille
🪀	yoyo
🪁	cerf-volant
🪂	parachute
🪃	boomerang
🪄	baguette magique
🪅	piñata
🪆	poupées russes
🪇	maracas
🪈	flûte
🪉	harpe
🪏	pelle
🪐	planète à anneaux
🪑	chaise
🪒	rasoir
🪓	hache
🪔	diya
🪕	banjo
🪖	casque militaire
🪗	accordéon
🪘	djembé
🪙	pièce
🪚	scie
🪛	tournevis
🪜	échelle
🪝	crochet
🪞	miroir
🪟	fenêtre
🪠	ventouse
🪡	aiguille à coudre
🪢	nœud
🪣	seau
🪤	tapette à souris
🪥	brosse à dents
🪦	pierre tombale
🪧	pancarte
🪨	rocher
🪩	boule à facettes
🪪	carte d’identité
🪫	pile faible
🪬	main de Fatma
🪭	éventail
🪮	peigne afro
🪯	khanda
🪰	mouche
🪱	lombric
🪲	scarabée
🪳	cafard
🪴	plante en pot
🪵	bois
🪶	plume
🪷	lotus
🪸	corail
🪹	nid vide
🪺	nid avec œufs
🪻	jacinthe
🪼	méduse
🪽	aile
🪾	arbre sans feuille
🪿	oie
🫀	cœur
🫁	poumons
🫂	étreinte
🫃	homme enceint
🫄	personne enceinte
🫅	personne avec une couronne
🫆	empreinte digitale
🫎	élan
🫏	âne
🫐	myrtilles
🫑	poivron
🫒	olive
🫓	galette
🫔	tamal
🫕	fondue
🫖	théière
🫗	verser un liquide
🫘	haricots
🫙	bocal
🫚	racine de gingembre
🫛	cosse de petits pois
🫜	légume-racine
🫟	éclaboussure
🫠	visage qui fond
🫡	visage qui fait un salut militaire
🫢	visage avec yeux ouverts et main sur la bouche
🫣	visage qui regarde entre ses doigts
🫤	visage avec bouche en diagonale
🫥	visage en pointillés
🫦	lèvres qui se mordent
🫧	bulles
🫨	visage secoué
🫩	visage avec des valises sous les yeux
🫰	main avec index et pouce croisés
🫱	main vers la droite
🫲	main vers la gauche
🫳	main paume vers le bas
🫴	main paume vers le haut
🫵	index pointant vers l’utilisateur
🫶	mains qui forment un cœur
🫷	main qui pousse vers la gauche
🫸	main qui pousse vers la droite
⛓‍💥	chaîne brisée
❤‍🔥	cœur enflammé
❤‍🩹	cœur avec bandages
🍄‍🟫	champignon marron
🍋‍🟩	citron vert
🏃‍♀‍➡	femme qui court vers la droite
🏃‍♂‍➡	homme qui court vers la droite
🏃‍➡	personne qui court vers la droite
🏳‍⚧	drapeau transgenre
🐈‍⬛	chat noir
🐕‍🦺	chien d’assistance
🐦‍⬛	oiseau noir
🐦‍🔥	phénix
🐻‍❄	ours polaire
👨‍🍼	homme allaitant un bébé
👨‍🦯	homme avec canne blanche
👨‍🦯‍➡	homme avec canne blanche vers la droite
👨‍🦰	homme cheveux roux
👨‍🦱	homme cheveux bouclés
👨‍🦲	homme chauve
👨‍🦳	homme cheveux blancs
👨‍🦼	homme en fauteuil motorisé
👨‍🦼‍➡	homme en fauteuil motorisé vers la droite
👨‍🦽	homme en fauteuil roulant manuel
👨‍🦽‍➡	homme en fauteuil roulant manuel vers la droite
👩‍❤‍💋‍👨	bisou entre une femme et un homme
👨‍❤‍💋‍👨	bisou entre deux hommes
👩‍❤‍💋‍👩	bisou entre deux femmes
👩‍❤‍👨	couple amoureux formé d’une femme et d’un homme
👨‍❤‍👨	couple amoureux formé de deux hommes
👩‍❤‍👩	couple amoureux formé de deux femmes
👨‍👩‍👦	famille composée d’un homme, d’une femme et d’un garçon
👨‍👩‍👧	famille composée d’un homme, d’une femme et d’une fille
👨‍👩‍👧‍👦	famille composée d’un homme, d’une femme, d’une fille et d’un garçon
👨‍👩‍👦‍👦	famille composée d’un homme, d’une femme et de deux garçons
👨‍👩‍👧‍👧	famille composée d’un homme, d’une femme et de deux filles
👨‍👨‍👦	famille composée de deux hommes et d’un garçon
👨‍👨‍👧	famille composée de deux hommes et d’une fille
👨‍👨‍👧‍👦	famille composée de deux hommes, d’une fille et d’un garçon
👨‍👨‍👦‍👦	famille composée de deux hommes et de deux garçons
👨‍👨‍👧‍👧	famille composée de deux hommes et de deux filles
👩‍🍼	femme allaitant un bébé
👩‍👩‍👦	famille composée de deux femmes et d’un garçon
👩‍👩‍👧	famille composée de deux femmes et d’une fille
👩‍👩‍👧‍👦	famille composée de deux femmes, d’une fille et d’un garçon
👩‍👩‍👦‍👦	famille composée de deux femmes et de deux garçons
👩‍👩‍👧‍👧	famille composée de deux femmes et de deux filles
👨‍👦	famille composée d’un homme et d’un garçon
👨‍👦‍👦	famille composée d’un homme et de deux garçons
👨‍👧	famille composée d’un homme et d’une fille
👨‍👧‍👦	famille composée d’un homme, d’une fille et d’un garçon
👨‍👧‍👧	famille composée d’un homme et de deux filles
👩‍👦	famille composée d’une femme et d’un garçon
👩‍👦‍👦	famille composée d’une femme et de deux garçons
👩‍👧	famille composée d’une femme et d’une fille
👩‍👧‍👦	famille composée d’une femme, d’une fille et d’un garçon
👩‍👧‍👧	famille composée d’une femme et de deux filles
👨‍⚕	professionnel de la santé
👩‍⚕	professionnelle de la santé
👨‍⚖	juge homme
👩‍⚖	juge femme
👨‍✈	pilote homme
👩‍✈	pilote femme
👨‍🌾	fermier
👩‍🌾	fermière
👨‍🍳	cuisinier
👩‍🍳	cuisinière
👨‍🎓	étudiant
👩‍🎓	étudiante
👨‍🎤	chanteur
👩‍🎤	chanteuse
👨‍🎨	artiste homme
👩‍🎨	artiste femme
👨‍🏫	enseignant
👩‍🏫	enseignante
👨‍🏭	ouvrier
👩‍🏭	ouvrière
👨‍💻	informaticien
👩‍💻	informaticienne
👨‍💼	employé de bureau
👩‍💼	employée de bureau
👨‍🔧	mécanicien
👩‍🔧	mécanicienne
👨‍🔬	scientifique homme
👩‍🔬	scientifique femme
👨‍🚀	astronaute homme
👩‍🚀	astronaute femme
👨‍🚒	pompier homme
👩‍🚒	pompier femme
👩‍🦯	femme avec canne blanche
👩‍🦯‍➡	femme avec canne blanche vers la droite
👩‍🦰	femme cheveux roux
👩‍🦱	femme cheveux bouclés
👩‍🦲	femme chauve
👩‍🦳	femme cheveux blancs
👩‍🦼	femme en fauteuil motorisé
👩‍🦼‍➡	femme en fauteuil motorisé vers la droite
👩‍🦽	femme en fauteuil roulant manuel
👩‍🦽‍➡	femme en fauteuil roulant manuel vers la droite
👮‍♀	policière
👮‍♂	policier
👰‍♀	femme avec voile
👰‍♂	homme avec voile
👱‍♀	femme blonde
👱‍♂	homme blond
👳‍♀	femme en turban
👳‍♂	homme en turban
👷‍♀	ouvrière du bâtiment
👷‍♂	ouvrier du bâtiment
💂‍♀	garde femme
💂‍♂	garde homme
🕵️‍♀	détective femme
🕵️‍♂	détective homme
😮‍💨	visage expirant
😵‍💫	visage aux yeux en spirales
😶‍🌫	visage dans les nuages
🙂‍↔	tête secouée horizontalement
🙂‍↕	tête secouée verticalement
🚶‍♀‍➡	femme qui marche vers la droite
🚶‍♂‍➡	homme qui marche vers la droite
🚶‍➡	personne qui marche vers la droite
🤵‍♀	femme en smoking
🤵‍♂	homme en smoking
🦸‍♀	super-héroïne
🦸‍♂	super-héros homme
🦹‍♀	super-vilain femme
🦹‍♂	super-vilain homme
🧍‍♀	femme debout
🧍‍♂	homme debout
🧎‍♀	femme à genoux
🧎‍♀‍➡	femme à genoux vers la droite
🧎‍♂	homme à genoux
🧎‍♂‍➡	homme à genoux vers la droite
🧎‍➡	personne à genoux vers la droite
🧏‍♀	femme sourde
🧏‍♂	homme sourd
🧑‍⚕	professionnel de la santé tous genres
🧑‍⚖	juge
🧑‍✈	pilote
🧑‍🌾	fermier tous genres
🧑‍🍳	cuisinier tous genres
🧑‍🍼	personne allaitant un bébé
🧑‍🎄	personne déguisée en père Noël
🧑‍🎓	étudiant tous genres
🧑‍🎤	chanteur tous genres
🧑‍🎨	artiste
🧑‍🏫	personnel enseignant
🧑‍🏭	ouvrier tous genres
🧑‍💻	informaticien tous genres
🧑‍💼	employé de bureau tous genres
🧑‍🔧	mécanicien tous genres
🧑‍🔬	scientifique
🧑‍🚀	astronaute
🧑‍🚒	pompier
🧑‍🤝‍🧑	deux personnes se tenant la main
🧑‍🦯	personne avec une canne blanche
🧑‍🦯‍➡	personne avec une canne blanche vers la droite
🧑‍🦰	adulte cheveux roux
🧑‍🦱	adulte cheveux bouclés
🧑‍🦲	adulte chauve
🧑‍🦳	adulte cheveux blancs
🧑‍🦼	personne en fauteuil motorisé
🧑‍🦼‍➡	personne en fauteuil motorisé vers la droite
🧑‍🦽	personne en fauteuil roulant manuel
🧑‍🦽‍➡	personne en fauteuil roulant manuel vers la droite
🧑‍🧑‍🧒	famille adulte adulte enfant
🧑‍🧑‍🧒‍🧒	famille adulte adulte enfant enfant
🧑‍🧒	famille adulte enfant
🧑‍🧒‍🧒	famille adulte enfant enfant
🧑‍🩰	danseuse de ballet
🧔‍♀	femme barbue
🧔‍♂	homme barbu
🧙‍♀	mage femme
🧙‍♂	mage homme
🧚‍♀	fée
🧚‍♂	féetaud
🧛‍♀	vampire femme
🧛‍♂	vampire homme
🧜‍♀	sirène
🧜‍♂	triton
🧝‍♀	elfe femme
🧝‍♂	elfe homme
🧞‍♀	génie femme
🧞‍♂	génie homme
🧟‍♀	zombie femme
🧟‍♂	zombie homme
⛹‍♀	femme avec ballon
⛹‍♂	homme avec ballon
🏃‍♀	femme qui court
🏃‍♂	homme qui court
🏄‍♀	surfeuse
🏄‍♂	surfeur
🏊‍♀	nageuse
🏊‍♂	nageur
🏋️‍♀	femme haltérophile
🏋️‍♂	homme haltérophile
🏌️‍♀	golfeuse
🏌️‍♂	golfeur
👯‍♀	femmes avec des oreilles de lapin
👯‍♂	hommes avec des oreilles de lapin
💆‍♀	femme qui se fait masser
💆‍♂	homme qui se fait masser
💇‍♀	femme qui se fait couper les cheveux
💇‍♂	homme qui se fait couper les cheveux
🚣‍♀	rameuse dans une barque
🚣‍♂	rameur dans une barque
🚴‍♀	cycliste femme
🚴‍♂	cycliste homme
🚵‍♀	femme en VTT
🚵‍♂	homme en VTT
🚶‍♀	femme qui marche
🚶‍♂	homme qui marche
🤸‍♀	femme faisant la roue
🤸‍♂	homme faisant la roue
🤹‍♀	jongleuse
🤹‍♂	jongleur
🤼‍♀	lutteuses
🤼‍♂	lutteurs
🤽‍♀	joueuse de water-polo
🤽‍♂	joueur de water-polo
🤾‍♀	handballeuse
🤾‍♂	handballeur
🧖‍♀	femme au hammam
🧖‍♂	homme au hammam
🧗‍♀	femme qui grimpe
🧗‍♂	homme qui grimpe
🧘‍♀	femme dans la posture du lotus
🧘‍♂	homme dans la posture du lotus
💁‍♀	femme paume vers le haut
💁‍♂	homme paume vers le haut
🙅‍♀	femme faisant un geste d’interdiction
🙅‍♂	homme faisant un geste d’interdiction
🙆‍♀	femme faisant un geste d’acceptation
🙆‍♂	homme faisant un geste d’acceptation
🙇‍♀	femme qui s’incline
🙇‍♂	homme qui s’incline
🙋‍♀	femme qui lève la main
🙋‍♂	homme qui lève la main
🙍‍♀	femme fronçant les sourcils
🙍‍♂	homme fronçant les sourcils
🙎‍♀	femme qui boude
🙎‍♂	homme qui boude
🤦‍♀	femme avec la paume sur le visage
🤦‍♂	homme avec la paume sur le visage
🤷‍♀	femme qui hausse les épaules
🤷‍♂	homme qui hausse les épaules
🏳‍🌈	drapeau arc-en-ciel
🏴‍☠	drapeau de pirate
👁‍🗨	œil dans une bulle de BD
