©	저작권
®	등록상표
‼	두 개의 느낌표
⁄	분수 슬래시
⁉	느낌표와 물음표
⁻	위 첨자 마이너스
₡	코스타리카 콜론
₢	크루제이루
₣	프랑스 프랑
₤	리라
₥	밀
₦	나이지리아 나이라
₧	스페인 페세타
₨	루피
₪	이스라엘 신 셰켈
₫	베트남 동
€	유로
₭	라오스 키프
₮	몽골 투그릭
₰	독일 페니
₱	페소
₲	파라과이 과라니
₳	오스트랄
₴	우크라이나 그리브나
₵	가나 세디
₶	리브르 투아누아
₷	스페스밀로
₸	카자흐스탄 텡게
₹	인도 루피
₺	튀르키예 리라
₼	아제르바이잔 마나트
₽	러시아 루블
₾	조지아 라리
₿	비트코인
℗	음원 복제권
™	상표
ℹ	정보 출처
←	왼쪽 화살표
↑	위 화살표
→	오른쪽 화살표
↓	아래 화살표
↔	좌우향 화살표
↕	상하향 화살표
↖	좌상향 화살표
↗	우상향 화살표
↘	우하향 화살표
↙	좌하향 화살표
↚	사선이 있는 왼쪽 화살표
↛	사선이 있는 오른쪽 화살표
↜	물결 모양 왼쪽 화살표
↝	물결 모양 오른쪽 화살표
↞	왼쪽 쌍두 화살표
↟	위쪽 쌍두 화살표
↠	오른쪽 쌍두 화살표
↡	아래쪽 쌍두 화살표
↢	왼쪽 화살표 꼬리
↣	오른쪽 화살표 꼬리
↤	세로 막대가 있는 왼쪽 화살표
↥	가로선이 있는 위쪽 화살표
↦	세로 막대가 있는 오른쪽 화살표
↧	가로선이 있는 아래쪽 화살표
↨	밑면이 있는 위쪽 아래쪽 화살표
↩	왼쪽으로 꺾어지는 우향 화살표
↪	오른쪽으로 꺾어지는 좌향 화살표
↫	왼쪽 화살표 루프
↬	오른쪽 화살표 루프
↭	물결 모양 왼쪽 오른쪽 화살표
↮	사선이 있는 왼쪽 오른쪽 화살표
↯	아래쪽 지그재그 화살표
↰	끝이 왼쪽을 향한 위쪽 화살표
↱	끝이 오른쪽을 향한 위쪽 화살표
↲	끝이 왼쪽을 향한 아래쪽 화살표
↳	끝이 오른쪽을 향한 아래쪽 화살표
↴	모서리가 아래쪽으로 향하는 오른쪽 화살표
↵	모서리가 왼쪽으로 향하는 아래쪽 화살표
↶	위쪽 반원 화살표 반시계방향
↷	위쪽 반원 화살표 시계 방향
↸	긴 가로선이 있는 북서쪽 화살표
↹	세로 막대가 있는 오른쪽 화살표 위에 세로 막대가 있는 왼쪽 화살표
↺	열린 원형 화살표 반시계방향
↻	열린 원형 화살표 시계 방향
↼	위쪽에 화살촉이 있는 왼쪽 외날 화살표
↽	아래쪽에 화살촉이 있는 왼쪽 외날 화살표
↾	오른쪽에 화살촉이 있는 위쪽 외날 화살표
↿	왼쪽에 화살촉이 있는 위쪽 외날 화살표
⇀	위쪽에 화살촉이 있는 오른쪽 외날 화살표
⇁	아래쪽에 화살촉이 있는 오른쪽 외날 화살표
⇂	오른쪽에 화살촉이 있는 아래쪽 외날 화살표
⇃	왼쪽에 화살촉이 있는 아래쪽 외날 화살표
⇄	왼쪽 화살표 위에 오른쪽 화살표
⇅	위아래 화살표
⇆	좌우 화살표
⇇	왼쪽 화살표 쌍
⇈	위쪽 화살표 쌍
⇉	오른쪽 화살표 쌍
⇊	아래쪽 화살표 쌍
⇋	오른쪽 외날 화살표 위에 왼쪽 외날 화살표
⇌	왼쪽 외날 화살표 위에 오른쪽 외날 화살표
⇍	사선이 있는 왼쪽 이중 화살표
⇎	사선이 있는 왼쪽 오른쪽 이중 화살표
⇏	사선이 있는 오른쪽 이중 화살표
⇐	왼쪽 이중 화살표
⇑	위쪽 이중 화살표
⇒	오른쪽 이중 화살표
⇓	아래쪽 이중 화살표
⇔	왼쪽 오른쪽 이중 화살표
⇖	북서쪽 이중 화살표
⇗	북동쪽 이중 화살표
⇘	남동쪽 이중 화살표
⇙	남서쪽 이중 화살표
⇚	왼쪽 삼중 화살표
⇛	오른쪽 삼중 화살표
⇜	구부러진 왼쪽 화살표
⇝	구부러진 오른쪽 화살표
⇞	이중 가로선이 있는 위쪽 화살표
⇟	이중 가로선이 있는 아래쪽 화살표
⇠	파선 모양 왼쪽 화살표
⇡	파선 모양 위쪽 화살표
⇢	파선 모양 오른쪽 화살표
⇣	파선 모양 아래쪽 화살표
⇤	세로선이 있는 왼쪽 화살표
⇥	세로선이 있는 오른쪽 화살표
⇦	빈 왼쪽 화살표
⇧	빈 위쪽 화살표
⇨	빈 오른쪽 화살표
⇩	빈 아래쪽 화살표
⇪	가로선이 있는 빈 위쪽 화살표
⇵	아래쪽 화살표 오른쪽에 위쪽 화살표
∀	모든
∂	편미분
∃	존재
∅	공집합
∆	증분
∇	나블라
∈	원소 포함
∉	원소가 아님
∋	원소로 포함
∎	증명 끝
∏	N항 곱
∑	N항 총합
−	빼기 표시
∓	빼기 더하기
∕	나누기 슬래시
∗	별표 연산자
∘	합성 함수
∙	글머리 기호 연산자
√	제곱근
∝	비례함
∞	무한대 기호
∟	직각
∠	각
∣	나누다
∥	평행
∧	논리곱
∩	교집합
∪	합집합
∫	적분
∬	이중 적분
∮	경로 적분
∴	그러므로 기호
∵	왜냐하면 기호
∶	비율
∷	비례
∼	물결표 연산자
∽	역물결표
∾	옆으로 누운 역방향 에스
≃	점근적으로 같음
≅	대략 같음
≈	거의 같음
≌	모두 같음
≒	근사값
≖	등호 안의 고리
≠	같지 않음
≡	등호
≣	절대적 동치
≤	이하
≥	이상
≦	작거나 같음
≧	크거나 같음
≪	훨씬 작음
≫	훨씬 큼
≬	사이
≮	작지 않음
≯	크지 않음
≳	많거나 같음
≺	앞에 옴
≻	뒤에 옴
⊁	뒤에 오지 않음
⊂	부분 집합
⊃	상위 집합
⊆	부분 집합이거나 같음
⊇	상위 집합이거나 같음
⊕	원 안의 더하기
⊖	원 안의 빼기
⊗	원 안의 곱하기
⊘	원 안의 나누기 슬래시
⊙	원 안의 점 연산자
⊚	원 안의 환 연산자
⊛	원 안의 별표 연산자
⊞	사각형 안의 더하기
⊟	사각형 안의 빼기
⊥	위쪽 압정 표시
⊮	적용 안 함
⊰	관계에 따라 앞에 옴
⊱	관계에 따라 뒤에 옴
⊶	원본
⊹	에르미트 켤레 행렬
⊿	직각 삼각형
⋁	N항 논리합
⋂	N항 교집합
⋃	N항 합집합
⋅	점 연산자
⋆	별 연산자
⋈	자연 조인
⋒	이중 교집합
⋘	훨씬 더 작음
⋙	훨씬 더 큼
⋭	정규 부분군이거나 같음으로 포함하지 않음
⋮	세로 줄임표
⋯	중간 가로 줄임표
⋰	오른쪽 위 사선 줄임표
⋱	오른쪽 아래 사선 줄임표
⌚	시계
⌛	시간이 다 된 모래시계
⌨	키보드
⏏	꺼냄 버튼
⏩	빨리 감기
⏪	되감기
⏫	위쪽 화살표
⏬	아래쪽 화살표
⏭	다음 트랙 버튼
⏮	이전 트랙 버튼
⏯	재생 또는 일시 정지 버튼
⏰	알람 시계
⏱	스톱워치
⏲	타이머 시계
⏳	시간이 남은 모래시계
⏸	일시 정지 버튼
⏹	정지 버튼
⏺	녹음 버튼
Ⓜ	원글자 엠
■	검은색 정사각형
□	흰색 정사각형
▢	모서리가 둥근 흰색 정사각형
▣	검은색 사각형을 포함하고 있는 흰색 정사각형
▤	가로선으로 채워진 정사각형
▥	세로선으로 채워진 정사각형
▦	서로 교차하는 가로선과 세로선으로 채워진 정사각형
▧	왼쪽 위에서 오른쪽 아래 방향 대각선으로 채워진 정사각형
▨	오른쪽 위에서 왼쪽 아래 방향 대각선으로 채워진 정사각형
▩	서로 교차하는 대각선으로 채워진 정사각형
▪	작은 검은색 사각형
▫	작은 흰색 사각형
▬	검은색 직사각형
▭	흰색 직사각형
▮	검은색 세로 직사각형
▰	검은색 평행 사변형
▲	검은색 위쪽 삼각형
△	위쪽 방향 흰색 삼각형
▴	위쪽 방향 검은색 삼각형
▵	위쪽 방향 흰색 작은 삼각형
▶	재생 버튼
▷	오른쪽 방향 흰색 삼각형
▸	오른쪽 방향 검은색 작은 삼각형
▹	오른쪽 방향 흰색 작은 삼각형
►	오른쪽 방향 검은색 포인터
▻	오른쪽 방향 흰색 포인터
▼	검은색 아래쪽 삼각형
▽	아래쪽 방향 흰색 삼각형
▾	아래쪽 방향 검은색 작은 삼각형
▿	아래쪽 방향 흰색 작은 삼각형
◀	반대로 버튼
◁	왼쪽 방향 흰색 삼각형
◂	왼쪽 방향 검은색 작은 삼각형
◃	왼쪽 방향 흰색 작은 삼각형
◄	왼쪽 방향 검은색 포인터
◅	왼쪽 방향 흰색 포인터
◆	검은색 다이아몬드
◇	흰색 다이아몬드
◈	검은색 다이아몬드를 포함하고 있는 흰색 다이아몬드
◉	검은색 원을 포함하고 있는 흰색 원
◊	마름모
○	빈 원
◌	점선 테두리 원
◍	세로선으로 채워진 원
◎	동심원
●	채워진 원
◐	왼쪽 절반이 채워진 원
◑	오른쪽 절반이 채워진 원
◒	아래쪽 절반이 채워진 원
◓	위쪽 절반이 채워진 원
◔	오른쪽 위 사분면이 채워진 원
◕	왼쪽 위 사분면을 제외한 모든 면이 채워진 원
◖	왼쪽 절반이 채워진 반원
◗	오른쪽 절반이 채워진 반원
◘	반전 글머리 기호
◙	흰색 원을 포함하고 있는 검은색 정사각형
◜	왼쪽 위 사분면 원호
◝	오른쪽 위 사분면 원호
◞	오른쪽 아래 사분면 원호
◟	왼쪽 아래 사분면 원호
◠	위쪽 반원
◡	아래쪽 반원
◢	오른쪽 아래 검은색 직각삼각형
◣	왼쪽 아래 검은색 직각삼각형
◤	왼쪽 위 검은색 직각삼각형
◥	오른쪽 위 검은색 직각삼각형
◦	빈 글머리 기호
◯	큰 빈 원
◳	오른쪽 위 사분면이 있는 빈 정사각형
◷	오른쪽 위 사분면이 있는 빈 원
◻	중간 흰색 사각형
◼	중간 검은색 사각형
◽	중간 작은 흰색 사각형
◾	중각 작은 검은색 사각형
◿	오른쪽 아래 직각삼각형
☀	태양
☁	구름
☂	우산
☃	눈사람
☄	혜성
☎	전화기
☑	체크박스
☔	빗방울이 있는 우산
☕	뜨거운 음료
☘	토끼풀
☝	위쪽을 가리키는 손
☠	해골과 뼈다귀
☢	방사능
☣	생물학적 위험
☦	전통적인 십자가
☪	초승달과 별
☮	평화 기호
☯	음양
☸	진리의 수레바퀴
☹	찡그린 얼굴
☺	웃는 얼굴
♀	여성 기호
♂	남성 기호
♈	양자리
♉	황소자리
♊	쌍둥이 자리
♋	게자리
♌	사자자리
♍	처녀자리
♎	천칭자리
♏	전갈자리
♐	사수자리
♑	염소자리
♒	물병자리
♓	물고기자리
♟	체스 폰
♠	스페이드
♣	클럽
♥	하트
♦	다이아몬드
♨	온천
♪	팔분음표
♭	내림표
♯	올림표
♻	재활용 표시
♾	무한
♿	휠체어
⚒	망치와 곡괭이
⚓	닻
⚔	쌍검
⚕	의학 기호
⚖	접시저울
⚗	증류기
⚙	톱니바퀴
⚛	원자 기호
⚜	백합 문장
⚠	주의
⚡	고압 주의
⚧	트랜스젠더 기호
⚪	흰색 원
⚫	검은색 원
⚰	관
⚱	납골 단지
⚽	축구공
⚾	야구공
⛄	스노우맨
⛅	구름 뒤의 해
⛈	번개가 치는 비구름
⛎	뱀주인자리
⛏	곡괭이
⛑	흰 십자가가 있는 헬멧
⛓	쇠사슬
⛔	진입 금지
⛩	신토 신사
⛪	교회
⛰	산
⛱	땅에 꽂힌 파라솔
⛲	분수
⛳	골프
⛴	연락선
⛵	돛단배
⛷	스키 타는 사람
⛸	아이스 스케이트
⛹	공을 갖고 있는 사람
⛺	텐트
⛽	주유소
✂	가위
✅	체크 표시
✈	비행기
✉	봉투
✊	주먹
✋	손바닥
✌	브이 표시
✍	글을 쓰고 있는 손
✏	연필
✒	검은색 펜촉
✔	진한 체크 표시
✖	엑스
✝	라틴 십자가
✡	다비드별
✨	블링블링
✳	여덟 갈래 별표
✴	팔각 별
❄	눈송이
❇	반짝임
❌	엑스 표시
❎	초록 상자 안 엑스표
❓	물음표
❔	하얀색 물음표
❕	하얀색 느낌표
❗	느낌표
❣	하트 모양 느낌표
❤	빨간색 하트
➕	더하기
➖	빼기
➗	나누기
➡	우향 화살표
➰	고리
➿	두 개의 고리
⤴	위쪽으로 꺾어지는 우향 화살표
⤵	아래쪽으로 꺾어지는 우향 화살표
⨧	아래 첨자 이가 있는 더하기 기호
⨯	벡터의 외적
⨼	내부곱
⩣	이중 밑줄이 있는 논리합
⩽	기울어진 등호이거나 보다 작음
⪍	유사하거나 같음 위에 보다 작음
⪚	두 줄 등호이거나 보다 큼
⪺	거의 같지 않음 위의 후속
⬅	좌향 화살표
⬆	상향 화살표
⬇	하향 화살표
⬛	큰 검은색 사각형
⬜	큰 흰색 사각형
⭐	중간 크기의 흰색 별
⭕	크고 진한 동그라미
〰	물결표
〽	부분 교체 기호
㊗	원 안의 축하 표의문자
㊙	원 표시된 비밀 표의문자
﷼	리알
🅰	에이형
🅱	비형
🅾	오형
🅿	주차 표시
🆎	에이비형
🆑	씨엘
🆒	쿨
🆓	프리
🆔	아이디
🆕	뉴
🆖	엔지
🆗	오케이
🆘	에스오에스
🆙	위로 버튼
🆚	대
🇨🇶	사크
🈁	일본어 여기 버튼
🈂	일본어 봉사료 버튼
🈚	없을 무
🈯	가리킬 지
🈲	금할 금
🈳	빌 공
🈴	합할 합
🈵	찰 만
🈶	있을 유
🈷	달 월
🈸	거듭 신
🈹	나눌 할
🈺	벼슬 관
🉐	얻을 득
🉑	옳을 가
🀄	마작
🃏	조커
🌀	태풍
🌁	자욱한 안개
🌂	접힌 우산
🌃	밤하늘 별
🌄	산에서 떠오르는 해
🌅	일출
🌆	해질녘
🌇	일몰
🌈	무지개
🌉	밤하늘을 배경으로 하는 다리
🌊	파도
🌋	화산
🌌	은하수
🌍	유럽과 아프리카가 보이는 지구
🌎	미국이 보이는 지구
🌏	아시아와 호주가 보이는 지구
🌐	지구
🌑	초생달
🌒	초승달 상현
🌓	오른쪽 반달
🌔	상현달
🌕	보름달
🌖	하현달
🌗	왼쪽 반달
🌘	초승달 하현
🌙	초승달
🌚	달
🌛	얼굴이 있는 초승달
🌜	그믐달
🌝	얼굴이 있는 보름달
🌞	얼굴이 있는 해
🌟	별
🌠	별똥별
🌡	온도계
🌤	작은 구름 뒤의 태양
🌥	큰 구름 뒤의 태양
🌦	비구름 뒤의 태양
🌧	비구름
🌨	눈구름
🌩	번개구름
🌪	토네이도
🌫	안개
🌬	바람 얼굴
🌭	핫도그
🌮	타코
🌯	부리또
🌰	밤
🌱	새싹
🌲	소나무
🌳	나무
🌴	야자수
🌵	선인장
🌶	홍고추
🌷	튤립
🌸	벚꽃
🌹	장미꽃
🌺	무궁화
🌻	해바라기
🌼	꽃송이
🌽	옥수수
🌾	벼
🌿	풀
🍀	네잎클로버
🍁	단풍잎
🍂	낙엽
🍃	바람에 흔들리는 나뭇잎
🍄	버섯
🍅	토마토
🍆	가지
🍇	포도
🍈	멜론
🍉	수박
🍊	귤
🍋	레몬
🍌	바나나
🍍	파인애플
🍎	빨간 사과
🍏	초록 사과
🍐	배
🍑	복숭아
🍒	체리
🍓	딸기
🍔	햄버거
🍕	피자
🍖	고기
🍗	닭다리
🍘	주먹밥
🍙	삼각 김밥
🍚	밥
🍛	카레라이스
🍜	국수
🍝	스파게티
🍞	빵
🍟	감자튀김
🍠	고구마
🍡	떡꼬치
🍢	오뎅
🍣	초밥
🍤	새우튀김
🍥	어묵
🍦	소프트 아이스크림
🍧	샤베트 아이스크림
🍨	아이스크림
🍩	도넛
🍪	쿠키
🍫	초콜렛
🍬	사탕
🍭	롤리팝
🍮	커스타드 푸딩
🍯	꿀
🍰	쇼트케이크
🍱	도시락
🍲	국
🍳	프라이팬
🍴	식당
🍵	차
🍶	사케
🍷	와인
🍸	칵테일
🍹	음료수
🍺	맥주잔
🍻	맥주
🍼	젖병
🍽	포크와 나이프가 있는 접시
🍾	코르크가 튀어나오고 있는 병
🍿	팝콘
🎀	리본
🎁	선물
🎂	생일 케이크
🎃	할로윈
🎄	크리스마스 트리
🎅	산타클로스
🎆	불꽃놀이
🎇	불꽃
🎈	풍선
🎉	파티
🎊	박 터트리기
🎋	소원 쪽지
🎌	엇갈린 일본 국기
🎍	일본 장식
🎎	일본 인형
🎏	물고기 깃발
🎐	풍경
🎑	달맞이
🎒	학교 가방
🎓	졸업 모자
🎖	무공 훈장
🎗	추모 리본
🎙	스튜디오 마이크
🎚	레벨 슬라이더
🎛	컨트롤 레버
🎞	영화 프레임
🎟	입장 티켓
🎠	회전 목마
🎡	관람차
🎢	롤러코스터
🎣	낚싯대
🎤	마이크
🎥	영화 카메라
🎦	영화
🎧	헤드폰
🎨	팔레트
🎩	마술사 모자
🎪	서커스
🎫	티켓
🎬	슬레이트
🎭	가면
🎮	비디오 게임
🎯	과녁 명중
🎰	슬롯 머신
🎱	당구
🎲	주사위
🎳	볼링
🎴	화투
🎵	음표
🎶	노래 음표
🎷	색소폰
🎸	기타
🎹	피아노
🎺	트럼펫
🎻	바이올린
🎼	높은음자리표
🎽	러닝 셔츠
🎾	테니스
🎿	스키
🏀	농구
🏁	격자 무늬 깃발
🏂	스노보드 타는 사람
🏃	뛰는 사람
🏄	서핑하는 사람
🏅	스포츠 메달
🏆	트로피
🏇	승마
🏈	미식축구공
🏉	럭비공
🏊	수영하는 사람
🏋	역도 선수
🏌	골프치는 사람
🏍	오토바이
🏎	경주용 자동차
🏏	크리켓
🏐	배구공
🏑	필드 하키
🏒	아이스 하키와 퍽
🏓	탁구
🏔	눈 덮인 산
🏕	캠핑
🏖	파라솔이 있는 해변
🏗	건물 공사
🏘	주택 건물
🏙	도시 전경
🏚	낡은 주택 건물
🏛	고전 양식의 건축물
🏜	사막
🏝	사막 섬
🏞	국립공원
🏟	경기장
🏠	집
🏡	정원이 있는 집
🏢	사무실
🏣	일본 우체국
🏤	우체국
🏥	병원
🏦	은행
🏧	에이티엠
🏨	호텔
🏩	모텔
🏪	편의점
🏫	학교
🏬	백화점
🏭	공장
🏮	일본식 등
🏯	일본 성
🏰	유럽 성
🏳	펄럭이는 흰색 깃발
🏴	펄럭이는 검은색 깃발
🏵	장미
🏷	라벨
🏸	배드민턴
🏹	활과 화살
🏺	암포라
🏻	하얀 피부
🏼	연한 갈색 피부
🏽	갈색 피부
🏾	진한 갈색 피부
🏿	검은색 피부
🐀	쥐
🐁	생쥐
🐂	소
🐃	물소
🐄	젖소
🐅	호랑이
🐆	표범
🐇	토끼
🐈	고양이
🐉	용
🐊	악어
🐋	고래
🐌	달팽이
🐍	뱀
🐎	말
🐏	숫양
🐐	염소
🐑	양
🐒	원숭이
🐓	수탉
🐔	닭
🐕	개
🐖	돼지
🐗	멧돼지
🐘	코끼리
🐙	문어
🐚	달팽이집
🐛	송충이
🐜	개미
🐝	꿀벌
🐞	무당벌레
🐟	물고기
🐠	열대어
🐡	복어
🐢	거북이
🐣	알에서 깬 병아리
🐤	병아리
🐥	정면을 향해 날개를 편 병아리
🐦	새
🐧	펭귄
🐨	코알라
🐩	푸들
🐪	낙타
🐫	쌍봉 낙타
🐬	돌고래
🐭	쥐 얼굴
🐮	소 얼굴
🐯	호랑이 얼굴
🐰	토끼 얼굴
🐱	고양이 얼굴
🐲	용 얼굴
🐳	물뿜는 고래
🐴	말 얼굴
🐵	원숭이 얼굴
🐶	강아지 얼굴
🐷	돼지 얼굴
🐸	개구리 얼굴
🐹	햄스터 얼굴
🐺	늑대 얼굴
🐻	곰 얼굴
🐼	판다 얼굴
🐽	돼지코
🐾	곰발바닥
🐿	얼룩다람쥐
👀	왕눈이 눈알
👁	눈
👂	귀
👃	코
👄	입
👅	혀
👆	위쪽을 가리키는 손등
👇	아래쪽을 가리키는 손등
👈	왼쪽을 가리키는 손등
👉	오른쪽을 가리키는 손등
👊	주먹 전면
👋	흔드는 손
👌	오케이를 표시한 손
👍	올린 엄지
👎	내린 엄지
👏	손뼉
👐	양손을 모아서 벌린 모양
👑	왕관
👒	여성용 모자
👓	안경
👔	넥타이
👕	티셔츠
👖	바지
👗	원피스
👘	기모노
👙	비키니
👚	여성복
👛	지갑
👜	핸드백
👝	파우치
👞	남성용 구두
👟	운동화
👠	하이힐
👡	샌들
👢	부츠
👣	발자국
👤	사람 그림자
👥	사람들 그림자
👦	남자 아이
👧	여자 아이
👨	남자
👩	여자
👪	가족
👫	손을 잡고 있는 남녀
👬	손을 잡고 있는 두 명의 남자
👭	손을 잡고 있는 두 명의 여자
👮	경찰관
👯	토끼 귀를 쓰고 춤추는 사람들
👰	면사포를 쓴 신부
👱	금발인 사람
👲	중국 전통 모자를 쓰고 있는 남자
👳	터번을 쓰고 있는 사람
👴	할아버지
👵	할머니
👶	아기
👷	건설 노동자
👸	공주
👹	도깨비 가면
👺	코주부 도깨비 가면
👻	유령
👼	아기 천사
👽	외계인
👾	에일리언
👿	머리에 뿔이 달린 화난 얼굴
💀	해골
💁	손바닥 꺾은 사람
💂	근위병
💃	댄서
💄	립스틱
💅	매니큐어
💆	마사지 받는 사람
💇	헤어컷
💈	이발소
💉	주사기
💊	알약
💋	입술
💌	러브레터
💍	반지
💎	원석
💏	키스
💐	꽃다발
💑	연인
💒	결혼식
💓	두근거리는 하트
💔	깨진 하트
💕	하트 두 개
💖	빛나는 하트
💗	커지는 하트
💘	화살이 꽂힌 하트
💙	파란색 하트
💚	초록색 하트
💛	노란색 하트
💜	보라색 하트
💝	리본 달린 하트
💞	회전하는 하트
💟	하트 장식
💠	점이 찍힌 다이아몬드 모양
💡	전구
💢	화남
💣	폭탄
💤	졸림
💥	충돌
💦	땀
💧	물방울
💨	달려나감
💩	똥
💪	알통
💫	어지러움
💬	말풍선
💭	생각 풍선
💮	흰 꽃
💯	백점
💰	돈주머니
💱	환전
💲	미국 달러
💳	신용카드
💴	엔
💵	달러
💶	유로
💷	파운드
💸	날개 달린 돈
💹	엔화 관련 상승하는 그래프
💺	좌석
💻	노트북
💼	서류 가방
💽	엠디
💾	플로피 디스크
💿	씨디
📀	디비디
📁	폴더
📂	폴더 열기
📃	안으로 말린 문서
📄	오른쪽 모서리가 접힌 문서
📅	달력
📆	뜯어진 달력
📇	카드 인덱스
📈	상승하는 그래프
📉	내려가는 그래프
📊	막대 그래프
📋	클립보드
📌	압정
📍	둥근 머리 핀
📎	클립
📏	자
📐	삼각자
📑	북마크 탭
📒	노트
📓	공책
📔	표지가 있는 노트
📕	펼치지 않은 책
📖	펼쳐진 책
📗	초록색 책
📘	파란색 책
📙	주황색 책
📚	책 여러 권
📛	이름표
📜	문서
📝	메모
📞	수화기
📟	삐삐
📠	팩스
📡	위성 안테나
📢	확성기
📣	메가폰
📤	보낸 편지함
📥	받은 편지함
📦	소포
📧	이메일
📨	받은 편지
📩	보낸 편지
📪	표지가 내려간 닫힌 우편함
📫	표지가 올라간 닫힌 우편함
📬	표지가 올라간 열린 우편함
📭	표지가 내려간 열린 우편함
📮	우편함
📯	호른
📰	신문
📱	휴대전화
📲	왼쪽에 화살표가 있는 휴대전화
📳	진동 모드
📴	휴대전화 끄기
📵	휴대전화 사용금지
📶	안테나 신호
📷	카메라
📸	플래시를 터트리고 있는 카메라
📹	캠코더
📺	텔레비전
📻	라디오
📼	비디오테이프
📽	영화 프로젝터
📿	묵주
🔀	랜덤 재생
🔁	전곡 반복 재생
🔂	한 곡 반복 재생
🔃	시계 방향 화살표
🔄	반시계 방향 화살표
🔅	밝기 낮음
🔆	밝기 높음
🔇	무음
🔈	스피커
🔉	스피커 소리 작게
🔊	스피커 소리 크게
🔋	배터리
🔌	전기 플러그
🔍	왼쪽으로 향한 돋보기
🔎	오른쪽으로 향한 돋보기
🔏	자물쇠와 펜
🔐	자물쇠와 열쇠
🔑	열쇠
🔒	자물쇠
🔓	열린 자물쇠
🔔	종
🔕	음소거
🔖	북마크
🔗	링크
🔘	라디오 버튼
🔙	뒤로
🔚	종료
🔛	켜짐
🔜	곧
🔝	위로 화살표
🔞	성인용
🔟	숫자 십 키
🔠	대문자
🔡	소문자
🔢	숫자
🔣	기호
🔤	라틴어 알파벳
🔥	불
🔦	손전등
🔧	렌치
🔨	망치
🔩	볼트와 너트
🔪	식칼
🔫	총
🔬	현미경
🔭	망원경
🔮	수정 구슬
🔯	육각 별
🔰	노란색 초록색 이파리 모양
🔱	삼지창
🔲	테두리가 검은 사각 버튼
🔳	테두리가 하얀 사각 버튼
🔴	빨간 원
🔵	파란 원
🔶	큰 주황색 마름모
🔷	큰 파란색 마름모
🔸	작은 주황색 마름모
🔹	작은 파란색 마름모
🔺	빨간색 위쪽 삼각형
🔻	빨간색 아래쪽 삼각형
🔼	위쪽 삼각형
🔽	아래쪽 삼각형
🕉	옴
🕊	비둘기
🕋	카바
🕌	모스크
🕍	시나고그
🕎	메노라
🕐	한 시
🕑	두 시
🕒	세 시
🕓	네 시
🕔	다섯 시
🕕	여섯 시
🕖	일곱 시
🕗	여덟 시
🕘	아홉 시
🕙	열 시
🕚	열한 시
🕛	열두 시
🕜	한 시 반
🕝	두 시 반
🕞	세 시 반
🕟	네 시 반
🕠	다섯 시 반
🕡	여섯 시 반
🕢	일곱 시 반
🕣	여덟 시 반
🕤	아홉 시 반
🕥	열 시 반
🕦	열한 시 반
🕧	열두 시 반
🕯	양초
🕰	벽난로 선반 시계
🕳	구멍
🕴	공중에 떠 있는 정장 입은 남자
🕵	탐정
🕶	선글라스
🕷	거미
🕸	거미줄
🕹	조이스틱
🕺	춤추는 남자
🖇	이어져 있는 클립
🖊	펜
🖋	만년필
🖌	붓
🖍	크레용
🖐	쫙 편 손바닥
🖕	중지
🖖	벌칸식 인사
🖤	검은색 하트
🖥	데스크톱 컴퓨터
🖨	프린터
🖱	컴퓨터 마우스
🖲	트랙볼
🖼	그림 액자
🗂	카드 색인 파일
🗃	카드 파일 상자
🗄	파일 보관 서랍장
🗑	쓰레기통
🗒	스프링 노트
🗓	스프링 달력
🗜	압축기
🗝	오래된 열쇠
🗞	돌돌 말린 신문
🗡	단검
🗣	말하고 있는 옆얼굴
🗨	왼쪽 말풍선
🗯	화난 표현의 오른쪽 말풍선
🗳	투표 용지가 있는 투표 상자
🗺	세계 지도
🗻	후지산
🗼	도쿄 타워
🗽	자유의 여신상
🗾	일본 지도
🗿	모아이
😀	활짝 웃는 얼굴
😁	미소 짓는 눈으로 웃는 얼굴
😂	기쁨의 눈물을 흘리는 얼굴
😃	눈을 크게 뜨고 웃는 얼굴
😄	미소 짓는 눈으로 활짝 웃는 얼굴
😅	땀 흘리며 웃는 얼굴
😆	눈웃음짓는 얼굴
😇	후광이 비치는 웃는 얼굴
😈	머리에 뿔이 달린 웃는 얼굴
😉	윙크하는 얼굴
😊	미소 짓는 눈으로 살짝 웃는 얼굴
😋	맛있는 음식을 음미하는 얼굴
😌	안심한 얼굴
😍	하트 눈 얼굴
😎	선글라스 낀 얼굴
😏	히죽거리는 얼굴
😐	덤덤한 얼굴
😑	무표정한 얼굴
😒	지루해하는 얼굴
😓	식은땀 흘리는 얼굴
😔	수심 어린 얼굴
😕	혼란스러워하는 얼굴
😖	당혹한 얼굴
😗	키스하는 얼굴
😘	키스를 보내는 얼굴
😙	미소 짓는 눈으로 키스하는 얼굴
😚	눈을 감은 채로 키스하는 얼굴
😛	혀를 내민 얼굴
😜	윙크하면서 혀를 내민 얼굴
😝	눈을 감고 메롱하는 얼굴
😞	실망한 얼굴
😟	걱정스러운 얼굴
😠	화난 얼굴
😡	뾰로통한 얼굴
😢	우는 얼굴
😣	참아내는 얼굴
😤	화내며 씩씩거리는 얼굴
😥	실망했지만 안도하는 얼굴
😦	입 벌리고 찌푸린 얼굴
😧	괴로워하는 얼굴
😨	두려워하는 얼굴
😩	지친 얼굴
😪	졸린 얼굴
😫	피곤한 얼굴
😬	찌푸린 얼굴
😭	엉엉 우는 얼굴
😮	입벌린 얼굴
😯	숨죽인 얼굴
😰	땀 흘리며 불안해하는 얼굴
😱	공포에 절규하는 얼굴
😲	깜짝 놀란 얼굴
😳	상기된 얼굴
😴	졸고 있는 얼굴
😵	어지러운 얼굴
😶	입이 없는 얼굴
😷	마스크 낀 얼굴
😸	미소 짓는 눈으로 활짝 웃는 고양이 얼굴
😹	기쁨의 눈물을 흘리는 고양이 얼굴
😺	활짝 웃는 고양이 얼굴
😻	하트 눈 고양이 얼굴
😼	썩소 짓는 고양이
😽	키스하는 고양이 얼굴
😾	뾰로통한 고양이 얼굴
😿	울고 있는 고양이 얼굴
🙀	절규하는 고양이 얼굴
🙁	살짝 찡그린 얼굴
🙂	살짝 미소 짓는 얼굴
🙃	거꾸로 된 얼굴
🙄	눈을 굴리고 있는 얼굴
🙅	안된다는 제스처를 하는 사람
🙆	오케이라는 제스처를 하는 사람
🙇	절하는 사람
🙈	눈을 가리고 있는 원숭이
🙉	귀를 막고 있는 원숭이
🙊	입을 막고 있는 원숭이
🙋	한 손 든 사람
🙌	만세
🙍	찌푸린 사람
🙎	뾰로통한 사람
🙏	기도
🚀	로켓
🚁	헬리콥터
🚂	기관차
🚃	전철
🚄	고속열차
🚅	고속철
🚆	기차
🚇	지하철
🚈	경전철
🚉	기차역
🚊	트램
🚋	트램 차량
🚌	버스
🚍	오고 있는 버스
🚎	트롤리 버스
🚏	버스 정류장
🚐	미니버스
🚑	구급차
🚒	소방차
🚓	경찰차
🚔	오고 있는 경찰차
🚕	택시
🚖	오고 있는 택시
🚗	자동차
🚘	오고 있는 자동차
🚙	지프
🚚	운송 트럭
🚛	트레일러 트럭
🚜	트랙터
🚝	모노레일
🚞	기차 터널
🚟	매달린 케이블카
🚠	케이블카
🚡	산악 케이블카
🚢	선박
🚣	노젓는 사람
🚤	쾌속정
🚥	가로 신호등
🚦	세로 신호등
🚧	공사 중
🚨	사이렌
🚩	세모 깃발
🚪	문
🚫	금지
🚬	흡연 구역 신호
🚭	금연 신호
🚮	쓰레기는 쓰레기통에
🚯	쓰레기 투기 금지
🚰	음수대
🚱	마실 수 없는 물
🚲	자전거
🚳	자전거 금지
🚴	자전거 타는 사람
🚵	산악 자전거 타는 사람
🚶	보행자
🚷	보행자 금지
🚸	어린이 보호 구역
🚹	남자 화장실
🚺	여자 화장실
🚻	화장실
🚼	수유실
🚽	변기
🚾	더블유씨
🚿	샤워
🛀	목욕하는 사람
🛁	욕조
🛂	출입국 심사
🛃	세관
🛄	짐 찾는 곳
🛅	화물 서비스
🛋	소파와 전등
🛌	침대에 누운 사람
🛍	쇼핑백
🛎	호출 벨
🛏	침대
🛐	예배공간
🛑	멈춤 표시
🛒	쇼핑카트
🛕	힌두교 사원
🛖	오두막
🛗	엘리베이터
🛜	무선
🛝	미끄럼틀
🛞	휠
🛟	구명부환
🛠	망치와 렌치
🛡	방패
🛢	기름통
🛣	고속도로
🛤	철도 선로
🛥	모터보트
🛩	소형비행기
🛫	비행기 이륙
🛬	비행기 착륙
🛰	인공위성
🛳	여객선
🛴	킥보드
🛵	스쿠터
🛶	카누
🛷	썰매
🛸	비행접시
🛹	스케이트보드
🛺	경삼륜차
🛻	픽업트럭
🛼	롤러스케이트
🟠	오렌지색 원
🟡	노란색 원
🟢	녹색 원
🟣	보라색 원
🟤	갈색 원
🟥	빨간색 사각형
🟦	파란색 사각형
🟧	오렌지색 사각형
🟨	노란색 사각형
🟩	녹색 사각형
🟪	보라색 사각형
🟫	갈색 사각형
🟰	등호 기호
🤌	꼬집는 손가락
🤍	흰색 하트
🤎	갈색 하트
🤏	꼬집는 손
🤐	지퍼로 입을 잠근 얼굴
🤑	돈 모양의 입이 있는 얼굴
🤒	체온계를 물고 있는 얼굴
🤓	모범생 얼굴
🤔	생각하는 얼굴
🤕	머리에 붕대를 감은 얼굴
🤖	로봇 얼굴
🤗	포옹하고 있는 얼굴
🤘	뿔 모양 손짓
🤙	전화를 걸라는 손 모양
🤚	손등
🤛	왼쪽을 향하는 주먹
🤜	오른쪽을 향하는 주먹
🤝	악수
🤞	검지와 중지 크로스
🤟	사랑을 표시하는 손
🤠	카우보이 모자 쓴 얼굴
🤡	어릿광대 얼굴
🤢	구역질을 하는 얼굴
🤣	바닥을 구르며 웃는 얼굴
🤤	침 흘리는 얼굴
🤥	거짓말하는 얼굴
🤦	골치 아파하는 사람
🤧	재채기하는 얼굴
🤨	눈썹을 치켜올린 얼굴
🤩	반한 얼굴
🤪	괴짜 얼굴
🤫	쉿 하는 얼굴
🤬	욕하는 얼굴
🤭	손으로 입을 가린 얼굴
🤮	토하는 얼굴
🤯	폭발하는 얼굴
🤰	임산부
🤱	모유 수유
🤲	내민 두 손
🤳	셀카
🤴	왕자
🤵	턱시도를 입은 남성
🤶	산타할머니
🤷	어깨를 으쓱하는 사람
🤸	옆돌기하는 사람
🤹	저글링하는 사람
🤺	펜싱하는 사람
🤼	레슬링하는 사람
🤽	수구하는 사람
🤾	핸드볼하는 사람
🤿	다이빙 마스크
🥀	시든 꽃
🥁	드럼
🥂	건배하는 샴페인 잔
🥃	양주잔
🥄	수저
🥅	골대
🥇	금메달
🥈	은메달
🥉	동메달
🥊	권투 글러브
🥋	도복
🥌	컬링 스톤
🥍	라크로스
🥎	소프트볼
🥏	원반
🥐	크루아상
🥑	아보카도
🥒	오이
🥓	베이컨
🥔	감자
🥕	당근
🥖	바게트
🥗	야채샐러드
🥘	납작한 냄비
🥙	밀전병에 싼 요리
🥚	달걀
🥛	우유 한잔
🥜	땅콩
🥝	키위
🥞	팬케이크
🥟	만두
🥠	포츈 쿠키
🥡	테이크아웃 상자
🥢	젓가락
🥣	스푼과 사발
🥤	빨대와 컵
🥥	코코넛
🥦	브로콜리
🥧	파이
🥨	프레첼
🥩	고깃덩이
🥪	샌드위치
🥫	통조림
🥬	녹색 채소
🥭	망고
🥮	월병
🥯	베이글
🥰	하트가 둘러싼 웃는 얼굴
🥱	하품하는 얼굴
🥲	눈물 흘리며 웃는 얼굴
🥳	파티하는 얼굴
🥴	헤롱헤롱 얼굴
🥵	더운 얼굴
🥶	추워하는 얼굴
🥷	닌자
🥸	변장한 얼굴
🥹	눈물을 참는 얼굴
🥺	애원하는 얼굴
🥻	사리
🥼	실험실 가운
🥽	고글
🥾	등산화
🥿	플랫 슈즈
🦀	꽃게
🦁	사자 얼굴
🦂	전갈
🦃	칠면조
🦄	유니콘 얼굴
🦅	독수리
🦆	오리
🦇	박쥐
🦈	상어
🦉	부엉이
🦊	여우
🦋	나비
🦌	사슴
🦍	고릴라
🦎	도마뱀
🦏	코뿔소
🦐	새우
🦑	오징어
🦒	기린
🦓	얼룩말
🦔	고슴도치
🦕	초식 공룡
🦖	티라노사우루스
🦗	귀뚜라미
🦘	캥거루
🦙	라마
🦚	공작
🦛	하마
🦜	앵무새
🦝	너구리
🦞	바닷가재
🦟	모기
🦠	미생물
🦡	오소리
🦢	백조
🦣	매머드
🦤	도도새
🦥	나무늘보
🦦	수달
🦧	오랑우탄
🦨	스컹크
🦩	홍학
🦪	굴
🦫	비버
🦬	들소
🦭	물개
🦮	안내견
🦯	시각장애인 지팡이
🦰	빨간 머리
🦱	곱슬머리
🦲	대머리
🦳	백발
🦴	뼈다귀
🦵	한쪽 다리
🦶	한쪽 발
🦷	이빨
🦸	히로인
🦹	슈퍼 악당
🦺	구명조끼
🦻	보청기를 낀 귀
🦼	전동 휠체어
🦽	수동 휠체어
🦾	기계 팔
🦿	인공 다리
🧀	치즈 조각
🧁	컵케이크
🧂	소금
🧃	음료 팩
🧄	마늘
🧅	양파
🧆	팔라펠
🧇	와플
🧈	버터
🧉	마테차
🧊	얼음
🧋	버블티
🧌	트롤
🧍	서 있는 사람
🧎	무릎을 꿇은 사람
🧏	청각 장애가 있는 사람
🧐	단안경을 쓴 얼굴
🧑	사람
🧒	어린이
🧓	노인
🧔	수염 난 사람
🧕	머리에 스카프를 두른 여자
🧖	사우나 하는 사람
🧗	클라이밍하는 사람
🧘	가부좌한 사람
🧙	마법사
🧚	요정
🧛	뱀파이어
🧜	인어
🧝	엘프
🧞	지니
🧟	좀비
🧠	뇌
🧡	주황색 하트
🧢	야구모자
🧣	스카프
🧤	장갑
🧥	코트
🧦	양말
🧧	세뱃돈
🧨	폭죽
🧩	퍼즐
🧪	시험관
🧫	페트리 접시
🧬	디엔에이
🧭	나침반
🧮	주판
🧯	소화기
🧰	공구통
🧱	벽돌
🧲	자석
🧳	여행용 가방
🧴	로션
🧵	실타래
🧶	실뭉치
🧷	옷핀
🧸	테디 베어
🧹	빗자루
🧺	바구니
🧻	두루마리
🧼	비누
🧽	스펀지
🧾	영수증
🧿	악마의 눈
🇦🇨	어센션 섬의 깃발
🇦🇩	안도라의 깃발
🇦🇪	아랍에미리트의 깃발
🇦🇫	아프가니스탄의 깃발
🇦🇬	앤티가 바부다의 깃발
🇦🇮	앵귈라의 깃발
🇦🇱	알바니아의 깃발
🇦🇲	아르메니아의 깃발
🇦🇴	앙골라의 깃발
🇦🇶	남극 대륙의 깃발
🇦🇷	아르헨티나의 깃발
🇦🇸	아메리칸 사모아의 깃발
🇦🇹	오스트리아의 깃발
🇦🇺	오스트레일리아의 깃발
🇦🇼	아루바의 깃발
🇦🇽	올란드 제도의 깃발
🇦🇿	아제르바이잔의 깃발
🇧🇦	보스니아 헤르체고비나의 깃발
🇧🇧	바베이도스의 깃발
🇧🇩	방글라데시의 깃발
🇧🇪	벨기에의 깃발
🇧🇫	부르키나파소의 깃발
🇧🇬	불가리아의 깃발
🇧🇭	바레인의 깃발
🇧🇮	부룬디의 깃발
🇧🇯	베냉의 깃발
🇧🇱	생바르텔레미의 깃발
🇧🇲	버뮤다의 깃발
🇧🇳	브루나이의 깃발
🇧🇴	볼리비아의 깃발
🇧🇶	네덜란드령 카리브의 깃발
🇧🇷	브라질의 깃발
🇧🇸	바하마의 깃발
🇧🇹	부탄의 깃발
🇧🇻	부베섬의 깃발
🇧🇼	보츠와나의 깃발
🇧🇾	벨라루스의 깃발
🇧🇿	벨리즈의 깃발
🇨🇦	캐나다의 깃발
🇨🇨	코코스 제도의 깃발
🇨🇩	콩고-킨샤사의 깃발
🇨🇫	중앙 아프리카 공화국의 깃발
🇨🇬	콩고-브라자빌의 깃발
🇨🇭	스위스의 깃발
🇨🇮	코트디부아르의 깃발
🇨🇰	쿡 제도의 깃발
🇨🇱	칠레의 깃발
🇨🇲	카메룬의 깃발
🇨🇳	중국의 깃발
🇨🇴	콜롬비아의 깃발
🇨🇵	클립퍼튼 섬의 깃발
🇨🇷	코스타리카의 깃발
🇨🇺	쿠바의 깃발
🇨🇻	카보베르데의 깃발
🇨🇼	퀴라소의 깃발
🇨🇽	크리스마스섬의 깃발
🇨🇾	키프로스의 깃발
🇨🇿	체코의 깃발
🇩🇪	독일의 깃발
🇩🇬	디에고 가르시아의 깃발
🇩🇯	지부티의 깃발
🇩🇰	덴마크의 깃발
🇩🇲	도미니카의 깃발
🇩🇴	도미니카 공화국의 깃발
🇩🇿	알제리의 깃발
🇪🇦	세우타 및 멜리야의 깃발
🇪🇨	에콰도르의 깃발
🇪🇪	에스토니아의 깃발
🇪🇬	이집트의 깃발
🇪🇭	서사하라의 깃발
🇪🇷	에리트리아의 깃발
🇪🇸	스페인의 깃발
🇪🇹	에티오피아의 깃발
🇪🇺	유럽 연합의 깃발
🇫🇮	핀란드의 깃발
🇫🇯	피지의 깃발
🇫🇰	포클랜드 제도의 깃발
🇫🇲	미크로네시아의 깃발
🇫🇴	페로 제도의 깃발
🇫🇷	프랑스의 깃발
🇬🇦	가봉의 깃발
🇬🇧	영국의 깃발
🇬🇩	그레나다의 깃발
🇬🇪	조지아의 깃발
🇬🇫	프랑스령 기아나의 깃발
🇬🇬	건지의 깃발
🇬🇭	가나의 깃발
🇬🇮	지브롤터의 깃발
🇬🇱	그린란드의 깃발
🇬🇲	감비아의 깃발
🇬🇳	기니의 깃발
🇬🇵	과들루프의 깃발
🇬🇶	적도 기니의 깃발
🇬🇷	그리스의 깃발
🇬🇸	사우스조지아 사우스샌드위치 제도의 깃발
🇬🇹	과테말라의 깃발
🇬🇺	괌의 깃발
🇬🇼	기니비사우의 깃발
🇬🇾	가이아나의 깃발
🇭🇰	홍콩(중국 특별행정구)의 깃발
🇭🇲	허드 맥도널드 제도의 깃발
🇭🇳	온두라스의 깃발
🇭🇷	크로아티아의 깃발
🇭🇹	아이티의 깃발
🇭🇺	헝가리의 깃발
🇮🇨	카나리아 제도의 깃발
🇮🇩	인도네시아의 깃발
🇮🇪	아일랜드의 깃발
🇮🇱	이스라엘의 깃발
🇮🇲	맨 섬의 깃발
🇮🇳	인도의 깃발
🇮🇴	영국령 인도양 식민지의 깃발
🇮🇶	이라크의 깃발
🇮🇷	이란의 깃발
🇮🇸	아이슬란드의 깃발
🇮🇹	이탈리아의 깃발
🇯🇪	저지의 깃발
🇯🇲	자메이카의 깃발
🇯🇴	요르단의 깃발
🇯🇵	일본의 깃발
🇰🇪	케냐의 깃발
🇰🇬	키르기스스탄의 깃발
🇰🇭	캄보디아의 깃발
🇰🇮	키리바시의 깃발
🇰🇲	코모로의 깃발
🇰🇳	세인트키츠 네비스의 깃발
🇰🇵	북한의 깃발
🇰🇷	대한민국의 깃발
🇰🇼	쿠웨이트의 깃발
🇰🇾	케이맨 제도의 깃발
🇰🇿	카자흐스탄의 깃발
🇱🇦	라오스의 깃발
🇱🇧	레바논의 깃발
🇱🇨	세인트루시아의 깃발
🇱🇮	리히텐슈타인의 깃발
🇱🇰	스리랑카의 깃발
🇱🇷	라이베리아의 깃발
🇱🇸	레소토의 깃발
🇱🇹	리투아니아의 깃발
🇱🇺	룩셈부르크의 깃발
🇱🇻	라트비아의 깃발
🇱🇾	리비아의 깃발
🇲🇦	모로코의 깃발
🇲🇨	모나코의 깃발
🇲🇩	몰도바의 깃발
🇲🇪	몬테네그로의 깃발
🇲🇫	생마르탱의 깃발
🇲🇬	마다가스카르의 깃발
🇲🇭	마셜 제도의 깃발
🇲🇰	마케도니아의 깃발
🇲🇱	말리의 깃발
🇲🇲	미얀마의 깃발
🇲🇳	몽골의 깃발
🇲🇴	마카오(중국 특별행정구)의 깃발
🇲🇵	북마리아나제도의 깃발
🇲🇶	마르티니크의 깃발
🇲🇷	모리타니의 깃발
🇲🇸	몬트세라트의 깃발
🇲🇹	몰타의 깃발
🇲🇺	모리셔스의 깃발
🇲🇻	몰디브의 깃발
🇲🇼	말라위의 깃발
🇲🇽	멕시코의 깃발
🇲🇾	말레이시아의 깃발
🇲🇿	모잠비크의 깃발
🇳🇦	나미비아의 깃발
🇳🇨	뉴칼레도니아의 깃발
🇳🇪	니제르의 깃발
🇳🇫	노퍽섬의 깃발
🇳🇬	나이지리아의 깃발
🇳🇮	니카라과의 깃발
🇳🇱	네덜란드의 깃발
🇳🇴	노르웨이의 깃발
🇳🇵	네팔의 깃발
🇳🇷	나우루의 깃발
🇳🇺	니우에의 깃발
🇳🇿	뉴질랜드의 깃발
🇴🇲	오만의 깃발
🇵🇦	파나마의 깃발
🇵🇪	페루의 깃발
🇵🇫	프랑스령 폴리네시아의 깃발
🇵🇬	파푸아뉴기니의 깃발
🇵🇭	필리핀의 깃발
🇵🇰	파키스탄의 깃발
🇵🇱	폴란드의 깃발
🇵🇲	생피에르 미클롱의 깃발
🇵🇳	핏케언 섬의 깃발
🇵🇷	푸에르토리코의 깃발
🇵🇸	팔레스타인 지구의 깃발
🇵🇹	포르투갈의 깃발
🇵🇼	팔라우의 깃발
🇵🇾	파라과이의 깃발
🇶🇦	카타르의 깃발
🇷🇪	리유니온의 깃발
🇷🇴	루마니아의 깃발
🇷🇸	세르비아의 깃발
🇷🇺	러시아의 깃발
🇷🇼	르완다의 깃발
🇸🇦	사우디아라비아의 깃발
🇸🇧	솔로몬 제도의 깃발
🇸🇨	세이셸의 깃발
🇸🇩	수단의 깃발
🇸🇪	스웨덴의 깃발
🇸🇬	싱가포르의 깃발
🇸🇭	세인트헬레나의 깃발
🇸🇮	슬로베니아의 깃발
🇸🇯	스발바르제도-얀마웬섬의 깃발
🇸🇰	슬로바키아의 깃발
🇸🇱	시에라리온의 깃발
🇸🇲	산마리노의 깃발
🇸🇳	세네갈의 깃발
🇸🇴	소말리아의 깃발
🇸🇷	수리남의 깃발
🇸🇸	남수단의 깃발
🇸🇹	상투메 프린시페의 깃발
🇸🇻	엘살바도르의 깃발
🇸🇽	신트마르턴의 깃발
🇸🇾	시리아의 깃발
🇸🇿	스와질란드의 깃발
🇹🇦	트리스탄다쿠나의 깃발
🇹🇨	터크스 케이커스 제도의 깃발
🇹🇩	차드의 깃발
🇹🇫	프랑스 남부 지방의 깃발
🇹🇬	토고의 깃발
🇹🇭	태국의 깃발
🇹🇯	타지키스탄의 깃발
🇹🇰	토켈라우의 깃발
🇹🇱	동티모르의 깃발
🇹🇲	투르크메니스탄의 깃발
🇹🇳	튀니지의 깃발
🇹🇴	통가의 깃발
🇹🇷	터키의 깃발
🇹🇹	트리니다드 토바고의 깃발
🇹🇻	투발루의 깃발
🇹🇼	대만의 깃발
🇹🇿	탄자니아의 깃발
🇺🇦	우크라이나의 깃발
🇺🇬	우간다의 깃발
🇺🇲	미국령 해외 제도의 깃발
🇺🇳	유엔의 깃발
🇺🇸	미국의 깃발
🇺🇾	우루과이의 깃발
🇺🇿	우즈베키스탄의 깃발
🇻🇦	바티칸 시국의 깃발
🇻🇨	세인트빈센트그레나딘의 깃발
🇻🇪	베네수엘라의 깃발
🇻🇬	영국령 버진아일랜드의 깃발
🇻🇮	미국령 버진아일랜드의 깃발
🇻🇳	베트남의 깃발
🇻🇺	바누아투의 깃발
🇼🇫	왈리스-푸투나 제도의 깃발
🇼🇸	사모아의 깃발
🇽🇰	코소보의 깃발
🇾🇪	예멘의 깃발
🇾🇹	마요트의 깃발
🇿🇦	남아프리카의 깃발
🇿🇲	잠비아의 깃발
🇿🇼	짐바브웨의 깃발
🏴󠁧󠁢󠁥󠁮󠁧󠁿	잉글랜드의 깃발
🏴󠁧󠁢󠁳󠁣󠁴󠁿	스코틀랜드의 깃발
🏴󠁧󠁢󠁷󠁬󠁳󠁿	웨일즈의 깃발
#️⃣	샵 키
*️⃣	별표 키
0️⃣	숫자 영 키
1️⃣	숫자 일 키
2️⃣	숫자 이 키
3️⃣	숫자 삼 키
4️⃣	숫자 사 키
5️⃣	숫자 오 키
6️⃣	숫자 육 키
7️⃣	숫자 칠 키
8️⃣	숫자 팔 키
9️⃣	숫자 구 키
🩰	발레 슈즈
🩱	원피스 수영복
🩲	삼각 수영복
🩳	반바지
🩴	가락신
🩵	밝은 파란색 하트
🩶	회색 하트
🩷	분홍색 하트
🩸	핏방울
🩹	반창고
🩺	청진기
🩻	엑스레이
🩼	목발
🪀	요요
🪁	연
🪂	낙하산
🪃	부메랑
🪄	마술 지팡이
🪅	피냐타
🪆	네스팅 인형
🪇	마라카스
🪈	플루트
🪉	하프
🪏	삽
🪐	고리가 있는 행성
🪑	의자
🪒	면도칼
🪓	도끼
🪔	기름 램프
🪕	밴조
🪖	군용 헬멧
🪗	아코디언
🪘	긴 북
🪙	동전
🪚	목공 톱
🪛	드라이버
🪜	사다리
🪝	갈고리
🪞	거울
🪟	창문
🪠	뚫어뻥
🪡	바늘
🪢	매듭
🪣	양동이
🪤	쥐덫
🪥	칫솔
🪦	묘비
🪧	플래카드
🪨	바위
🪩	미러볼
🪪	신분증
🪫	배터리 부족
🪬	함사
🪭	접이식 손 부채
🪮	머리 빗
🪯	칸다
🪰	파리
🪱	지렁이
🪲	딱정벌레
🪳	바퀴벌레
🪴	분재
🪵	목재
🪶	깃털
🪷	연꽃
🪸	산호초
🪹	빈 둥지
🪺	알이 들어 있는 둥지
🪻	히아신스
🪼	해파리
🪽	날개
🪾	잎이 없는 나무
🪿	거위
🫀	심장
🫁	폐
🫂	포옹하는 사람
🫃	임신한 남자
🫄	임신한 사람
🫅	왕관을 쓴 사람
🫆	지문
🫎	무스
🫏	당나귀
🫐	블루베리
🫑	피망
🫒	올리브
🫓	플랫브레드
🫔	타말레
🫕	퐁듀
🫖	찻주전자
🫗	쏟아져 나오는 액체
🫘	콩
🫙	작은 병
🫚	생강 뿌리
🫛	완두콩 꼬투리
🫜	뿌리채소
🫟	튀어오른 액체
🫠	녹아 내리는 얼굴
🫡	경례하는 얼굴
🫢	눈을 뜨고 손으로 입을 가린 얼굴
🫣	한쪽 눈을 가리고 훔쳐보는 얼굴
🫤	입이 한쪽으로 올라간 얼굴
🫥	테두리가 점선으로 된 얼굴
🫦	입술을 깨물고 있는 입
🫧	거품
🫨	요동치는 얼굴
🫩	다크서클이 있는 얼굴
🫰	엄지와 중지를 교차한 손
🫱	오른쪽으로 향하는 손등
🫲	왼쪽으로 향하는 손바닥
🫳	손바닥을 아래로 향한 손
🫴	손바닥을 위로 향한 손
🫵	보는 사람을 가리키는 검지
🫶	손 하트
🫷	왼쪽으로 밀치는 손
🫸	오른쪽으로 밀치는 손
⛓‍💥	끊어진 쇠사슬
❤‍🔥	불 난 하트
❤‍🩹	낫고 있는 하트
🍄‍🟫	갈색 양송이 버섯
🍋‍🟩	라임
🏃‍♀‍➡	뛰는 여자 오른쪽을 향한
🏃‍♂‍➡	뛰는 남자 오른쪽을 향한
🏃‍➡	뛰는 사람 오른쪽을 향한
🏳‍⚧	트랜스젠더 깃발
🐈‍⬛	검은 고양이
🐕‍🦺	보조견
🐦‍⬛	검은 새
🐦‍🔥	불사조
🐻‍❄	북극곰
👨‍🍼	수유 중인 남자
👨‍🦯	지팡이를 든 남자
👨‍🦯‍➡	지팡이를 든 남자 오른쪽을 향한
👨‍🦰	남자 빨간 머리
👨‍🦱	남자 곱슬머리
👨‍🦲	남자 대머리
👨‍🦳	남자 백발
👨‍🦼	전동 휠체어를 탄 남자
👨‍🦼‍➡	전동 휠체어를 탄 남자 오른쪽을 향한
👨‍🦽	수동 휠체어를 탄 남자
👨‍🦽‍➡	수동 휠체어를 탄 남자 오른쪽을 향한
👩‍❤‍💋‍👨	여자와 남자가 키스하는 모습
👨‍❤‍💋‍👨	남자 두 명이 키스하는 모습
👩‍❤‍💋‍👩	여자 두 명이 키스하는 모습
👩‍❤‍👨	사랑하는 여자와 남자
👨‍❤‍👨	사랑하는 두 남자
👩‍❤‍👩	사랑하는 두 여자
👨‍👩‍👦	남자 한 명, 여자 한 명과 남자아이 한 명으로 구성된 가족
👨‍👩‍👧	남자 한 명, 여자 한 명과 여자아이 한 명으로 구성된 가족
👨‍👩‍👧‍👦	남자 한 명, 여자 한 명, 남자아이 한 명과 여자아이 한 명으로 구성된 가족
👨‍👩‍👦‍👦	남자 한 명, 여자 한 명과 남자아이 두 명으로 구성된 가족
👨‍👩‍👧‍👧	남자 한 명, 여자 한 명과 여자아이 두 명으로 구성된 가족
👨‍👨‍👦	남자 두 명과 남자아이 한 명으로 구성된 가족
👨‍👨‍👧	남자 두 명과 여자아이 한 명으로 구성된 가족
👨‍👨‍👧‍👦	남자 두 명, 남자아이 한 명과 여자아이 한 명으로 구성된 가족
👨‍👨‍👦‍👦	남자 두 명과 남자아이 두 명으로 구성된 가족
👨‍👨‍👧‍👧	남자 두 명과 여자아이 두 명으로 구성된 가족
👩‍🍼	수유 중인 여자
👩‍👩‍👦	여자 두 명과 남자아이 한 명으로 구성된 가족
👩‍👩‍👧	여자 두 명과 여자아이 한 명으로 구성된 가족
👩‍👩‍👧‍👦	여자 두 명, 남자아이 한 명과 여자아이 한 명으로 구성된 가족
👩‍👩‍👦‍👦	여자 두 명과 남자아이 두 명으로 구성된 가족
👩‍👩‍👧‍👧	여자 두 명과 여자아이 두 명으로 구성된 가족
👨‍👦	남자 한 명과 남자아이 한 명으로 구성된 가족
👨‍👦‍👦	남자 한 명과 남자아이 두 명으로 구성된 가족
👨‍👧	남자 한 명과 여자아이 한 명으로 구성된 가족
👨‍👧‍👦	남자 한 명, 남자아이 한 명과 여자아이 한 명으로 구성된 가족
👨‍👧‍👧	남자 한 명과 여자아이 두 명으로 구성된 가족
👩‍👦	여자 한 명과 남자아이 한 명으로 구성된 가족
👩‍👦‍👦	여자 한 명과 남자아이 두 명으로 구성된 가족
👩‍👧	여자 한 명과 여자아이 한 명으로 구성된 가족
👩‍👧‍👦	여자 한 명, 남자아이 한 명과 여자아이 한 명으로 구성된 가족
👩‍👧‍👧	여자 한 명과 여자아이 두 명으로 구성된 가족
👨‍⚕	남자 의료인
👩‍⚕	여자 의료인
👨‍⚖	남자 판사
👩‍⚖	여자 판사
👨‍✈	남자 기장
👩‍✈	여자 기장
👨‍🌾	남자 농부
👩‍🌾	여자 농부
👨‍🍳	남자 요리사
👩‍🍳	여자 요리사
👨‍🎓	남학생
👩‍🎓	여학생
👨‍🎤	남자 가수
👩‍🎤	여자 가수
👨‍🎨	남자 화가
👩‍🎨	여자 화가
👨‍🏫	남교사
👩‍🏫	여교사
👨‍🏭	공장 남자 직원
👩‍🏭	공장 여자 직원
👨‍💻	남자 기술 전문가
👩‍💻	여자 기술 전문가
👨‍💼	남자 회사원
👩‍💼	여자 회사원
👨‍🔧	남자 정비공
👩‍🔧	여자 정비공
👨‍🔬	남자 과학자
👩‍🔬	여자 과학자
👨‍🚀	남자 우주비행사
👩‍🚀	여자 우주비행사
👨‍🚒	남자 소방관
👩‍🚒	여자 소방관
👩‍🦯	지팡이를 든 여자
👩‍🦯‍➡	지팡이를 든 여자 오른쪽을 향한
👩‍🦰	여자 빨간 머리
👩‍🦱	여자 곱슬머리
👩‍🦲	여자 대머리
👩‍🦳	여자 백발
👩‍🦼	전동 휠체어를 탄 여자
👩‍🦼‍➡	전동 휠체어를 탄 여자 오른쪽을 향한
👩‍🦽	수동 휠체어를 탄 여자
👩‍🦽‍➡	수동 휠체어를 탄 여자 오른쪽을 향한
👮‍♀	여자 경찰관
👮‍♂	남자 경찰관
👰‍♀	면사포를 쓴 여자
👰‍♂	면사포를 쓴 남자
👱‍♀	금발 여자
👱‍♂	금발 남자
👳‍♀	터번을 쓰고 있는 여자
👳‍♂	터번을 쓰고 있는 남자
👷‍♀	건설 현장 여자 노동자
👷‍♂	건설 현장 남자 노동자
💂‍♀	여자 근위병
💂‍♂	남자 근위병
🕵️‍♀	여자 탐정
🕵️‍♂	남자 탐정
😮‍💨	날숨 쉬는 얼굴
😵‍💫	현기증 난 얼굴
😶‍🌫	공상에 잠긴 얼굴
🙂‍↔	도리도리
🙂‍↕	끄덕끄덕
🚶‍♀‍➡	걷는 여자 오른쪽을 향한
🚶‍♂‍➡	걷는 남자 오른쪽을 향한
🚶‍➡	보행자 오른쪽을 향한
🤵‍♀	턱시도를 입은 여자
🤵‍♂	턱시도를 입은 남자
🦸‍♀	여자 히어로
🦸‍♂	남자 히어로
🦹‍♀	여자 슈퍼 악당
🦹‍♂	남자 슈퍼 악당
🧍‍♀	서 있는 여자
🧍‍♂	서 있는 남자
🧎‍♀	무릎을 꿇은 여자
🧎‍♀‍➡	무릎을 꿇은 여자 오른쪽을 향한
🧎‍♂	무릎을 꿇은 남자
🧎‍♂‍➡	무릎을 꿇은 남자 오른쪽을 향한
🧎‍➡	무릎을 꿇은 사람 오른쪽을 향한
🧏‍♀	청각장애가 있는 여자
🧏‍♂	청각장애가 있는 남자
🧑‍⚕	의료인
🧑‍⚖	판사
🧑‍✈	기장
🧑‍🌾	농부
🧑‍🍳	요리사
🧑‍🍼	수유 중인 사람
🧑‍🎄	산타
🧑‍🎓	학생
🧑‍🎤	가수
🧑‍🎨	화가
🧑‍🏫	교사
🧑‍🏭	공장 직원
🧑‍💻	기술 전문가
🧑‍💼	회사원
🧑‍🔧	정비공
🧑‍🔬	과학자
🧑‍🚀	우주비행사
🧑‍🚒	소방관
🧑‍🤝‍🧑	손을 잡고 있는 두 명의 사람
🧑‍🦯	지팡이를 든 사람
🧑‍🦯‍➡	지팡이를 든 사람 오른쪽을 향한
🧑‍🦰	사람 빨간 머리
🧑‍🦱	사람 곱슬머리
🧑‍🦲	사람 대머리
🧑‍🦳	사람 백발
🧑‍🦼	전동 휠체어를 탄 사람
🧑‍🦼‍➡	전동 휠체어를 탄 사람 오른쪽을 향한
🧑‍🦽	수동 휠체어를 탄 사람
🧑‍🦽‍➡	수동 휠체어를 탄 사람 오른쪽을 향한
🧑‍🧑‍🧒	가족 성인 성인 아이
🧑‍🧑‍🧒‍🧒	가족 성인 성인 아이 아이
🧑‍🧒	가족 성인 아이
🧑‍🧒‍🧒	가족 성인 아이 아이
🧑‍🩰	발레 무용수
🧔‍♀	수염 난 여자
🧔‍♂	수염 난 남자
🧙‍♀	여자 마법사
🧙‍♂	남자 마법사
🧚‍♀	여자 요정
🧚‍♂	남자 요정
🧛‍♀	여자 뱀파이어
🧛‍♂	남자 뱀파이어
🧜‍♀	여자 인어
🧜‍♂	남자 인어
🧝‍♀	여자 엘프
🧝‍♂	남자 엘프
🧞‍♀	여자 지니
🧞‍♂	남자 지니
🧟‍♀	여자 좀비
🧟‍♂	남자 좀비
⛹‍♀	공 가진 여자
⛹‍♂	공 가진 남자
🏃‍♀	뛰는 여자
🏃‍♂	뛰는 남자
🏄‍♀	서핑하는 여자
🏄‍♂	서핑하는 남자
🏊‍♀	수영하는 여자
🏊‍♂	수영하는 남자
🏋️‍♀	여자 역도 선수
🏋️‍♂	남자 역도 선수
🏌️‍♀	골프치는 여자
🏌️‍♂	골프치는 남자
👯‍♀	토끼 귀를 쓰고 춤추는 여자들
👯‍♂	토끼 귀를 쓰고 춤추는 남자들
💆‍♀	마사지 받는 여자
💆‍♂	마사지 받는 남자
💇‍♀	여자 헤어컷
💇‍♂	남자 헤어컷
🚣‍♀	노젓는 여자
🚣‍♂	노젓는 남자
🚴‍♀	자전거 타는 여자
🚴‍♂	자전거 타는 남자
🚵‍♀	산악 자전거 타는 여자
🚵‍♂	산악 자전거 타는 남자
🚶‍♀	걷는 여자
🚶‍♂	걷는 남자
🤸‍♀	옆돌기하는 여자
🤸‍♂	옆돌기하는 남자
🤹‍♀	저글링하는 여자
🤹‍♂	저글링하는 남자
🤼‍♀	레슬링하는 여자
🤼‍♂	레슬링하는 남자
🤽‍♀	수구하는 여자
🤽‍♂	수구하는 남자
🤾‍♀	핸드볼하는 여자
🤾‍♂	핸드볼하는 남자
🧖‍♀	사우나 하는 여자
🧖‍♂	사우나 하는 남자
🧗‍♀	클라이밍하는 여자
🧗‍♂	클라이밍하는 남자
🧘‍♀	가부좌한 여자
🧘‍♂	가부좌한 남자
💁‍♀	손바닥 꺾은 여자
💁‍♂	손바닥 꺾은 남자
🙅‍♀	안된다는 제스처를 하는 여자
🙅‍♂	안된다는 제스처를 하는 남자
🙆‍♀	오케이라는 제스처를 하는 여자
🙆‍♂	오케이라는 제스처를 하는 남자
🙇‍♀	절하는 여자
🙇‍♂	절하는 남자
🙋‍♀	한 손 든 여자
🙋‍♂	한 손 든 남자
🙍‍♀	찌푸린 여자
🙍‍♂	찌푸린 남자
🙎‍♀	뾰로통한 여자
🙎‍♂	뾰로통한 남자
🤦‍♀	골치 아파하는 여자
🤦‍♂	골치 아파하는 남자
🤷‍♀	어깨를 으쓱하는 여자
🤷‍♂	어깨를 으쓱하는 남자
🏳‍🌈	무지개 깃발
🏴‍☠	해적 깃발
👁‍🗨	말풍선 속 눈
