©	版权
®	注册
‼	双叹号
⁄	分数斜线
⁉	叹号加问号
⁻	上标减号
₢	克鲁赛罗
₤	里拉
₥	密尔
₧	西班牙比塞塔
₰	德国便士
₲	巴拉圭瓜拉尼
₳	奥斯特拉尔
₵	加纳塞地
₶	里弗尔
₷	斯佩斯米洛
₸	哈萨克斯坦坚戈
₼	阿塞拜疆马纳特
₾	格鲁吉亚拉里
₿	比特币
℗	录音版权
™	商标
ℹ	信息中心
←	向左的箭头
↑	向上的箭头
→	向右的箭头
↓	向下的箭头
↔	左右箭头
↕	上下箭头
↖	左上箭头
↗	右上箭头
↘	右下箭头
↙	左下箭头
↚	带删除线的向左箭头
↛	带删除线的向右箭头
↜	向左波浪箭头
↝	向右波浪箭头
↞	向左双头箭头
↟	向上双头箭头
↠	向右双头箭头
↡	向下双头箭头
↢	带尾的向左箭头
↣	带尾的向右箭头
↤	尾部带杠的向左箭头
↥	尾部带杠的向上箭头
↦	尾部带杠的向右箭头
↧	尾部带杠的向下箭头
↨	带底边的上下箭头
↩	右转弯箭头
↪	左转弯箭头
↫	尾部带环的向左箭头
↬	尾部带环的向右箭头
↭	左右波浪箭头
↮	带删除线的左右箭头
↯	向下锯齿形箭头
↰	头朝左的向上箭头
↱	头朝右的向上箭头
↲	头朝左的向下箭头
↳	头朝右的向下箭头
↴	下拐的向右箭头
↵	左拐的向下箭头
↶	逆时针上半圆箭头
↷	顺时针上半圆箭头
↸	指向长杠的西北箭头
↹	上面是头带杠的向左箭头 下面是头带杠的向右箭头
↺	逆时针开口圆箭头
↻	顺时针开口圆箭头
↼	倒钩在上的向左鱼叉
↽	倒钩在下的向左鱼叉
↾	倒钩在右的向上鱼叉
↿	倒钩在左的向上鱼叉
⇀	倒钩在上的向右鱼叉
⇁	倒钩在下的向右鱼叉
⇂	倒钩在右的向下鱼叉
⇃	倒钩在左的向下鱼叉
⇄	上面是向右箭头 下面是向左箭头
⇅	左上右下两个箭头
⇆	上左下右两个箭头
⇇	两个向左箭头
⇈	两个向上箭头
⇉	两个向右箭头
⇊	两个向下箭头
⇋	上面是向左鱼叉 下面是向右鱼叉
⇌	上面是向右鱼叉 下面是向左鱼叉
⇍	带删除线的向左双箭头
⇎	带删除线的左右双箭头
⇏	带删除线的向右双箭头
⇐	向左双箭头
⇑	向上双箭头
⇒	向右双箭头
⇓	向下双箭头
⇔	左右双箭头
⇖	西北双箭头
⇗	东北双箭头
⇘	东南双箭头
⇙	西南双箭头
⇚	向左三箭头
⇛	向右三箭头
⇜	向左曲线箭头
⇝	向右曲线箭头
⇞	带双删除线的向上箭头
⇟	带双删除线的向下箭头
⇠	向左虚线箭头
⇡	向上虚线箭头
⇢	向右虚线箭头
⇣	向下虚线箭头
⇤	头带杠的向左箭头
⇥	头带杠的向右箭头
⇦	向左空心箭头
⇧	向上空心箭头
⇨	向右空心箭头
⇩	向下空心箭头
⇪	尾部带杠的向上空心箭头
⇵	左边是向下箭头 右边是向上箭头
∀	全称量词
∂	偏微分
∃	存在量词
∅	空集
∆	增量
∇	向量微分
∈	是...的元素
∉	不属于
∋	包含为成员
∎	证明完毕
∏	N元乘积
∑	N元求和
−	减号
∓	减或加
∕	除号斜线
∗	星号运算符
∘	环运算符
∙	项目符号运算符
√	平方根
∝	成比例
∞	无穷大符号
∟	直角
∠	角
∣	整除
∥	平行
∧	逻辑与
∩	交集
∪	并集
∫	积分
∬	二重积分
∮	曲线积分
∴	所以
∵	因为
∶	比率
∷	比例
∼	波浪号运算符
∽	反转波浪号
∾	倒置躺倒s
≃	渐近相等
≅	近似相等
≈	约等于
≌	全等
≒	约等于或近似于
≖	环等于
≠	不等于
≡	等同于
≣	严格等价于
≤	小于等于
≥	大于等于
≦	小于或等于
≧	大于或等于
≪	远小于
≫	远大于
≬	介于
≮	不小于
≯	不大于
≳	大于或等价于
≺	先于
≻	后于
⊁	不后于
⊂	是...的子集
⊃	超集
⊆	子集或等于
⊇	超集或等于
⊕	带圆圈加号
⊖	带圆圈减号
⊗	带圆圈乘号
⊘	带圆圈除号斜线
⊙	带圆圈点运算符
⊚	带圆圈环运算符
⊛	带圆圈星号运算符
⊞	带方框加号
⊟	带方框减号
⊥	上丁字
⊮	不强制
⊰	关系上先于
⊱	关系上后于
⊶	原
⊹	厄米共轭矩阵
⊿	直角三角形
⋁	N元逻辑或
⋂	N元交集
⋃	N元并集
⋅	点运算符
⋆	星运算符
⋈	自然连接
⋒	双交集
⋘	极小于
⋙	极大于
⋭	不属于正规子群或等于
⋮	垂直省略号
⋯	中线水平省略号
⋰	右上对角线省略号
⋱	右下对角线省略号
⌚	手表
⌛	沙漏
⌨	键盘
⏏	退出
⏩	快进
⏪	快退
⏫	快速向上
⏬	快速向下
⏭	下一首
⏮	上一首
⏯	播放暂停
⏰	闹钟
⏱	秒表
⏲	定时器
⏳	沙正往下流的沙漏
⏸	暂停
⏹	终止
⏺	录音
Ⓜ	m
■	实心方形
□	空心方形
▢	带圆角的空心方形
▣	包含实心方形的空心方形
▤	带水平填充符的方形
▥	带垂直填充符的方形
▦	带直角交叉填充符的方形
▧	带左上到右下填充符的方形
▨	带右上到左下填充符的方形
▩	带对角线交叉填充符的方形
▪	黑色小方块
▫	白色小方块
▬	实心矩形
▭	空心矩形
▮	实心垂直矩形
▰	实心平行四边形
▲	实心向上三角
△	空心向上三角
▴	实心向上小型三角
▵	空心向上小型三角
▶	播放
▷	空心向右三角
▸	实心向右小型三角
▹	空心向右小型三角
►	实心向右指针
▻	空心向右指针
▼	实心向下三角
▽	空心向下三角
▾	实心向下小型三角
▿	空心向下小型三角
◀	后退
◁	空心向左三角
◂	实心向左小型三角
◃	空心向左小型三角
◄	实心向左指针
◅	空心向左指针
◆	实心菱形
◇	空心菱形
◈	包含实心菱形的空心菱形
◉	包含实心圆圈的空心圆圈
◊	菱形
○	空心圆
◌	虚线圆圈
◍	带垂直填充符的圆圈
◎	同心圆
●	实心圆
◐	左半实心的圆圈
◑	右半实心的圆圈
◒	下半实心的圆圈
◓	上半实心的圆圈
◔	右上象限实心的圆圈
◕	除左上象限外均实心的圆圈
◖	左半实心圆圈
◗	右半实心圆圈
◘	反白项目符号
◙	包含空心圆圈的实心方形
◜	左上象限圆弧
◝	右上象限圆弧
◞	右下象限圆弧
◟	左下象限圆弧
◠	上半圆圈
◡	下半圆圈
◢	实心右下三角
◣	实心左下三角
◤	实心左上三角
◥	实心右上三角
◦	空心项目符号
◯	大空心圆
◳	右上象限空心方形
◷	右上象限空心圆圈
◻	白色中方块
◼	黑色中方块
◽	白色中小方块
◾	黑色中小方块
◿	右下三角
☀	太阳
☁	云
☂	伞
☃	雪与雪人
☄	彗星
☎	电话
☑	勾选框
☔	雨伞
☕	热饮
☘	三叶草
☝	食指向上指
☠	骷髅
☢	辐射
☣	生物危害
☦	东正教十字架
☪	星月
☮	和平
☯	太极
☸	法轮
☹	不满
☺	微笑
♀	女
♂	男
♈	白羊座
♉	金牛座
♊	双子座
♋	巨蟹座
♌	狮子座
♍	处女座
♎	天秤座
♏	天蝎座
♐	射手座
♑	摩羯座
♒	水瓶座
♓	双鱼座
♟	兵
♠	黑桃
♣	梅花
♥	红桃
♦	方片
♨	温泉
♪	八分音符
♭	降音符
♯	升号
♻	回收
♾	无限
♿	轮椅
⚒	锤子与镐
⚓	锚
⚔	双剑
⚕	医疗标志
⚖	天平
⚗	蒸馏器
⚙	齿轮
⚛	原子
⚜	百合花饰
⚠	警告
⚡	高压
⚧	跨性别符号
⚪	白色圆
⚫	黑色圆
⚰	棺材
⚱	骨灰缸
⚽	足球
⚾	棒球
⛄	雪人
⛅	阴
⛈	雷阵雨
⛎	蛇夫座
⛏	锄头
⛑	白十字头盔
⛓	链条
⛔	禁止通行
⛩	神社
⛪	教堂
⛰	山
⛱	阳伞
⛲	喷泉
⛳	高尔夫
⛴	渡轮
⛵	帆船
⛷	滑雪的人
⛸	滑冰
⛹	玩球
⛺	帐篷
⛽	油泵
✂	剪刀
✅	空心对勾
✈	飞机
✉	信封
✊	举起拳头
✋	举起手
✌	胜利手势
✍	写字
✏	铅笔
✒	钢笔尖
✔	对勾
✖	乘号
✝	十字架
✡	六芒星
✨	闪亮
✳	八芒星
✴	八角星
❄	雪花
❇	火花
❌	叉
❎	叉符号按钮
❓	问号
❔	空心问号
❕	空心叹号
❗	叹号
❣	心叹号
❤	红心
➕	加号
➖	减号
➗	除号
➡	向右箭头
➰	日本单环标志
➿	日本免费电话标志
⤴	右上弯箭头
⤵	右下弯箭头
⨧	带下标二的加号
⨯	向量叉乘
⨼	内积
⩣	带双底线的逻辑或
⩽	小于或倾斜等于
⪍	小于或相似
⪚	双线等于或大于
⪺	后于或不约等于
⬅	向左箭头
⬆	向上箭头
⬇	向下箭头
⬛	白色大方块
⬜	黑色大方块
⭐	星星
⭕	大圆圈
〽	庵点
㊗	祝
㊙	秘
﷼	里亚尔
🅰	A 型血
🅱	B 型血
🅾	O 型血
🅿	停车
🆎	AB 型血
🆑	字母cl
🆒	酷
🆓	免费
🆔	身份
🆕	新
🆖	ng
🆗	ok按钮
🆘	SOS
🆙	up
🆚	VS
🇨🇶	萨克岛
🈁	日文的这里”按钮
🈂	日文的服务费”按钮
🈚	无
🈯	指
🈲	禁
🈳	空
🈴	合
🈵	满
🈶	有
🈷	月
🈸	申
🈹	割
🈺	营
🉐	得
🉑	可
🀄	红中
🃏	大小王
🌀	台风
🌁	有雾
🌂	收起的伞
🌃	夜晚
🌄	山顶日出
🌅	日出
🌆	城市黄昏
🌇	夕阳
🌈	彩虹
🌉	夜幕下的桥
🌊	浪花
🌋	火山
🌌	银河
🌍	地球上的欧洲非洲
🌎	地球上的美洲
🌏	地球上的亚洲
🌐	地球
🌑	朔月
🌒	娥眉月
🌓	上弦月
🌔	盈凸月
🌕	满月
🌖	亏凸月
🌗	下弦月
🌘	残月
🌙	弯月
🌚	微笑的朔月
🌛	微笑的上弦月
🌜	微笑的下弦月
🌝	微笑的月亮
🌞	微笑的太阳
🌟	闪亮的星星
🌠	流星
🌡	温度计
🌤	晴偶有云
🌥	多云
🌦	晴转雨
🌧	下雨
🌨	下雪
🌩	打雷
🌪	龙卷风
🌫	雾
🌬	大风
🌭	热狗
🌮	墨西哥卷饼
🌯	墨西哥玉米煎饼
🌰	栗子
🌱	发芽
🌲	松树
🌳	落叶树
🌴	棕榈树
🌵	仙人掌
🌶	红辣椒
🌷	郁金香
🌸	樱花
🌹	玫瑰
🌺	芙蓉
🌻	向日葵
🌼	开花
🌽	玉米
🌾	稻子
🌿	药草
🍀	四叶草
🍁	枫叶
🍂	落叶
🍃	风吹叶落
🍄	蘑菇
🍅	西红柿
🍆	茄子
🍇	葡萄
🍈	甜瓜
🍉	西瓜
🍊	橘子
🍋	柠檬
🍌	香蕉
🍍	菠萝
🍎	红苹果
🍏	青苹果
🍐	梨
🍑	桃
🍒	樱桃
🍓	草莓
🍔	汉堡
🍕	披萨
🍖	排骨
🍗	鸡腿
🍘	米饼
🍙	饭团
🍚	米饭
🍛	咖喱饭
🍜	面条
🍝	意粉
🍞	面包
🍟	薯条
🍠	烤红薯
🍡	团子
🍢	关东煮
🍣	寿司
🍤	天妇罗
🍥	鱼板
🍦	圆筒冰激凌
🍧	刨冰
🍨	冰淇淋
🍩	甜甜圈
🍪	饼干
🍫	巧克力
🍬	糖
🍭	棒棒糖
🍮	奶黄
🍯	蜂蜜
🍰	水果蛋糕
🍱	盒饭
🍲	一碗食物
🍳	煎蛋
🍴	刀叉
🍵	热茶
🍶	清酒
🍷	葡萄酒
🍸	鸡尾酒
🍹	热带水果饮料
🍺	啤酒
🍻	干杯
🍼	奶瓶
🍽	餐具
🍾	香槟
🍿	爆米花
🎀	蝴蝶结
🎁	礼物
🎂	生日蛋糕
🎃	南瓜灯
🎄	圣诞树
🎅	圣诞老人
🎆	焰火
🎇	烟花
🎈	气球
🎉	拉炮彩带
🎊	五彩纸屑
🎋	七夕
🎌	交叉旗
🎍	门松
🎎	日本人偶
🎏	鲤鱼旗
🎐	风铃
🎑	赏月
🎒	书包
🎓	毕业帽
🎖	军功章
🎗	丝带
🎙	录音室麦克风
🎚	调节滑块
🎛	控制旋钮
🎞	电影胶卷
🎟	入场券
🎠	旋转木马
🎡	摩天轮
🎢	过山车
🎣	钓鱼竿
🎤	麦克风
🎥	摄影机
🎦	电影院
🎧	耳机
🎨	调色盘
🎩	礼帽
🎪	马戏团帐篷
🎫	票
🎬	场记板
🎭	面具
🎮	游戏手柄
🎯	正中靶心的飞镖
🎰	老虎机
🎱	台球
🎲	骰子
🎳	保龄球
🎴	花札
🎵	音符
🎶	多个音符
🎷	萨克斯风
🎸	吉他
🎹	音乐键盘
🎺	小号
🎻	小提琴
🎼	乐谱
🎽	运动背心
🎾	网球
🎿	滑雪
🏀	篮球
🏁	终点旗
🏂	滑雪板
🏃	跑步者
🏄	冲浪
🏅	奖牌
🏆	奖杯
🏇	赛马
🏈	美式橄榄球
🏉	英式橄榄球
🏊	游泳
🏋	举重
🏌	打高尔夫的人
🏍	摩托车
🏎	赛车
🏏	板球
🏐	排球
🏑	曲棍球
🏒	冰球
🏓	乒乓球
🏔	雪山
🏕	露营
🏖	沙滩伞
🏗	施工
🏘	房屋建筑
🏙	城市风光
🏚	废墟
🏛	古典建筑
🏜	沙漠
🏝	无人荒岛
🏞	国家公园
🏟	体育馆
🏠	房子
🏡	别墅
🏢	办公楼
🏣	日本邮局
🏤	欧洲邮局
🏥	医院
🏦	银行
🏧	取款机
🏨	酒店
🏩	情人酒店
🏪	便利店
🏫	学校
🏬	商场
🏭	工厂
🏮	红灯笼
🏯	日本城堡
🏰	欧洲城堡
🏳	举白旗
🏴	举黑旗
🏵	圆形花饰
🏷	标签
🏸	羽毛球
🏹	弓箭
🏺	双耳瓶
🏻	较浅肤色
🏼	中等-浅肤色
🏽	中等肤色
🏾	中等-深肤色
🏿	较深肤色
🐀	耗子
🐁	老鼠
🐂	公牛
🐃	水牛
🐄	奶牛
🐅	老虎
🐆	豹子
🐇	兔子
🐈	猫
🐉	龙
🐊	鳄鱼
🐋	鲸鱼
🐌	蜗牛
🐍	蛇
🐎	马
🐏	公羊
🐐	山羊
🐑	绵羊
🐒	猴子
🐓	公鸡
🐔	母鸡
🐕	狗
🐖	猪
🐗	野猪
🐘	大象
🐙	章鱼
🐚	海螺
🐛	毛毛虫
🐜	蚂蚁
🐝	蜜蜂
🐞	瓢虫
🐟	鱼
🐠	热带鱼
🐡	河豚
🐢	龟
🐣	小鸡破壳
🐤	小鸡
🐥	正面朝向的小鸡
🐦	鸟
🐧	企鹅
🐨	考拉
🐩	贵宾犬
🐪	骆驼
🐫	双峰骆驼
🐬	海豚
🐭	老鼠头
🐮	奶牛头
🐯	老虎头
🐰	兔子头
🐱	猫脸
🐲	龙头
🐳	喷水的鲸
🐴	马头
🐵	猴头
🐶	狗脸
🐷	猪头
🐸	青蛙头
🐹	仓鼠
🐺	狼头
🐻	熊头
🐼	熊猫
🐽	猪鼻子
🐾	爪印
🐿	松鼠
👀	双眼
👁	眼睛
👂	耳朵
👃	鼻子
👄	嘴
👅	舌头
👆	反手食指向上指
👇	反手食指向下指
👈	反手食指向左指
👉	反手食指向右指
👊	出拳
👋	挥手
👌	OK
👍	拇指向上
👎	拇指向下
👏	鼓掌
👐	张开双手
👑	皇冠
👒	女帽
👓	眼镜
👔	领带
👕	T恤
👖	牛仔裤
👗	连衣裙
👘	和服
👙	比基尼
👚	女装
👛	钱包
👜	手提包
👝	手袋
👞	男鞋
👟	跑鞋
👠	高跟鞋
👡	女式凉鞋
👢	女靴
👣	脚印
👤	人像
👥	双人像
👦	男孩
👧	女孩
👨	男人
👩	女人
👪	家庭
👫	手拉手的一男一女
👬	手拉手的两个男人
👭	手拉手的两个女人
👮	警察
👯	派对
👰	新娘
👱	金色头发的人
👲	戴瓜皮帽的人
👳	戴头巾的人
👴	老爷爷
👵	老奶奶
👶	小宝贝
👷	建筑工人
👸	公主
👹	食人魔
👺	天狗
👻	鬼
👼	小天使
👽	外星人
👾	怪物
👿	恶魔
💀	头骨
💁	前台
💂	卫兵
💃	舞者
💄	唇膏
💅	涂指甲油
💆	按摩
💇	理发
💈	理发店
💉	注射器
💊	药丸
💋	唇印
💌	情书
💍	戒指
💎	宝石
💏	亲吻
💐	花束
💑	情侣
💒	婚礼
💓	心跳
💔	心碎
💕	两颗心
💖	闪亮的心
💗	搏动的心
💘	心中箭了
💙	蓝心
💚	绿心
💛	黄心
💜	紫心
💝	系有缎带的心
💞	舞动的心
💟	心型装饰
💠	梅花形
💡	灯泡
💢	怒
💣	炸弹
💤	睡着
💥	爆炸
💦	汗滴
💧	水滴
💨	尾气
💩	大便
💪	肌肉
💫	头晕
💬	话语气泡
💭	内心活动气泡
💮	白花
💯	一百分
💰	钱袋
💱	换汇
💲	美元符号
💳	信用卡
💴	日元
💵	美元
💶	欧元
💷	英镑
💸	长翅膀的钱
💹	货币升值图表
💺	座位
💻	笔记本电脑
💼	公文包
💽	迷你光盘
💾	软盘
💿	光盘
📀	DVD
📁	文件夹
📂	打开文件夹
📃	纸张
📄	文件
📅	日历
📆	手撕日历
📇	卡牌索引
📈	上涨图表
📉	下跌图表
📊	柱形图
📋	剪贴板
📌	图钉
📍	圆图钉
📎	回形针
📏	直尺
📐	三角尺
📑	标签页
📒	账本
📓	笔记本
📔	精装笔记本
📕	书本
📖	打开的书本
📗	绿色书本
📘	蓝色书本
📙	橙色书本
📚	书
📛	名牌
📜	卷轴
📝	备忘录
📞	听筒
📟	寻呼机
📠	传真机
📡	卫星天线
📢	喇叭
📣	扩音器
📤	发件箱
📥	收件箱
📦	包裹
📧	邮件
📨	收到邮件
📩	发邮件
📪	无待收信件
📫	有待收信件
📬	有新信件
📭	无新信件
📮	邮筒
📯	邮号
📰	报纸
📱	手机
📲	带有箭头的手机
📳	振动模式
📴	关闭手机
📵	禁止使用手机
📶	信号栏
📷	相机
📸	带闪光灯的相机
📹	录像机
📺	电视
📻	收音机
📼	录像带
📽	电影放映机
📿	念珠
🔀	随机播放
🔁	循环播放
🔂	单曲循环
🔃	顺时针箭头
🔄	逆时针箭头
🔅	低亮度
🔆	高亮度
🔇	扬声器关闭
🔈	扬声器
🔉	小音量
🔊	大音量
🔋	电池
🔌	电源插头
🔍	左斜的放大镜
🔎	右斜的放大镜
🔏	墨水笔和锁
🔐	钥匙和锁
🔑	钥匙
🔒	锁
🔓	打开的锁
🔔	铃铛
🔕	禁止响铃
🔖	书签
🔗	链接
🔘	按钮
🔙	返回
🔚	结束
🔛	ON
🔜	马上
🔝	置顶
🔞	18禁
🔟	按键: 10
🔠	大写字母键
🔡	小写字母键
🔢	输入数字
🔣	输入符号
🔤	拉丁字母键
🔥	火焰
🔦	手电
🔧	扳手
🔨	锤子
🔩	螺母与螺栓
🔪	菜刀
🔫	手枪
🔬	显微镜
🔭	望远镜
🔮	水晶球
🔯	六芒星加圆点
🔰	日本新手上路标志
🔱	三叉戟
🔲	黑色方形按钮
🔳	白色方形按钮
🔴	红色圆
🔵	蓝色圆
🔶	橙色大菱形
🔷	蓝色大菱形
🔸	橙色小菱形
🔹	蓝色小菱形
🔺	红色正三角
🔻	红色倒三角
🔼	向上
🔽	向下
🕉	奥姆
🕊	鸽
🕋	克尔白
🕌	清真寺
🕍	犹太教堂
🕎	烛台
🕐	一点
🕑	两点
🕒	三点
🕓	四点
🕔	五点
🕕	六点
🕖	七点
🕗	八点
🕘	九点
🕙	十点
🕚	十一点
🕛	十二点
🕜	一点半
🕝	两点半
🕞	三点半
🕟	四点半
🕠	五点半
🕡	六点半
🕢	七点半
🕣	八点半
🕤	九点半
🕥	十点半
🕦	十一点半
🕧	十二点半
🕯	蜡烛
🕰	座钟
🕳	洞
🕴	西装革履的人
🕵	侦探
🕶	墨镜
🕷	蜘蛛
🕸	蜘蛛网
🕹	游戏操控杆
🕺	跳舞的男人
🖇	两个回形针
🖊	笔
🖋	钢笔
🖌	毛笔
🖍	蜡笔
🖐	手掌
🖕	竖中指
🖖	瓦肯举手礼
🖤	黑心
🖥	台式电脑
🖨	打印机
🖱	鼠标
🖲	轨迹球
🖼	带框的画
🗂	索引分隔文件夹
🗃	卡片盒
🗄	文件柜
🗑	垃圾桶
🗒	线圈本
🗓	线圈日历
🗜	压缩机
🗝	老式钥匙
🗞	报纸卷
🗡	匕首
🗣	说话
🗨	朝左的话语气泡
🗯	愤怒话语气泡
🗳	投票箱
🗺	世界地图
🗻	富士山
🗼	东京塔
🗽	自由女神像
🗾	日本地图
🗿	摩艾石像
😀	嘿嘿
😁	嘻嘻
😂	笑哭了
😃	哈哈
😄	大笑
😅	苦笑
😆	斜眼笑
😇	微笑天使
😈	恶魔微笑
😉	眨眼
😊	羞涩微笑
😋	好吃
😌	松了口气
😍	花痴
😎	墨镜笑脸
😏	得意
😐	冷漠
😑	无语
😒	不高兴
😓	汗
😔	沉思
😕	困扰
😖	困惑
😗	亲亲
😘	飞吻
😙	微笑亲亲
😚	羞涩亲亲
😛	吐舌
😜	单眼吐舌
😝	眯眼吐舌
😞	失望
😟	担心
😠	生气
😡	怒火中烧
😢	哭
😣	痛苦
😤	傲慢
😥	失望但如释重负
😦	啊
😧	极度痛苦
😨	害怕
😩	累死了
😪	困
😫	累
😬	龇牙咧嘴
😭	放声大哭
😮	吃惊
😯	缄默
😰	冷汗
😱	吓死了
😲	震惊
😳	脸红
😴	睡着了
😵	晕头转向
😶	沉默
😷	感冒
😸	微笑的猫脸
😹	笑出眼泪的猫脸
😺	大笑的猫脸
😻	花痴的猫脸
😼	奸笑的猫脸
😽	猫脸亲亲
😾	生气的猫脸
😿	哭泣的猫脸
🙀	疲倦的猫脸
🙁	微微不满
🙂	呵呵
🙃	倒脸
🙄	翻白眼
🙅	禁止手势
🙆	OK手势
🙇	鞠躬
🙈	非礼勿视
🙉	非礼勿听
🙊	非礼勿言
🙋	举手
🙌	举双手
🙍	皱眉
🙎	撅嘴
🙏	双手合十
🚀	火箭
🚁	直升机
🚂	蒸汽火车
🚃	轨道车
🚄	高速列车
🚅	子弹头高速列车
🚆	火车
🚇	地铁
🚈	轻轨
🚉	车站
🚊	路面电车
🚋	有轨电车
🚌	公交车
🚍	迎面驶来的公交车
🚎	老式电车
🚏	公交车站
🚐	小巴
🚑	救护车
🚒	消防车
🚓	警车
🚔	迎面驶来的警车
🚕	出租车
🚖	迎面驶来的出租车
🚗	汽车
🚘	迎面驶来的汽车
🚙	休闲车
🚚	货车
🚛	铰接式货车
🚜	拖拉机
🚝	单轨
🚞	铁路隧道
🚟	空轨
🚠	缆车
🚡	索道
🚢	船
🚣	划艇
🚤	快艇
🚥	横向的红绿灯
🚦	纵向的红绿灯
🚧	路障
🚨	警车灯
🚩	三角旗
🚪	门
🚫	禁止
🚬	吸烟
🚭	禁止吸烟
🚮	倒垃圾
🚯	禁止乱扔垃圾
🚰	饮用水
🚱	非饮用水
🚲	自行车
🚳	禁止自行车
🚴	骑自行车
🚵	骑山地车
🚶	行人
🚷	禁止行人通行
🚸	儿童过街
🚹	男厕
🚺	女厕
🚻	卫生间
🚼	宝宝
🚽	马桶
🚾	厕所
🚿	淋浴
🛀	盆浴
🛁	澡盆
🛂	护照检查
🛃	海关
🛄	提取行李
🛅	寄存行李
🛋	沙发和灯
🛌	躺在床上的人
🛍	购物袋
🛎	服务铃
🛏	床
🛐	宗教场所
🛑	停止标志
🛒	购物车
🛕	印度寺庙
🛖	小屋
🛗	电梯
🛜	无线
🛝	游乐场滑梯
🛞	车轮
🛟	救生圈
🛠	锤子与扳手
🛡	盾牌
🛢	石油桶
🛣	高速公路
🛤	铁轨
🛥	摩托艇
🛩	小型飞机
🛫	航班起飞
🛬	航班降落
🛰	卫星
🛳	客轮
🛴	滑板车
🛵	电动车
🛶	独木舟
🛷	雪橇
🛸	飞碟
🛹	滑板
🛺	三轮摩托车
🛻	敞蓬小型载货卡车
🛼	四轮滑冰鞋
🟠	橙色圆
🟡	黄色圆
🟢	绿色圆
🟣	紫色圆
🟤	棕色圆
🟥	红色方块
🟦	蓝色方块
🟧	橙色方块
🟨	黄色方块
🟩	绿色方块
🟪	紫色方块
🟫	棕色方块
🟰	粗等号
🤌	捏手指
🤍	白心
🤎	棕心
🤏	捏合的手势
🤐	闭嘴
🤑	发财
🤒	发烧
🤓	书呆子脸
🤔	想一想
🤕	受伤
🤖	机器人
🤗	抱抱
🤘	摇滚
🤙	给我打电话
🤚	立起的手背
🤛	朝左的拳头
🤜	朝右的拳头
🤝	握手
🤞	交叉的手指
🤟	爱你的姿态
🤠	牛仔帽脸
🤡	小丑脸
🤢	恶心
🤣	笑得满地打滚
🤤	流口水
🤥	说谎
🤦	捂脸
🤧	打喷嚏
🤨	扬眉吐气
🤩	好崇拜哦
🤪	疯狂的脸
🤫	安静的脸
🤬	嘴上有符号的脸
🤭	不说
🤮	呕吐
🤯	爆炸头
🤰	孕妇
🤱	母乳喂养
🤲	掌心向上托起
🤳	自拍
🤴	王子
🤵	穿燕尾服的男人
🤶	圣诞奶奶
🤷	耸肩
🤸	侧手翻
🤹	抛接杂耍
🤺	击剑选手
🤼	摔跤选手
🤽	水球
🤾	手球
🤿	潜水面罩
🥀	枯萎的花
🥁	鼓
🥂	碰杯
🥃	塔博杯
🥄	匙子
🥅	球门
🥇	金牌
🥈	银牌
🥉	铜牌
🥊	拳击手套
🥋	练武服
🥌	冰壶
🥍	袋棍球
🥎	垒球
🥏	飞盘
🥐	羊角面包
🥑	鳄梨
🥒	黄瓜
🥓	培根
🥔	土豆
🥕	胡萝卜
🥖	法式长棍面包
🥗	绿色沙拉
🥘	装有食物的浅底锅
🥙	夹心饼
🥚	蛋
🥛	一杯奶
🥜	花生
🥝	猕猴桃
🥞	烙饼
🥟	饺子
🥠	幸运饼干
🥡	外卖盒
🥢	筷子
🥣	碗勺
🥤	带吸管杯
🥥	椰子
🥦	西兰花
🥧	派
🥨	椒盐卷饼
🥩	切肉
🥪	三明治
🥫	罐头食品
🥬	绿叶蔬菜
🥭	芒果
🥮	月饼
🥯	面包圈
🥰	喜笑颜开
🥱	打呵欠
🥲	含泪的笑脸
🥳	聚会笑脸
🥴	头昏眼花
🥵	脸发烧
🥶	冷脸
🥷	忍者
🥸	伪装的脸
🥹	忍住泪水
🥺	恳求的脸
🥻	纱丽
🥼	白大褂
🥽	护目镜
🥾	登山鞋
🥿	平底鞋
🦀	蟹
🦁	狮子
🦂	蝎子
🦃	火鸡
🦄	独角兽头
🦅	鹰
🦆	鸭子
🦇	蝙蝠
🦈	鲨鱼
🦉	猫头鹰
🦊	狐狸的脸
🦋	蝴蝶
🦌	鹿
🦍	大猩猩
🦎	蜥蜴
🦏	犀牛
🦐	虾
🦑	乌贼
🦒	长颈鹿
🦓	斑马
🦔	刺猬
🦕	蜥蜴类
🦖	霸王龙
🦗	蟋蟀
🦘	袋鼠
🦙	美洲鸵
🦚	孔雀
🦛	河马
🦜	鹦鹉
🦝	浣熊
🦞	龙虾
🦟	蚊子
🦠	细菌
🦡	獾
🦢	天鹅
🦣	猛犸
🦤	渡渡鸟
🦥	树懒
🦦	水獭
🦧	红毛猩猩
🦨	臭鼬
🦩	火烈鸟
🦪	牡蛎
🦫	海狸
🦬	大野牛
🦭	海豹
🦮	导盲犬
🦯	盲杖
🦰	红发
🦱	卷发
🦲	秃顶
🦳	白发
🦴	骨头
🦵	腿
🦶	脚
🦷	牙齿
🦸	超级英雄
🦹	超级大坏蛋
🦺	救生衣
🦻	戴助听器的耳朵
🦼	电动轮椅
🦽	手动轮椅
🦾	机械手臂
🦿	机械腿
🧀	芝士
🧁	纸杯蛋糕
🧂	盐
🧃	饮料盒
🧄	蒜
🧅	洋葱
🧆	炸豆丸子
🧇	华夫饼
🧈	黄油
🧉	马黛茶
🧊	冰块
🧋	珍珠奶茶
🧌	穴居巨怪
🧍	站立者
🧎	下跪者
🧏	失聪者
🧐	带单片眼镜的脸
🧑	成人
🧒	儿童
🧓	老年人
🧔	有胡子的人
🧕	带头饰的女人
🧖	蒸房里的人
🧗	攀爬的人
🧘	盘腿的人
🧙	法师
🧚	精灵
🧛	吸血鬼
🧜	人鱼
🧝	小精灵
🧞	妖怪
🧟	僵尸
🧠	脑
🧡	橙心
🧢	鸭舌帽
🧣	围巾
🧤	手套
🧥	外套
🧦	袜子
🧧	红包
🧨	爆竹
🧩	拼图
🧪	试管
🧫	培养皿
🧬	DNA
🧭	指南针
🧮	算盘
🧯	灭火器
🧰	工具箱
🧱	砖
🧲	磁铁
🧳	行李箱
🧴	乳液瓶
🧵	线
🧶	毛线
🧷	安全别针
🧸	泰迪熊
🧹	扫帚
🧺	筐
🧻	卷纸
🧼	皂
🧽	海绵
🧾	收据
🧿	纳扎尔护身符
🇦🇨	旗: 阿森松岛
🇦🇩	旗: 安道尔
🇦🇪	旗: 阿拉伯联合酋长国
🇦🇫	旗: 阿富汗
🇦🇬	旗: 安提瓜和巴布达
🇦🇮	旗: 安圭拉
🇦🇱	旗: 阿尔巴尼亚
🇦🇲	旗: 亚美尼亚
🇦🇴	旗: 安哥拉
🇦🇶	旗: 南极洲
🇦🇷	旗: 阿根廷
🇦🇸	旗: 美属萨摩亚
🇦🇹	旗: 奥地利
🇦🇺	旗: 澳大利亚
🇦🇼	旗: 阿鲁巴
🇦🇽	旗: 奥兰群岛
🇦🇿	旗: 阿塞拜疆
🇧🇦	旗: 波斯尼亚和黑塞哥维那
🇧🇧	旗: 巴巴多斯
🇧🇩	旗: 孟加拉国
🇧🇪	旗: 比利时
🇧🇫	旗: 布基纳法索
🇧🇬	旗: 保加利亚
🇧🇭	旗: 巴林
🇧🇮	旗: 布隆迪
🇧🇯	旗: 贝宁
🇧🇱	旗: 圣巴泰勒米
🇧🇲	旗: 百慕大
🇧🇳	旗: 文莱
🇧🇴	旗: 玻利维亚
🇧🇶	旗: 荷属加勒比区
🇧🇷	旗: 巴西
🇧🇸	旗: 巴哈马
🇧🇹	旗: 不丹
🇧🇻	旗: 布韦岛
🇧🇼	旗: 博茨瓦纳
🇧🇾	旗: 白俄罗斯
🇧🇿	旗: 伯利兹
🇨🇦	旗: 加拿大
🇨🇨	旗: 科科斯（基林）群岛
🇨🇩	旗: 刚果（金）
🇨🇫	旗: 中非共和国
🇨🇬	旗: 刚果（布）
🇨🇭	旗: 瑞士
🇨🇮	旗: 科特迪瓦
🇨🇰	旗: 库克群岛
🇨🇱	旗: 智利
🇨🇲	旗: 喀麦隆
🇨🇳	旗: 中国
🇨🇴	旗: 哥伦比亚
🇨🇵	旗: 克利珀顿岛
🇨🇷	旗: 哥斯达黎加
🇨🇺	旗: 古巴
🇨🇻	旗: 佛得角
🇨🇼	旗: 库拉索
🇨🇽	旗: 圣诞岛
🇨🇾	旗: 塞浦路斯
🇨🇿	旗: 捷克
🇩🇪	旗: 德国
🇩🇬	旗: 迪戈加西亚岛
🇩🇯	旗: 吉布提
🇩🇰	旗: 丹麦
🇩🇲	旗: 多米尼克
🇩🇴	旗: 多米尼加共和国
🇩🇿	旗: 阿尔及利亚
🇪🇦	旗: 休达及梅利利亚
🇪🇨	旗: 厄瓜多尔
🇪🇪	旗: 爱沙尼亚
🇪🇬	旗: 埃及
🇪🇭	旗: 西撒哈拉
🇪🇷	旗: 厄立特里亚
🇪🇸	旗: 西班牙
🇪🇹	旗: 埃塞俄比亚
🇪🇺	旗: 欧盟
🇫🇮	旗: 芬兰
🇫🇯	旗: 斐济
🇫🇰	旗: 福克兰群岛
🇫🇲	旗: 密克罗尼西亚
🇫🇴	旗: 法罗群岛
🇫🇷	旗: 法国
🇬🇦	旗: 加蓬
🇬🇧	旗: 英国
🇬🇩	旗: 格林纳达
🇬🇪	旗: 格鲁吉亚
🇬🇫	旗: 法属圭亚那
🇬🇬	旗: 根西岛
🇬🇭	旗: 加纳
🇬🇮	旗: 直布罗陀
🇬🇱	旗: 格陵兰
🇬🇲	旗: 冈比亚
🇬🇳	旗: 几内亚
🇬🇵	旗: 瓜德罗普
🇬🇶	旗: 赤道几内亚
🇬🇷	旗: 希腊
🇬🇸	旗: 南乔治亚和南桑威奇群岛
🇬🇹	旗: 危地马拉
🇬🇺	旗: 关岛
🇬🇼	旗: 几内亚比绍
🇬🇾	旗: 圭亚那
🇭🇰	旗: 中国香港特别行政区
🇭🇲	旗: 赫德岛和麦克唐纳群岛
🇭🇳	旗: 洪都拉斯
🇭🇷	旗: 克罗地亚
🇭🇹	旗: 海地
🇭🇺	旗: 匈牙利
🇮🇨	旗: 加纳利群岛
🇮🇩	旗: 印度尼西亚
🇮🇪	旗: 爱尔兰
🇮🇱	旗: 以色列
🇮🇲	旗: 马恩岛
🇮🇳	旗: 印度
🇮🇴	旗: 英属印度洋领地
🇮🇶	旗: 伊拉克
🇮🇷	旗: 伊朗
🇮🇸	旗: 冰岛
🇮🇹	旗: 意大利
🇯🇪	旗: 泽西岛
🇯🇲	旗: 牙买加
🇯🇴	旗: 约旦
🇯🇵	旗: 日本
🇰🇪	旗: 肯尼亚
🇰🇬	旗: 吉尔吉斯斯坦
🇰🇭	旗: 柬埔寨
🇰🇮	旗: 基里巴斯
🇰🇲	旗: 科摩罗
🇰🇳	旗: 圣基茨和尼维斯
🇰🇵	旗: 朝鲜
🇰🇷	旗: 韩国
🇰🇼	旗: 科威特
🇰🇾	旗: 开曼群岛
🇰🇿	旗: 哈萨克斯坦
🇱🇦	旗: 老挝
🇱🇧	旗: 黎巴嫩
🇱🇨	旗: 圣卢西亚
🇱🇮	旗: 列支敦士登
🇱🇰	旗: 斯里兰卡
🇱🇷	旗: 利比里亚
🇱🇸	旗: 莱索托
🇱🇹	旗: 立陶宛
🇱🇺	旗: 卢森堡
🇱🇻	旗: 拉脱维亚
🇱🇾	旗: 利比亚
🇲🇦	旗: 摩洛哥
🇲🇨	旗: 摩纳哥
🇲🇩	旗: 摩尔多瓦
🇲🇪	旗: 黑山
🇲🇫	旗: 法属圣马丁
🇲🇬	旗: 马达加斯加
🇲🇭	旗: 马绍尔群岛
🇲🇰	旗: 马其顿
🇲🇱	旗: 马里
🇲🇲	旗: 缅甸
🇲🇳	旗: 蒙古
🇲🇴	旗: 中国澳门特别行政区
🇲🇵	旗: 北马里亚纳群岛
🇲🇶	旗: 马提尼克
🇲🇷	旗: 毛里塔尼亚
🇲🇸	旗: 蒙特塞拉特
🇲🇹	旗: 马耳他
🇲🇺	旗: 毛里求斯
🇲🇻	旗: 马尔代夫
🇲🇼	旗: 马拉维
🇲🇽	旗: 墨西哥
🇲🇾	旗: 马来西亚
🇲🇿	旗: 莫桑比克
🇳🇦	旗: 纳米比亚
🇳🇨	旗: 新喀里多尼亚
🇳🇪	旗: 尼日尔
🇳🇫	旗: 诺福克岛
🇳🇬	旗: 尼日利亚
🇳🇮	旗: 尼加拉瓜
🇳🇱	旗: 荷兰
🇳🇴	旗: 挪威
🇳🇵	旗: 尼泊尔
🇳🇷	旗: 瑙鲁
🇳🇺	旗: 纽埃
🇳🇿	旗: 新西兰
🇴🇲	旗: 阿曼
🇵🇦	旗: 巴拿马
🇵🇪	旗: 秘鲁
🇵🇫	旗: 法属波利尼西亚
🇵🇬	旗: 巴布亚新几内亚
🇵🇭	旗: 菲律宾
🇵🇰	旗: 巴基斯坦
🇵🇱	旗: 波兰
🇵🇲	旗: 圣皮埃尔和密克隆群岛
🇵🇳	旗: 皮特凯恩群岛
🇵🇷	旗: 波多黎各
🇵🇸	旗: 巴勒斯坦领土
🇵🇹	旗: 葡萄牙
🇵🇼	旗: 帕劳
🇵🇾	旗: 巴拉圭
🇶🇦	旗: 卡塔尔
🇷🇪	旗: 留尼汪
🇷🇴	旗: 罗马尼亚
🇷🇸	旗: 塞尔维亚
🇷🇺	旗: 俄罗斯
🇷🇼	旗: 卢旺达
🇸🇦	旗: 沙特阿拉伯
🇸🇧	旗: 所罗门群岛
🇸🇨	旗: 塞舌尔
🇸🇩	旗: 苏丹
🇸🇪	旗: 瑞典
🇸🇬	旗: 新加坡
🇸🇭	旗: 圣赫勒拿
🇸🇮	旗: 斯洛文尼亚
🇸🇯	旗: 斯瓦尔巴和扬马延
🇸🇰	旗: 斯洛伐克
🇸🇱	旗: 塞拉利昂
🇸🇲	旗: 圣马力诺
🇸🇳	旗: 塞内加尔
🇸🇴	旗: 索马里
🇸🇷	旗: 苏里南
🇸🇸	旗: 南苏丹
🇸🇹	旗: 圣多美和普林西比
🇸🇻	旗: 萨尔瓦多
🇸🇽	旗: 荷属圣马丁
🇸🇾	旗: 叙利亚
🇸🇿	旗: 斯威士兰
🇹🇦	旗: 特里斯坦-达库尼亚群岛
🇹🇨	旗: 特克斯和凯科斯群岛
🇹🇩	旗: 乍得
🇹🇫	旗: 法属南部领地
🇹🇬	旗: 多哥
🇹🇭	旗: 泰国
🇹🇯	旗: 塔吉克斯坦
🇹🇰	旗: 托克劳
🇹🇱	旗: 东帝汶
🇹🇲	旗: 土库曼斯坦
🇹🇳	旗: 突尼斯
🇹🇴	旗: 汤加
🇹🇷	旗: 土耳其
🇹🇹	旗: 特立尼达和多巴哥
🇹🇻	旗: 图瓦卢
🇹🇼	旗: 台湾
🇹🇿	旗: 坦桑尼亚
🇺🇦	旗: 乌克兰
🇺🇬	旗: 乌干达
🇺🇲	旗: 美国本土外小岛屿
🇺🇳	旗: 联合国
🇺🇸	旗: 美国
🇺🇾	旗: 乌拉圭
🇺🇿	旗: 乌兹别克斯坦
🇻🇦	旗: 梵蒂冈
🇻🇨	旗: 圣文森特和格林纳丁斯
🇻🇪	旗: 委内瑞拉
🇻🇬	旗: 英属维尔京群岛
🇻🇮	旗: 美属维尔京群岛
🇻🇳	旗: 越南
🇻🇺	旗: 瓦努阿图
🇼🇫	旗: 瓦利斯和富图纳
🇼🇸	旗: 萨摩亚
🇽🇰	旗: 科索沃
🇾🇪	旗: 也门
🇾🇹	旗: 马约特
🇿🇦	旗: 南非
🇿🇲	旗: 赞比亚
🇿🇼	旗: 津巴布韦
🏴󠁧󠁢󠁥󠁮󠁧󠁿	旗: 英格兰
🏴󠁧󠁢󠁳󠁣󠁴󠁿	旗: 苏格兰
🏴󠁧󠁢󠁷󠁬󠁳󠁿	旗: 威尔士
#️⃣	按键: #
*️⃣	按键: *
0️⃣	按键: 0
1️⃣	按键: 1
2️⃣	按键: 2
3️⃣	按键: 3
4️⃣	按键: 4
5️⃣	按键: 5
6️⃣	按键: 6
7️⃣	按键: 7
8️⃣	按键: 8
9️⃣	按键: 9
🩰	芭蕾舞鞋
🩱	连体泳衣
🩲	三角裤
🩳	短裤
🩴	夹趾凉鞋
🩵	浅蓝色的心
🩶	灰心
🩷	粉红色的心
🩸	血滴
🩹	创可贴
🩺	听诊器
🩻	X射线
🩼	拐杖
🪀	悠悠球
🪁	风筝
🪂	降落伞
🪃	回旋镖
🪄	魔棒
🪅	彩罐
🪆	套娃
🪇	沙球
🪈	长笛
🪉	竖琴
🪏	铲
🪐	有环行星
🪑	椅子
🪒	剃须刀
🪓	斧头
🪔	印度油灯
🪕	班卓琴
🪖	军用头盔
🪗	手风琴
🪘	长鼓
🪙	硬币
🪚	木工锯
🪛	螺丝刀
🪜	梯子
🪝	挂钩
🪞	镜子
🪟	窗户
🪠	活塞
🪡	缝合针
🪢	结
🪣	桶
🪤	捕鼠器
🪥	牙刷
🪦	墓碑
🪧	标语牌
🪨	岩石
🪩	镜球
🪪	身份证
🪫	电池电量不足
🪬	法蒂玛之手
🪭	折扇
🪮	发夹
🪯	坎达
🪰	苍蝇
🪱	蠕虫
🪲	甲虫
🪳	蟑螂
🪴	盆栽植物
🪵	木头
🪶	羽毛
🪷	莲花
🪸	珊瑚
🪹	空巢
🪺	有蛋的巢
🪻	风信子
🪼	水母
🪽	翅膀
🪾	无叶树
🪿	鹅
🫀	心脏器官
🫁	肺
🫂	人的拥抱
🫃	怀孕的男人
🫄	怀孕的人
🫅	戴王冠的人
🫆	指纹
🫎	驼鹿
🫏	驴
🫐	蓝莓
🫑	灯笼椒
🫒	橄榄
🫓	扁面包
🫔	墨西哥粽子
🫕	奶酪火锅
🫖	茶壶
🫗	倾倒液体
🫘	豆
🫙	罐
🫚	姜
🫛	豌豆荚
🫜	根菜
🫟	泼溅
🫠	融化
🫡	致敬
🫢	睁眼捂嘴
🫣	偷看
🫤	郁闷
🫥	虚线脸
🫦	咬住嘴唇
🫧	气泡
🫨	颤抖
🫩	有眼袋
🫰	食指与拇指交叉的手
🫱	向右的手
🫲	向左的手
🫳	掌心向下的手
🫴	掌心向上的手
🫵	指向观察者的食指
🫶	做成心形的双手
🫷	向左推
🫸	向右推
⛓‍💥	断链
❤‍🔥	火上之心
❤‍🩹	修复受伤的心灵
🍄‍🟫	褐色蘑菇
🍋‍🟩	青柠
🏃‍♀‍➡	女生跑步 面向右边
🏃‍♂‍➡	男生跑步 面向右边
🏃‍➡	跑步者 面向右边
🏳‍⚧	跨性别旗
🐈‍⬛	黑猫
🐕‍🦺	服务犬
🐦‍⬛	黑色的鸟
🐦‍🔥	凤凰
🐻‍❄	北极熊
👨‍🍼	哺乳的男人
👨‍🦯	拄盲杖的男人
👨‍🦯‍➡	拄盲杖的男人 面向右边
👨‍🦰	男人 红发
👨‍🦱	男人 卷发
👨‍🦲	男人 秃顶
👨‍🦳	男人 白发
👨‍🦼	坐电动轮椅的男人
👨‍🦼‍➡	坐电动轮椅的男人 面向右边
👨‍🦽	坐手动轮椅的男人
👨‍🦽‍➡	坐手动轮椅的男人 面向右边
👩‍❤‍💋‍👨	亲吻: 女人男人
👨‍❤‍💋‍👨	亲吻: 男人男人
👩‍❤‍💋‍👩	亲吻: 女人女人
👩‍❤‍👨	情侣: 女人男人
👨‍❤‍👨	情侣: 男人男人
👩‍❤‍👩	情侣: 女人女人
👨‍👩‍👦	家庭: 男人女人男孩
👨‍👩‍👧	家庭: 男人女人女孩
👨‍👩‍👧‍👦	家庭: 男人女人女孩男孩
👨‍👩‍👦‍👦	家庭: 男人女人男孩男孩
👨‍👩‍👧‍👧	家庭: 男人女人女孩女孩
👨‍👨‍👦	家庭: 男人男人男孩
👨‍👨‍👧	家庭: 男人男人女孩
👨‍👨‍👧‍👦	家庭: 男人男人女孩男孩
👨‍👨‍👦‍👦	家庭: 男人男人男孩男孩
👨‍👨‍👧‍👧	家庭: 男人男人女孩女孩
👩‍🍼	哺乳的女人
👩‍👩‍👦	家庭: 女人女人男孩
👩‍👩‍👧	家庭: 女人女人女孩
👩‍👩‍👧‍👦	家庭: 女人女人女孩男孩
👩‍👩‍👦‍👦	家庭: 女人女人男孩男孩
👩‍👩‍👧‍👧	家庭: 女人女人女孩女孩
👨‍👦	家庭: 男人男孩
👨‍👦‍👦	家庭: 男人男孩男孩
👨‍👧	家庭: 男人女孩
👨‍👧‍👦	家庭: 男人女孩男孩
👨‍👧‍👧	家庭: 男人女孩女孩
👩‍👦	家庭: 女人男孩
👩‍👦‍👦	家庭: 女人男孩男孩
👩‍👧	家庭: 女人女孩
👩‍👧‍👦	家庭: 女人女孩男孩
👩‍👧‍👧	家庭: 女人女孩女孩
👨‍⚕	男医生
👩‍⚕	女医生
👨‍⚖	男法官
👩‍⚖	女法官
👨‍✈	男飞行员
👩‍✈	女飞行员
👨‍🌾	农夫
👩‍🌾	农妇
👨‍🍳	男厨师
👩‍🍳	女厨师
👨‍🎓	男学生
👩‍🎓	女学生
👨‍🎤	男歌手
👩‍🎤	女歌手
👨‍🎨	男艺术家
👩‍🎨	女艺术家
👨‍🏫	男老师
👩‍🏫	女老师
👨‍🏭	男工人
👩‍🏭	女工人
👨‍💻	男程序员
👩‍💻	女程序员
👨‍💼	男白领
👩‍💼	女白领
👨‍🔧	男技工
👩‍🔧	女技工
👨‍🔬	男科学家
👩‍🔬	女科学家
👨‍🚀	男宇航员
👩‍🚀	女宇航员
👨‍🚒	男消防员
👩‍🚒	女消防员
👩‍🦯	拄盲杖的女人
👩‍🦯‍➡	拄盲杖的女人 面向右边
👩‍🦰	女人 红发
👩‍🦱	女人 卷发
👩‍🦲	女人 秃顶
👩‍🦳	女人 白发
👩‍🦼	坐电动轮椅的女人
👩‍🦼‍➡	坐电动轮椅的女人 面向右边
👩‍🦽	坐手动轮椅的女人
👩‍🦽‍➡	坐手动轮椅的女人 面向右边
👮‍♀	女警察
👮‍♂	男警察
👰‍♀	戴头纱的女人
👰‍♂	戴头纱的男人
👱‍♀	金发女
👱‍♂	金发男
👳‍♀	戴头巾的女人
👳‍♂	戴头巾的男人
👷‍♀	女建筑工人
👷‍♂	男建筑工人
💂‍♀	女卫兵
💂‍♂	男卫兵
🕵️‍♀	女侦探
🕵️‍♂	男侦探
😮‍💨	呼气
😵‍💫	晕
😶‍🌫	迷茫
🙂‍↔	左右摇头
🙂‍↕	上下点头
🚶‍♀‍➡	女行人 面向右边
🚶‍♂‍➡	男行人 面向右边
🚶‍➡	行人 面向右边
🤵‍♀	穿礼服的女人
🤵‍♂	穿礼服的男人
🦸‍♀	女超级英雄
🦸‍♂	男超级英雄
🦹‍♀	女超级大坏蛋
🦹‍♂	男超级大坏蛋
🧍‍♀	站立的女人
🧍‍♂	站立的男人
🧎‍♀	跪下的女人
🧎‍♀‍➡	跪下的女人 面向右边
🧎‍♂	跪下的男人
🧎‍♂‍➡	跪下的男人 面向右边
🧎‍➡	下跪者 面向右边
🧏‍♀	失聪的女人
🧏‍♂	失聪的男人
🧑‍⚕	卫生工作者
🧑‍⚖	法官
🧑‍✈	飞行员
🧑‍🌾	农民
🧑‍🍳	厨师
🧑‍🍼	哺乳的人
🧑‍🎄	圣诞人
🧑‍🎓	学生
🧑‍🎤	歌手
🧑‍🎨	艺术家
🧑‍🏫	老师
🧑‍🏭	工人
🧑‍💻	程序员
🧑‍💼	白领
🧑‍🔧	技工
🧑‍🔬	科学家
🧑‍🚀	宇航员
🧑‍🚒	消防员
🧑‍🤝‍🧑	手拉手的两个人
🧑‍🦯	拄盲杖的人
🧑‍🦯‍➡	拄盲杖的人 面向右边
🧑‍🦰	成人 红发
🧑‍🦱	成人 卷发
🧑‍🦲	成人 秃顶
🧑‍🦳	成人 白发
🧑‍🦼	坐电动轮椅的人
🧑‍🦼‍➡	坐电动轮椅的人 面向右边
🧑‍🦽	坐手动轮椅的人
🧑‍🦽‍➡	坐手动轮椅的人 面向右边
🧑‍🧑‍🧒	一孩家庭
🧑‍🧑‍🧒‍🧒	二孩家庭
🧑‍🧒	单亲一孩家庭
🧑‍🧒‍🧒	单亲二孩家庭
🧑‍🩰	芭蕾舞者
🧔‍♀	有络腮胡子的女人
🧔‍♂	有络腮胡子的男人
🧙‍♀	女法师
🧙‍♂	男法师
🧚‍♀	仙女
🧚‍♂	仙人
🧛‍♀	女吸血鬼
🧛‍♂	男吸血鬼
🧜‍♀	美人鱼
🧜‍♂	男人鱼
🧝‍♀	女小精灵
🧝‍♂	男小精灵
🧞‍♀	女妖怪
🧞‍♂	男妖怪
🧟‍♀	女僵尸
🧟‍♂	男僵尸
⛹‍♀	女生玩球
⛹‍♂	男生玩球
🏃‍♀	女生跑步
🏃‍♂	男生跑步
🏄‍♀	女生冲浪
🏄‍♂	男生冲浪
🏊‍♀	女生游泳
🏊‍♂	男生游泳
🏋️‍♀	女生举重
🏋️‍♂	男生举重
🏌️‍♀	女生打高尔夫
🏌️‍♂	男生打高尔夫
👯‍♀	女生派对
👯‍♂	男生派对
💆‍♀	女生按摩
💆‍♂	男生按摩
💇‍♀	女生理发
💇‍♂	男生理发
🚣‍♀	女生划船
🚣‍♂	男生划船
🚴‍♀	女生骑车
🚴‍♂	男生骑车
🚵‍♀	女生骑山地车
🚵‍♂	男生骑山地车
🚶‍♀	女行人
🚶‍♂	男行人
🤸‍♀	女生侧手翻
🤸‍♂	男生侧手翻
🤹‍♀	女生抛接杂耍
🤹‍♂	男生抛接杂耍
🤼‍♀	女生摔跤
🤼‍♂	男生摔跤
🤽‍♀	女生玩水球
🤽‍♂	男生玩水球
🤾‍♀	女生玩手球
🤾‍♂	男生玩手球
🧖‍♀	蒸房里的女人
🧖‍♂	蒸房里的男人
🧗‍♀	攀爬的女人
🧗‍♂	攀爬的男人
🧘‍♀	盘腿的女人
🧘‍♂	盘腿的男人
💁‍♀	前台女
💁‍♂	前台男
🙅‍♀	禁止手势女
🙅‍♂	禁止手势男
🙆‍♀	ok手势女
🙆‍♂	ok手势男
🙇‍♀	女生鞠躬
🙇‍♂	男生鞠躬
🙋‍♀	女生举手
🙋‍♂	男生举手
🙍‍♀	皱眉女
🙍‍♂	皱眉男
🙎‍♀	撅嘴女
🙎‍♂	撅嘴男
🤦‍♀	女生捂脸
🤦‍♂	男生捂脸
🤷‍♀	女生耸肩
🤷‍♂	男生耸肩
🏳‍🌈	彩虹旗
🏴‍☠	海盗旗
👁‍🗨	眼睛对话框
