©	símbolo de copyright
®	símbolo de marca registrada
‼	exclamación doble
⁄	barra de fracción
⁉	exclamación e interrogación
⁻	menos en superíndice
₡	colón
₢	cruceiro
₣	franco francés
₤	lira
₥	milésimo
₦	naira
₧	peseta
₨	rupia
₪	nuevo séquel israelí
₫	dong vietnamita
€	euro
₭	kip laosiano
₮	tugrik
₰	penique alemán
₱	peso filipino
₲	guaraní
₳	austral
₴	grivna ucraniana
₵	cedi ghanés
₶	libra tornesa
₷	spesmilo
₸	tengue kazajo
₹	rupia india
₺	lira turca
₼	manat azerbaiyano
₽	rublo
₾	lari georgiano
₿	bitcóin
℗	copyright de grabación de sonido
™	símbolo de marca comercial
ℹ	información
←	flecha apuntando hacia la izquierda
↑	flecha apuntando hacia arriba
→	flecha apuntando hacia la derecha
↓	flecha apuntando hacia abajo
↔	flecha izquierda y derecha
↕	flecha arriba y abajo
↖	flecha hacia la esquina superior izquierda
↗	flecha hacia la esquina superior derecha
↘	flecha hacia la esquina inferior derecha
↙	flecha hacia la esquina inferior izquierda
↚	flecha hacia la izquierda tachada
↛	flecha hacia la derecha tachada
↜	flecha de onda hacia la izquierda
↝	flecha de onda hacia la derecha
↞	flecha de doble punta hacia la izquierda
↟	flecha de doble punta hacia arriba
↠	flecha de doble punta hacia la derecha
↡	flecha de doble punta hacia abajo
↢	flecha hacia la izquierda con cola
↣	flecha hacia la derecha con cola
↤	flecha hacia la izquierda desde barra
↥	flecha hacia arriba desde barra
↦	flecha hacia la derecha desde barra
↧	flecha hacia abajo desde barra
↨	flecha arriba abajo con base
↩	flecha derecha curvándose a la izquierda
↪	flecha izquierda curvándose a la derecha
↫	flecha hacia la izquierda con bucle
↬	flecha hacia la derecha con bucle
↭	flecha de onda hacia la izquierda y la derecha
↮	flecha hacia la izquierda y la derecha tachada
↯	flecha en zigzag hacia abajo
↰	flecha hacia arriba con punta hacia la izquierda
↱	flecha hacia arriba con punta hacia la derecha
↲	flecha hacia abajo con punta hacia la izquierda
↳	flecha hacia abajo con punta hacia la derecha
↴	flecha hacia la derecha con ángulo hacia abajo
↵	flecha hacia abajo con ángulo hacia la izquierda
↶	flecha en semicírculo superior hacia la izquierda
↷	flecha en semicírculo superior hacia la derecha
↸	flecha hacia el noroeste con barra larga
↹	flecha hacia la izquierda con barra sobre flecha hacia la derecha con barra
↺	círculo abierto con flecha en sentido antihorario
↻	círculo abierto con flecha en sentido horario
↼	arpón hacia la izquierda con la punta hacia arriba
↽	arpón hacia la izquierda con la punta hacia abajo
↾	arpón hacia arriba con la punta hacia la derecha
↿	arpón hacia arriba con la punta hacia la izquierda
⇀	arpón hacia la derecha con la punta hacia arriba
⇁	arpón hacia la derecha con la punta hacia abajo
⇂	arpón hacia abajo con la punta hacia la derecha
⇃	arpón hacia abajo con la punta hacia la izquierda
⇄	flecha hacia la derecha sobre flecha hacia la izquierda
⇅	flechas apuntando arriba y abajo
⇆	flechas apuntando izquierda sobre derecha
⇇	pareja de flechas hacia la izquierda
⇈	pareja de flechas hacia arriba
⇉	pareja de flechas hacia la derecha
⇊	pareja de flechas hacia abajo
⇋	arpón hacia la izquierda sobre arpón hacia la derecha
⇌	arpón hacia la derecha sobre arpón hacia la izquierda
⇍	flecha doble hacia la izquierda tachada
⇎	flecha doble hacia la izquierda y la derecha tachada
⇏	flecha doble hacia la derecha tachada
⇐	flecha doble hacia la izquierda
⇑	flecha doble hacia arriba
⇒	flecha doble hacia la derecha
⇓	flecha doble hacia abajo
⇔	flecha doble hacia la izquierda y la derecha
⇖	flecha doble hacia el noroeste
⇗	flecha doble hacia el nordeste
⇘	flecha doble hacia sudeste
⇙	flecha doble hacia el sudoeste
⇚	flecha triple hacia la izquierda
⇛	flecha triple hacia la derecha
⇜	flecha ondulada hacia la izquierda
⇝	flecha ondulada hacia la derecha
⇞	flecha hacia arriba con doble tachado
⇟	flecha hacia abajo con doble tachado
⇠	flecha discontinua hacia la izquierda
⇡	flecha discontinua hacia arriba
⇢	flecha discontinua hacia la derecha
⇣	flecha discontinua hacia abajo
⇤	flecha hacia la izquierda con barra
⇥	flecha hacia la derecha con barra
⇦	flecha hueca hacia la izquierda
⇧	flecha hueca hacia arriba
⇨	flecha hueca hacia la derecha
⇩	flecha hueca hacia abajo
⇪	flecha hueca hacia arriba desde barra
⇵	flecha hacia abajo a la izquierda de flecha hacia arriba
∀	para todo
∂	derivada parcial
∃	existe
∅	conjunto vacío
∆	incremento
∇	nabla
∈	elemento de
∉	no es elemento
∋	contiene como miembro
∎	fin de la prueba
∏	producto n-ario
∑	sumatoria
−	signo menos
∓	menos o más
∕	barra de división
∗	operador de asterisco
∘	operador de anillo
∙	operador de bolo
√	raíz cuadrada
∝	proporcional
∞	signo de infinito
∟	ángulo recto
∠	ángulo
∣	divide
∥	paralelo
∧	y lógica
∩	intersección
∪	unión
∫	integral
∬	doble integral
∮	integral de contorno
∴	conclusión
∵	porque
∶	razón
∷	proporción
∼	operador de virgulilla
∽	virgulilla inversa
∾	s invertida horizontal
≃	asintóticamente igual a
≅	aproximadamente igual a
≈	casi igual
≌	todo igual
≒	aproximadamente igual o la imagen de
≖	anillo en igual a
≠	distinto de
≡	equivalente a
≣	estrictamente equivalente
≤	menor que o igual
≥	mayor que o igual
≦	menor que sobre igual
≧	mayor que sobre igual
≪	mucho menor que
≫	mucho mayor que
≬	entre
≮	no menor que
≯	no mayor que
≳	equivalente mayor que
≺	precede
≻	sucede
⊁	no sucede
⊂	subconjunto de
⊃	superconjunto de
⊆	subconjunto igual a
⊇	superconjunto igual a
⊕	más dentro de círculo
⊖	menos dentro de círculo
⊗	por dentro de círculo
⊘	barra de división dentro de círculo
⊙	operador de punto dentro de círculo
⊚	operador de anillo dentro de círculo
⊛	operador de asterisco dentro de círculo
⊞	más dentro de cuadrado
⊟	menos dentro de cuadrado
⊥	tachuela hacia arriba
⊮	no fuerza
⊰	precede en relación
⊱	sucede en relación
⊹	matriz conjugada hermitiana
⊿	triángulo rectángulo
⋁	o lógica n-aria
⋂	intersección n-aria
⋃	unión n-aria
⋅	operador de punto
⋆	operador de estrella
⋈	unión natural
⋒	doble intersección
⋘	mucho mucho menor que
⋙	mucho mucho mayor que
⋭	no contiene como subgrupo normal o igual a
⋮	puntos suspensivos verticales
⋯	puntos suspensivos horizontales
⋰	puntos suspensivos diagonales hacia arriba a la derecha
⋱	puntos suspensivos diagonales hacia abajo a la derecha
⌚	reloj
⌛	reloj de arena sin tiempo
⌨	teclado
⏏	expulsar
⏩	avance rápido
⏪	rebobinado
⏫	triángulo doble hacia arriba
⏬	triángulo doble hacia abajo
⏭	pista siguiente
⏮	pista anterior
⏯	reproducir o pausa
⏰	reloj despertador
⏱	cronómetro
⏲	temporizador
⏳	reloj de arena con tiempo
⏸	pausa
⏹	detener
⏺	grabar
Ⓜ	m en círculo
■	cuadrado relleno
□	cuadrado hueco
▢	cuadrado hueco con esquinas redondeadas
▣	cuadrado hueco con cuadrado relleno dentro
▤	cuadrado con relleno de rayas horizontales
▥	cuadrado con relleno de rayas verticales
▦	cuadrado con relleno de cuadrícula ortogonal
▧	cuadrado con relleno de rayas desde arriba a la izquierda hasta abajo a la derecha
▨	cuadrado con relleno de rayas desde arriba a la derecha hasta abajo a la izquierda
▩	cuadrado con relleno de cuadrícula en diagonal
▪	cuadrado negro pequeño
▫	cuadrado blanco pequeño
▬	rectángulo relleno
▭	rectángulo hueco
▮	rectángulo vertical relleno
▰	paralelogramo relleno
▲	triángulo relleno apuntando hacia arriba
△	triángulo hueco que apunta hacia arriba
▴	triángulo pequeño relleno que apunta hacia arriba
▵	triángulo pequeño hueco que apunta hacia arriba
▶	reproducir
▷	triángulo hueco que apunta hacia la derecha
▸	triángulo pequeño relleno que apunta hacia la derecha
▹	triángulo pequeño hueco que apunta hacia la derecha
►	puntero relleno que apunta hacia la derecha
▻	puntero hueco que apunta hacia la derecha
▼	triángulo relleno apuntando hacia abajo
▽	triángulo hueco que apunta hacia abajo
▾	triángulo relleno pequeño que apunta hacia abajo
▿	triángulo hueco pequeño que apunta hacia abajo
◀	retroceso
◁	triángulo hueco que apunta hacia la izquierda
◂	triángulo relleno pequeño que apunta hacia la izquierda
◃	triángulo hueco pequeño que apunta hacia la izquierda
◄	puntero relleno que apunta hacia la izquierda
◅	puntero hueco que apunta hacia la izquierda
◆	rombo relleno
◇	rombo hueco
◈	rombo hueco con rombo relleno dentro
◉	círculo hueco con círculo relleno dentro
◊	rombo
○	círculo hueco
◌	círculo punteado
◍	círculo con relleno vertical
◎	círculos concéntricos
●	círculo relleno
◐	círculo con la mitad izquierda rellena
◑	círculo con la mitad derecha rellena
◒	círculo con la mitad inferior rellena
◓	círculo con la mitad superior rellena
◔	círculo con el cuadrante superior derecho relleno
◕	círculo relleno excepto el cuadrante superior izquierdo
◖	semicírculo izquierdo relleno
◗	semicírculo derecho relleno
◘	bolo inverso
◙	cuadrado relleno con círculo hueco dentro
◜	arco de cuadrante superior izquierdo de círculo
◝	arco de cuadrante superior derecho de círculo
◞	arco de cuadrante inferior derecho de círculo
◟	arco de cuadrante inferior izquierdo de círculo
◠	semicírculo superior
◡	semicírculo inferior
◢	triángulo inferior derecho relleno
◣	triángulo inferior izquierdo relleno
◤	triángulo superior izquierdo relleno
◥	triángulo superior derecho relleno
◦	bolo hueco
◯	círculo hueco grande
◳	cuadrante superior derecho en cuadrado hueco
◷	cuadrante superior derecho en círculo hueco
◻	cuadrado blanco mediano
◼	cuadrado negro mediano
◽	cuadrado blanco mediano-pequeño
◾	cuadrado negro mediano-pequeño
◿	triángulo inferior derecho
☀	sol
☁	nube
☂	paraguas
☃	muñeco de nieve con nieve
☄	cometa
☎	teléfono
☑	verificación en un recuadro
☔	paraguas con gotas de lluvia
☕	bebida caliente
☘	trébol
☝	dedo índice hacia arriba
☠	calavera y huesos cruzados
☢	radiactivo
☣	riesgo biológico
☦	cruz ortodoxa
☪	media luna y estrella
☮	símbolo de la paz
☯	yin yang
☸	rueda del dharma
☹	cara con el ceño fruncido
☺	cara sonriente
♀	signo femenino
♂	signo masculino
♈	Aries
♉	Tauro
♊	Géminis
♋	Cáncer
♌	Leo
♍	Virgo
♎	Libra
♏	Escorpio
♐	Sagitario
♑	Capricornio
♒	Acuario
♓	Piscis
♟	peón de ajedrez
♠	palo de picas
♣	palo de tréboles
♥	palo de corazones
♦	palo de diamantes
♨	aguas termales
♪	corchea
♭	bemol
♯	sostenido
♻	símbolo de reciclaje
♾	infinito
♿	símbolo de silla de ruedas
⚒	martillo y pico
⚓	ancla
⚔	espadas cruzadas
⚕	símbolo de medicina
⚖	balanza
⚗	alambique
⚙	engranaje
⚛	símbolo de átomo
⚜	flor de lis
⚠	advertencia
⚡	alto voltaje
⚧	símbolo de transgénero
⚪	círculo blanco
⚫	círculo negro
⚰	ataúd
⚱	urna funeraria
⚽	balón de fútbol
⚾	béisbol
⛄	muñeco de nieve
⛅	sol detrás de una nube
⛈	nube con rayo y lluvia
⛎	Ofiuco
⛏	pico
⛑	casco con una cruz blanca
⛓	cadenas
⛔	dirección prohibida
⛩	santuario sintoísta
⛪	iglesia
⛰	montaña
⛱	sombrilla en la arena
⛲	fuente
⛳	banderín en hoyo
⛴	ferri
⛵	barco de vela
⛷	esquiador
⛸	patín de hielo
⛹	persona botando un balón
⛺	tienda de campaña
⛽	surtidor de gasolina
✂	tijeras
✅	marca de verificación blanca
✈	avión
✉	sobre
✊	puño en alto
✋	mano levantada
✌	mano con señal de victoria
✍	mano escribiendo
✏	lápiz
✒	pluma negra
✔	marca de verificación negra
✖	X de multiplicación
✝	cruz latina
✡	estrella de David
✨	chispas
✳	asterisco de ocho puntas
✴	estrella de ocho puntas
❄	copo de nieve
❇	chispa
❌	marca de cruz
❎	marca de cruz en un cuadrado
❓	interrogación roja
❔	interrogación blanca
❕	exclamación blanca
❗	exclamación roja
❣	exclamación de corazón
❤	corazón rojo
➕	signo más
➖	signo menos
➗	signo de división
➡	flecha hacia la derecha
➰	bucle
➿	bucle doble
⤴	flecha derecha curvándose hacia arriba
⤵	flecha derecha curvándose hacia abajo
⨧	más subíndice dos
⨯	vector o producto cruzado
⨼	producto interior
⩣	lógica o doble barra inferior
⩽	menor que o igual con barra inclinada
⪍	menor que sobre igual o similar
⪚	doble línea sobre mayor que
⪺	sucede sobre signo de no casi igual
⬅	flecha hacia la izquierda
⬆	flecha hacia arriba
⬇	flecha hacia abajo
⬛	cuadrado negro grande
⬜	cuadrado blanco grande
⭐	estrella blanca mediana
⭕	círculo rojo
〰	guion ondulado
〽	marca de alternancia
㊗	ideograma japonés para enhorabuena
㊙	ideograma japonés para secreto
﷼	rial
🅰	grupo sanguíneo A
🅱	grupo sanguíneo B
🅾	grupo sanguíneo tipo O
🅿	aparcamiento
🆎	grupo sanguíneo AB
🆑	borrar
🆒	botón COOL
🆓	botón FREE
🆔	símbolo de identificación
🆕	botón NEW
🆖	botón NG
🆗	botón OK
🆘	símbolo de socorro
🆙	botón UP!
🆚	botón VS
🇨🇶	Sark
🈁	ideograma japonés para aquí
🈂	ideograma japonés para de cortesía
🈚	ideograma japonés para gratis
🈯	ideograma japonés para reservado
🈲	ideograma japonés para prohibido
🈳	ideograma japonés para vacante
🈴	ideograma japonés para aprobado
🈵	ideograma japonés para completo
🈶	ideograma japonés para de pago
🈷	ideograma japonés para cantidad mensual
🈸	ideograma japonés para aplicación
🈹	ideograma japonés para descuento
🈺	ideograma japonés para abierto
🉐	ideograma japonés para ganga
🉑	ideograma japonés para aceptable
🀄	dragón rojo de mahjong
🃏	comodín
🌀	ciclón
🌁	bruma
🌂	paraguas cerrado
🌃	noche estrellada
🌄	amanecer sobre montañas
🌅	amanecer
🌆	ciudad al atardecer
🌇	puesta del sol
🌈	arcoíris
🌉	puente de noche
🌊	ola de mar
🌋	volcán
🌌	Vía Láctea
🌍	globo terráqueo mostrando Europa y África
🌎	globo terráqueo mostrando América
🌏	globo terráqueo mostrando Asia y Australia
🌐	globo terráqueo con meridianos
🌑	luna nueva
🌒	luna creciente
🌓	luna en cuarto creciente
🌔	luna gibosa creciente
🌕	luna llena
🌖	luna gibosa menguante
🌗	luna en cuarto menguante
🌘	luna menguante
🌙	luna
🌚	luna nueva con cara
🌛	luna de cuarto creciente con cara
🌜	luna de cuarto menguante con cara
🌝	luna llena con cara
🌞	sol con cara
🌟	estrella brillante
🌠	estrella fugaz
🌡	termómetro
🌤	sol detrás de una nube pequeña
🌥	sol detrás de una nube grande
🌦	sol detrás de una nube con lluvia
🌧	nube con lluvia
🌨	nube con nieve
🌩	nube con rayo
🌪	tornado
🌫	niebla
🌬	cara de viento
🌭	perrito caliente
🌮	taco
🌯	burrito
🌰	castaña
🌱	planta joven
🌲	árbol de hoja perenne
🌳	árbol de hoja caduca
🌴	palmera
🌵	cactus
🌶	chile picante
🌷	tulipán
🌸	flor de cerezo
🌹	rosa
🌺	flor de hibisco
🌻	girasol
🌼	flor
🌽	espiga de maíz
🌾	espiga de arroz
🌿	hierba
🍀	trébol de cuatro hojas
🍁	hoja de arce
🍂	hojas caídas
🍃	hojas revoloteando al viento
🍄	champiñón
🍅	tomate
🍆	berenjena
🍇	uvas
🍈	melón
🍉	sandía
🍊	mandarina
🍋	limón
🍌	plátano
🍍	piña
🍎	manzana roja
🍏	manzana verde
🍐	pera
🍑	melocotón
🍒	cerezas
🍓	fresa
🍔	hamburguesa
🍕	pizza
🍖	carne con hueso
🍗	muslo de pollo
🍘	galleta de arroz
🍙	bola de arroz
🍚	arroz cocido
🍛	arroz con curry
🍜	tazón de fideos
🍝	espagueti
🍞	pan de molde
🍟	patatas fritas
🍠	patata asada
🍡	dango
🍢	brocheta
🍣	sushi
🍤	gamba frita
🍥	pastel de pescado japonés
🍦	cucurucho de helado
🍧	granizado hawaiano
🍨	helado
🍩	dónut
🍪	galleta
🍫	tableta de chocolate
🍬	caramelo
🍭	piruleta
🍮	flan
🍯	tarro de miel
🍰	trozo de tarta
🍱	caja de bento
🍲	olla de comida
🍳	cocinar
🍴	tenedor y cuchillo
🍵	tazón de té
🍶	sake
🍷	copa de vino
🍸	copa de cóctel
🍹	bebida tropical
🍺	jarra de cerveza
🍻	jarras de cerveza brindando
🍼	biberón
🍽	cuchillo y tenedor con un plato
🍾	botella descorchada
🍿	palomitas
🎀	lazo
🎁	regalo
🎂	tarta de cumpleaños
🎃	calabaza de Halloween
🎄	árbol de Navidad
🎅	Papá Noel
🎆	fuegos artificiales
🎇	bengala
🎈	globo
🎉	cañón de confeti
🎊	bola de confeti
🎋	árbol de tanabata
🎌	banderas cruzadas
🎍	decoración de pino
🎎	muñecas japonesas
🎏	banderín de carpas
🎐	campanilla de viento
🎑	ceremonia de contemplación de la luna
🎒	mochila escolar
🎓	birrete
🎖	medalla militar
🎗	lazo conmemorativo
🎙	micrófono de estudio
🎚	control de volumen
🎛	ruedas de control
🎞	fotograma de película
🎟	entrada
🎠	caballo de tiovivo
🎡	noria de feria
🎢	montaña rusa
🎣	caña de pescar
🎤	micrófono
🎥	cámara de cine
🎦	película
🎧	auricular
🎨	paleta de pintor
🎩	sombrero de copa
🎪	carpa de circo
🎫	tique
🎬	claqueta
🎭	máscaras de teatro
🎮	mando de videoconsola
🎯	diana
🎰	máquina tragaperras
🎱	bola negra de billar
🎲	dado
🎳	bolos
🎴	cartas de flores
🎵	nota musical
🎶	notas musicales
🎷	saxofón
🎸	guitarra
🎹	teclado musical
🎺	trompeta
🎻	violín
🎼	pentagrama
🎽	camiseta sin mangas
🎾	pelota de tenis
🎿	esquís
🏀	balón de baloncesto
🏁	bandera de cuadros
🏂	practicante de snowboard
🏃	persona corriendo
🏄	persona haciendo surf
🏅	medalla deportiva
🏆	trofeo
🏇	carrera de caballos
🏈	balón de fútbol americano
🏉	balón de rugby
🏊	persona nadando
🏋	persona levantando pesas
🏌	golfista
🏍	moto
🏎	coche de carreras
🏏	críquet
🏐	voleibol
🏑	hockey sobre hierba
🏒	hockey sobre hielo
🏓	tenis de mesa
🏔	montaña con nieve
🏕	camping
🏖	playa y sombrilla
🏗	construcción
🏘	casas
🏙	paisaje urbano
🏚	casa abandonada
🏛	edificio clásico
🏜	desierto
🏝	isla desierta
🏞	parque nacional
🏟	estadio
🏠	casa
🏡	casa con jardín
🏢	edificio de oficinas
🏣	oficina de correos japonesa
🏤	oficina de correos europea
🏥	hospital
🏦	banco
🏧	señal de cajero automático
🏨	hotel
🏩	hotel del amor
🏪	tienda de veinticuatro horas
🏫	edificio de colegio
🏬	grandes almacenes
🏭	fábrica
🏮	lámpara japonesa
🏯	castillo japonés
🏰	castillo europeo
🏳	bandera blanca
🏴	bandera negra
🏵	roseta
🏷	etiqueta
🏸	bádminton
🏹	arco y flecha
🏺	ánfora
🏻	tono de piel claro
🏼	tono de piel claro medio
🏽	tono de piel medio
🏾	tono de piel oscuro medio
🏿	tono de piel oscuro
🐀	rata
🐁	ratón
🐂	buey
🐃	búfalo de agua
🐄	vaca
🐅	tigre
🐆	leopardo
🐇	conejo
🐈	gato
🐉	dragón
🐊	cocodrilo
🐋	ballena
🐌	caracol
🐍	serpiente
🐎	caballo
🐏	carnero
🐐	cabra
🐑	oveja
🐒	mono
🐓	gallo
🐔	gallina
🐕	perro
🐖	cerdo
🐗	jabalí
🐘	elefante
🐙	pulpo
🐚	concha de mar
🐛	insecto
🐜	hormiga
🐝	abeja
🐞	mariquita
🐟	pez
🐠	pez tropical
🐡	pez globo
🐢	tortuga
🐣	pollito rompiendo el cascarón
🐤	pollito
🐥	pollito de frente
🐦	pájaro
🐧	pingüino
🐨	koala
🐩	caniche
🐪	dromedario
🐫	camello
🐬	delfín
🐭	cara de ratón
🐮	cara de vaca
🐯	cara de tigre
🐰	cara de conejo
🐱	cara de gato
🐲	cara de dragón
🐳	ballena soltando un chorro
🐴	cara de caballo
🐵	cara de mono
🐶	cara de perro
🐷	cara de cerdo
🐸	cara de rana
🐹	cara de hámster
🐺	cara de lobo
🐻	cara de oso
🐼	cara de oso panda
🐽	nariz de cerdo
🐾	huellas de pezuñas
🐿	ardilla
👀	ojos
👁	ojo
👂	oreja
👃	nariz
👄	boca
👅	lengua
👆	dorso de mano con índice hacia arriba
👇	dorso de mano con índice hacia abajo
👈	dorso de mano con índice a la izquierda
👉	dorso de mano con índice a la derecha
👊	puño cerrado
👋	mano saludando
👌	señal de aprobación con la mano
👍	pulgar hacia arriba
👎	pulgar hacia abajo
👏	manos aplaudiendo
👐	manos abiertas
👑	corona
👒	sombrero de mujer
👓	gafas
👔	corbata
👕	camiseta
👖	vaqueros
👗	vestido
👘	kimono
👙	bikini
👚	ropa de mujer
👛	monedero
👜	bolso
👝	bolso de mano
👞	zapato de hombre
👟	zapatilla deportiva
👠	zapato de tacón
👡	sandalia de mujer
👢	bota de mujer
👣	huellas de pies
👤	silueta de busto
👥	dos siluetas de bustos
👦	niño
👧	niña
👨	hombre
👩	mujer
👪	familia
👫	hombre y mujer de la mano
👬	dos hombres de la mano
👭	dos mujeres de la mano
👮	agente de policía
👯	personas con orejas de conejo
👰	novia con velo
👱	persona adulta rubia
👲	hombre con gorro chino
👳	persona con turbante
👴	anciano
👵	anciana
👶	bebé
👷	obrero
👸	princesa
👹	demonio japonés oni
👺	demonio japonés tengu
👻	fantasma
👼	bebé ángel
👽	alienígena
👾	monstruo alienígena
👿	cara enfadada con cuernos
💀	calavera
💁	persona de mostrador de información
💂	guardia
💃	mujer bailando
💄	pintalabios
💅	pintarse las uñas
💆	persona recibiendo masaje
💇	persona cortándose el pelo
💈	poste de barbero
💉	jeringuilla
💊	píldora
💋	marca de beso
💌	carta de amor
💍	anillo
💎	piedra preciosa
💏	beso
💐	ramo de flores
💑	hombre y mujer enamorados
💒	iglesia celebrando boda
💓	corazón latiendo
💔	corazón roto
💕	dos corazones
💖	corazón brillante
💗	corazón creciente
💘	corazón con flecha
💙	corazón azul
💚	corazón verde
💛	corazón amarillo
💜	corazón morado
💝	corazón con lazo
💞	corazones giratorios
💟	adorno de corazón
💠	rombo con pétalo
💡	bombilla
💢	símbolo de enfado
💣	bomba
💤	símbolo de sueño
💥	colisión
💦	gotas de sudor
💧	gota
💨	salir corriendo
💩	caca con ojos
💪	bíceps flexionado
💫	símbolo de mareo
💬	bocadillo de diálogo
💭	bocadillo de pensamiento
💮	flor blanca
💯	cien puntos
💰	bolsa de dinero
💱	cambio de divisas
💲	símbolo de dólar
💳	tarjeta de crédito
💴	billete de yen
💵	billete de dólar
💶	billete de euro
💷	billete de libra
💸	billete con alas
💹	mercado al alza
💺	asiento de transporte
💻	ordenador portátil
💼	maletín
💽	minidisc
💾	disquete
💿	disco óptico
📀	disco DVD
📁	carpeta de archivos
📂	carpeta de archivos abierta
📃	página doblada
📄	página hacia arriba
📅	calendario
📆	calendario recortable
📇	organizador de fichas
📈	gráfica de evolución ascendente
📉	gráfica de evolución descendente
📊	gráfico de barras
📋	portapapeles
📌	chincheta
📍	chincheta redonda
📎	clip
📏	regla
📐	escuadra
📑	marcadores
📒	libro de contabilidad
📓	cuaderno
📔	cuaderno con tapa decorativa
📕	libro cerrado
📖	libro abierto
📗	libro verde
📘	libro azul
📙	libro naranja
📚	libros
📛	etiqueta identificativa
📜	pergamino
📝	cuaderno de notas
📞	auricular de teléfono
📟	busca
📠	máquina de fax
📡	antena de satélite
📢	altavoz de mano
📣	megáfono
📤	bandeja de salida
📥	bandeja de entrada
📦	paquete
📧	correo electrónico
📨	sobre entrante
📩	sobre con flecha
📪	buzón cerrado con la bandera bajada
📫	buzón cerrado con la bandera levantada
📬	buzón abierto con la bandera levantada
📭	buzón abierto con la bandera bajada
📮	buzón
📯	corneta de posta
📰	periódico
📱	teléfono móvil
📲	móvil con una flecha
📳	modo vibración
📴	teléfono móvil apagado
📵	prohibido el uso de móviles
📶	barras de cobertura
📷	cámara de fotos
📸	cámara con flash
📹	videocámara
📺	televisión
📻	radio
📼	cinta de vídeo
📽	proyector de cine
📿	rosario
🔀	reproducción aleatoria
🔁	repetir
🔂	repetir una vez
🔃	flechas verticales en sentido horario
🔄	flechas en sentido antihorario
🔅	brillo bajo
🔆	brillo alto
🔇	altavoz silenciado
🔈	altavoz a volumen bajo
🔉	altavoz a volumen medio
🔊	altavoz a volumen alto
🔋	pila
🔌	enchufe eléctrico
🔍	lupa orientada hacia la izquierda
🔎	lupa orientada hacia la derecha
🔏	candado con pluma estilográfica
🔐	candado cerrado y llave
🔑	llave
🔒	candado cerrado
🔓	candado abierto
🔔	campana
🔕	campana con signo de cancelación
🔖	marcapáginas
🔗	eslabón
🔘	botón de opción
🔙	flecha BACK
🔚	flecha END
🔛	flecha ON!
🔜	flecha SOON
🔝	flecha TOP
🔞	prohibido para menores de dieciocho años
🔟	tecla del diez
🔠	letras latinas mayúsculas
🔡	letras latinas minúsculas
🔢	números
🔣	símbolos
🔤	alfabeto latino
🔥	fuego
🔦	linterna
🔧	llave inglesa
🔨	martillo
🔩	tornillo y tuerca
🔪	cuchillo de cocina
🔫	pistola
🔬	microscopio
🔭	telescopio
🔮	bola de cristal
🔯	estrella de seis puntas
🔰	símbolo japonés para principiante
🔱	emblema de tridente
🔲	botón cuadrado con borde negro
🔳	botón cuadrado con borde blanco
🔴	círculo rojo grande
🔵	círculo azul grande
🔶	rombo naranja grande
🔷	rombo azul grande
🔸	rombo naranja pequeño
🔹	rombo azul pequeño
🔺	triángulo rojo hacia arriba
🔻	triángulo rojo hacia abajo
🔼	triángulo hacia arriba
🔽	triángulo hacia abajo
🕉	om
🕊	paloma
🕋	Kaaba
🕌	mezquita
🕍	sinagoga
🕎	menorá
🕐	una en punto
🕑	dos en punto
🕒	tres en punto
🕓	cuatro en punto
🕔	cinco en punto
🕕	seis en punto
🕖	siete en punto
🕗	ocho en punto
🕘	nueve en punto
🕙	diez en punto
🕚	once en punto
🕛	doce en punto
🕜	una y media
🕝	dos y media
🕞	tres y media
🕟	cuatro y media
🕠	cinco y media
🕡	seis y media
🕢	siete y media
🕣	ocho y media
🕤	nueve y media
🕥	diez y media
🕦	once y media
🕧	doce y media
🕯	vela
🕰	reloj de sobremesa
🕳	agujero
🕴	hombre trajeado levitando
🕵	detective
🕶	gafas de sol
🕷	araña
🕸	tela de araña
🕹	joystick
🕺	hombre bailando
🖇	clips unidos
🖊	bolígrafo
🖋	pluma
🖌	pincel
🖍	lápiz de cera
🖐	mano abierta
🖕	dedo corazón hacia arriba
🖖	saludo vulcano
🖤	corazón negro
🖥	ordenador de sobremesa
🖨	impresora
🖱	ratón de ordenador
🖲	bola de desplazamiento
🖼	cuadro enmarcado
🗂	separador de fichas
🗃	archivador de tarjetas
🗄	archivador
🗑	papelera
🗒	bloc de notas de espiral
🗓	calendario de espiral
🗜	tornillo de banco
🗝	llave antigua
🗞	periódico enrollado
🗡	puñal
🗣	cabeza parlante
🗨	bocadillo de diálogo por la izquierda
🗯	bocadillo de enfado por la derecha
🗳	urna con papeleta
🗺	mapa mundial
🗻	monte Fuji
🗼	Torre de Tokio
🗽	Estatua de la Libertad
🗾	mapa de Japón
🗿	estatua moái
😀	cara sonriendo
😁	cara radiante con ojos sonrientes
😂	cara llorando de risa
😃	cara sonriendo con ojos grandes
😄	cara sonriendo con ojos sonrientes
😅	cara sonriendo con sudor frío
😆	cara sonriendo con los ojos cerrados
😇	cara sonriendo con aureola
😈	cara sonriendo con cuernos
😉	cara guiñando el ojo
😊	cara feliz con ojos sonrientes
😋	cara saboreando comida
😌	cara de alivio
😍	cara sonriendo con ojos de corazón
😎	cara sonriendo con gafas de sol
😏	cara sonriendo con superioridad
😐	cara neutral
😑	cara sin expresión
😒	cara de desaprobación
😓	cara con sudor frío
😔	cara desanimada
😕	cara de confusión
😖	cara de frustración
😗	cara besando
😘	cara lanzando un beso
😙	cara besando con ojos sonrientes
😚	cara besando con los ojos cerrados
😛	cara sacando la lengua
😜	cara sacando la lengua y guiñando un ojo
😝	cara con ojos cerrados y lengua fuera
😞	cara decepcionada
😟	cara preocupada
😠	cara enfadada
😡	cara cabreada
😢	cara llorando
😣	cara desesperada
😤	cara resoplando
😥	cara triste pero aliviada
😦	cara con el ceño fruncido y la boca abierta
😧	cara angustiada
😨	cara asustada
😩	cara agotada
😪	cara de sueño
😫	cara cansada
😬	cara haciendo una mueca
😭	cara llorando fuerte
😮	cara con la boca abierta
😯	cara estupefacta
😰	cara con ansiedad y sudor
😱	cara gritando de miedo
😲	cara asombrada
😳	cara sonrojada
😴	cara durmiendo
😵	cara mareada
😶	cara sin boca
😷	cara con mascarilla médica
😸	cara de gato sonriendo con ojos sonrientes
😹	cara de gato llorando de risa
😺	cara de gato sonriendo
😻	cara de gato sonriendo y ojos de corazón
😼	cara de gato con sonrisa irónica
😽	cara de gato besando
😾	cara de gato enfadado
😿	cara de gato llorando
🙀	cara de gato asustado
🙁	cara con el ceño ligeramente fruncido
🙂	cara sonriendo ligeramente
🙃	cara al revés
🙄	cara con ojos en blanco
🙅	persona haciendo el gesto de no
🙆	persona haciendo el gesto de de acuerdo
🙇	persona haciendo una reverencia
🙈	mono con los ojos tapados
🙉	mono con los oídos tapados
🙊	mono con la boca tapada
🙋	persona con la mano levantada
🙌	manos levantadas celebrando
🙍	persona frunciendo el ceño
🙎	persona haciendo pucheros
🙏	manos en oración
🚀	cohete
🚁	helicóptero
🚂	locomotora de vapor
🚃	vagón
🚄	tren de alta velocidad
🚅	tren bala
🚆	tren
🚇	metro
🚈	tren ligero
🚉	estación de tren
🚊	tranvía
🚋	vagón de tranvía
🚌	autobús
🚍	autobús próximo
🚎	trolebús
🚏	parada de autobús
🚐	minibús
🚑	ambulancia
🚒	coche de bomberos
🚓	coche de policía
🚔	coche de policía próximo
🚕	taxi
🚖	taxi próximo
🚗	coche
🚘	coche próximo
🚙	caravana
🚚	camión de reparto
🚛	camión articulado
🚜	tractor
🚝	monorraíl
🚞	ferrocarril de montaña
🚟	ferrocarril de suspensión
🚠	teleférico de montaña
🚡	teleférico
🚢	barco
🚣	persona remando en un bote
🚤	lancha motora
🚥	semáforo horizontal
🚦	semáforo
🚧	obras
🚨	luces de policía
🚩	bandera triangular
🚪	puerta
🚫	prohibido
🚬	cigarrillo
🚭	prohibido fumar
🚮	señal de usar papelera
🚯	prohibido tirar basura
🚰	agua potable
🚱	agua no potable
🚲	bicicleta
🚳	bicicletas prohibidas
🚴	ciclista
🚵	persona en bicicleta de montaña
🚶	persona caminando
🚷	prohibido el paso de peatones
🚸	niños cruzando
🚹	aseo para hombres
🚺	señal de aseo para mujeres
🚻	señal de aseos
🚼	señal de bebé
🚽	inodoro
🚾	aseos
🚿	ducha
🛀	persona en la bañera
🛁	bañera
🛂	control de pasaportes
🛃	aduana
🛄	recogida de equipajes
🛅	consigna
🛋	sofá y lámpara
🛌	persona en la cama
🛍	bolsas de compras
🛎	timbre de hotel
🛏	cama
🛐	lugar de culto
🛑	señal de stop
🛒	carrito de la compra
🛕	templo hindú
🛖	cabaña
🛗	ascensor
🛜	wifi
🛝	tobogán
🛞	rueda
🛟	salvavidas
🛠	martillo y llave inglesa
🛡	escudo
🛢	barril de petróleo
🛣	autopista
🛤	vía de tren
🛥	barco a motor
🛩	avioneta
🛫	avión despegando
🛬	avión aterrizando
🛰	satélite
🛳	barco de pasajeros
🛴	patinete
🛵	scooter
🛶	canoa
🛷	trineo
🛸	platillo volante
🛹	monopatín
🛺	mototaxi
🛻	camioneta
🛼	patines
🟠	círculo naranja
🟡	círculo amarillo
🟢	círculo verde
🟣	círculo morado
🟤	círculo marrón
🟥	cuadrado rojo
🟦	cuadrado azul
🟧	cuadrado naranja
🟨	cuadrado amarillo
🟩	cuadrado verde
🟪	cuadrado morado
🟫	cuadrado marrón
🟰	signo igual grueso
🤌	dedos juntos apuntando hacia arriba
🤍	corazón blanco
🤎	corazón marrón
🤏	mano pellizcando
🤐	cara con la boca cerrada con cremallera
🤑	cara con lengua de dinero
🤒	cara con termómetro
🤓	cara de empollón
🤔	cara pensativa
🤕	cara con la cabeza vendada
🤖	cara de robot
🤗	cara con manos abrazando
🤘	mano haciendo el signo de cuernos
🤙	mano haciendo el gesto de llamar
🤚	dorso de la mano
🤛	puño hacia la izquierda
🤜	puño hacia la derecha
🤝	apretón de manos
🤞	dedos cruzados
🤟	gesto de te quiero
🤠	cara con sombrero de vaquero
🤡	cara de payaso
🤢	cara de náuseas
🤣	cara revolviéndose de la risa
🤤	cara babeando
🤥	cara de mentiroso
🤦	persona con la mano en la frente
🤧	cara estornudando
🤨	cara con ceja alzada
🤩	cara sonriendo con estrellas
🤪	cara de loco
🤫	cara pidiendo silencio
🤬	cara con símbolos en la boca
🤭	cara con mano sobre la boca
🤮	cara vomitando
🤯	cabeza explotando
🤰	mujer embarazada
🤱	dar pecho
🤲	palmas hacia arriba juntas
🤳	selfi
🤴	príncipe
🤵	hombre con esmoquin
🤶	Mamá Noel
🤷	persona encogida de hombros
🤸	persona haciendo voltereta lateral
🤹	persona haciendo malabares
🤺	esgrima
🤼	personas luchando
🤽	persona jugando al waterpolo
🤾	persona jugando al balonmano
🤿	máscara de buceo
🥀	flor marchita
🥁	tambor
🥂	copas brindando
🥃	vaso de whisky
🥄	cuchara
🥅	portería
🥇	medalla de oro
🥈	medalla de plata
🥉	medalla de bronce
🥊	guante de boxeo
🥋	uniforme de artes marciales
🥌	piedra de curling
🥍	lacrosse
🥎	pelota de softball
🥏	disco volador
🥐	cruasán
🥑	aguacate
🥒	pepino
🥓	beicon
🥔	patata
🥕	zanahoria
🥖	baguete
🥗	ensalada
🥘	paella
🥙	pan relleno
🥚	huevo
🥛	vaso de leche
🥜	cacahuetes
🥝	kiwi
🥞	tortitas
🥟	dumpling
🥠	galleta de la fortuna
🥡	caja para llevar
🥢	palillos
🥣	cuenco con cuchara
🥤	vaso con pajita
🥥	coco
🥦	brócoli
🥧	pastel
🥨	bretzel
🥩	corte de carne
🥪	sándwich
🥫	comida enlatada
🥬	verdura de hoja verde
🥭	mango
🥮	pastel de luna
🥯	bagel
🥰	cara sonriendo con tres corazones
🥱	cara de bostezo
🥲	cara sonriente con lágrima
🥳	cara de fiesta
🥴	cara de grogui
🥵	cara con calor
🥶	cara con frío
🥷	ninja
🥸	cara disfrazada
🥹	cara aguantándose las lágrimas
🥺	cara de por favor
🥻	sari
🥼	bata de laboratorio
🥽	gafas de protección
🥾	bota de senderismo
🥿	bailarina
🦀	cangrejo
🦁	cara de león
🦂	escorpión
🦃	pavo
🦄	cara de unicornio
🦅	águila
🦆	pato
🦇	murciélago
🦈	tiburón
🦉	búho
🦊	cara de zorro
🦋	mariposa
🦌	ciervo
🦍	gorila
🦎	lagarto
🦏	rinoceronte
🦐	gamba
🦑	calamar
🦒	jirafa
🦓	cebra
🦔	erizo
🦕	saurópodo
🦖	t-rex
🦗	grillo
🦘	canguro
🦙	llama
🦚	pavo real
🦛	hipopótamo
🦜	loro
🦝	mapache
🦞	langosta
🦟	mosquito
🦠	microbio
🦡	tejón
🦢	cisne
🦣	mamut
🦤	dodo
🦥	perezoso
🦦	nutria
🦧	orangután
🦨	mofeta
🦩	flamenco
🦪	ostra
🦫	castor
🦬	bisonte
🦭	foca
🦮	perro guía
🦯	bastón
🦰	pelo pelirrojo
🦱	pelo rizado
🦲	calvo
🦳	pelo blanco
🦴	hueso
🦵	pierna
🦶	pie
🦷	diente
🦸	superhéroe
🦹	supervillano
🦺	chaleco de seguridad
🦻	oreja con audífono
🦼	silla de ruedas eléctrica
🦽	silla de ruedas manual
🦾	brazo mecánico
🦿	pierna mecánica
🧀	cuña de queso
🧁	magdalena
🧂	sal
🧃	tetrabrik
🧄	ajo
🧅	cebolla
🧆	falafel
🧇	gofre
🧈	mantequilla
🧉	mate
🧊	cubito de hielo
🧋	té de burbujas
🧌	trol
🧍	persona de pie
🧎	persona de rodillas
🧏	persona sorda
🧐	cara con monóculo
🧑	persona adulta
🧒	infante
🧓	persona adulta madura
🧔	persona con barba
🧕	mujer con hiyab
🧖	persona en una sauna
🧗	persona escalando
🧘	persona en posición de loto
🧙	persona maga
🧚	hada
🧛	vampiro
🧜	persona sirena
🧝	elfo
🧞	genio
🧟	zombi
🧠	cerebro
🧡	corazón naranja
🧢	gorra con visera
🧣	bufanda
🧤	guantes
🧥	abrigo
🧦	calcetines
🧧	sobre rojo
🧨	petardo
🧩	puzle
🧪	tubo de ensayo
🧫	placa de petri
🧬	adn
🧭	brújula
🧮	ábaco
🧯	extintor
🧰	caja de herramientas
🧱	ladrillo
🧲	imán
🧳	equipaje
🧴	bote de crema
🧵	hilo
🧶	ovillo
🧷	imperdible
🧸	osito de peluche
🧹	escoba
🧺	cesta
🧻	rollo de papel
🧼	jabón
🧽	esponja
🧾	recibo
🧿	ojo turco
🇦🇨	bandera de la Isla de la Ascensión
🇦🇩	bandera de Andorra
🇦🇪	bandera de Emiratos Árabes Unidos
🇦🇫	bandera de Afganistán
🇦🇬	bandera de Antigua y Barbuda
🇦🇮	bandera de Anguila
🇦🇱	bandera de Albania
🇦🇲	bandera de Armenia
🇦🇴	bandera de Angola
🇦🇶	bandera de Antártida
🇦🇷	bandera de Argentina
🇦🇸	bandera de Samoa Americana
🇦🇹	bandera de Austria
🇦🇺	bandera de Australia
🇦🇼	bandera de Aruba
🇦🇽	bandera de las Islas Åland
🇦🇿	bandera de Azerbaiyán
🇧🇦	bandera de Bosnia y Herzegovina
🇧🇧	bandera de Barbados
🇧🇩	bandera de Bangladés
🇧🇪	bandera de Bélgica
🇧🇫	bandera de Burkina Faso
🇧🇬	bandera de Bulgaria
🇧🇭	bandera de Baréin
🇧🇮	bandera de Burundi
🇧🇯	bandera de Benín
🇧🇱	bandera de San Bartolomé
🇧🇲	bandera de Bermudas
🇧🇳	bandera de Brunéi
🇧🇴	bandera de Bolivia
🇧🇶	bandera de Caribe neerlandés
🇧🇷	bandera de Brasil
🇧🇸	bandera de Bahamas
🇧🇹	bandera de Bután
🇧🇻	bandera de la Isla Bouvet
🇧🇼	bandera de Botsuana
🇧🇾	bandera de Bielorrusia
🇧🇿	bandera de Belice
🇨🇦	bandera de Canadá
🇨🇨	bandera de las Islas Cocos
🇨🇩	bandera de la República Democrática del Congo
🇨🇫	bandera de la República Centroafricana
🇨🇬	bandera de la República del Congo
🇨🇭	bandera de Suiza
🇨🇮	bandera de Côte d’Ivoire
🇨🇰	bandera de las Islas Cook
🇨🇱	bandera de Chile
🇨🇲	bandera de Camerún
🇨🇳	bandera de China
🇨🇴	bandera de Colombia
🇨🇵	bandera de la Isla Clipperton
🇨🇷	bandera de Costa Rica
🇨🇺	bandera de Cuba
🇨🇻	bandera de Cabo Verde
🇨🇼	bandera de Curazao
🇨🇽	bandera de la Isla de Navidad
🇨🇾	bandera de Chipre
🇨🇿	bandera de Chequia
🇩🇪	bandera de Alemania
🇩🇬	bandera de Diego García
🇩🇯	bandera de Yibuti
🇩🇰	bandera de Dinamarca
🇩🇲	bandera de Dominica
🇩🇴	bandera de la República Dominicana
🇩🇿	bandera de Argelia
🇪🇦	bandera de Ceuta y Melilla
🇪🇨	bandera de Ecuador
🇪🇪	bandera de Estonia
🇪🇬	bandera de Egipto
🇪🇭	bandera de Sáhara Occidental
🇪🇷	bandera de Eritrea
🇪🇸	bandera de España
🇪🇹	bandera de Etiopía
🇪🇺	bandera de la Unión Europea
🇫🇮	bandera de Finlandia
🇫🇯	bandera de Fiyi
🇫🇰	bandera de las Islas Malvinas
🇫🇲	bandera de Micronesia
🇫🇴	bandera de las Islas Feroe
🇫🇷	bandera de Francia
🇬🇦	bandera de Gabón
🇬🇧	bandera del Reino Unido
🇬🇩	bandera de Granada
🇬🇪	bandera de Georgia
🇬🇫	bandera de Guayana Francesa
🇬🇬	bandera de Guernsey
🇬🇭	bandera de Ghana
🇬🇮	bandera de Gibraltar
🇬🇱	bandera de Groenlandia
🇬🇲	bandera de Gambia
🇬🇳	bandera de Guinea
🇬🇵	bandera de Guadalupe
🇬🇶	bandera de Guinea Ecuatorial
🇬🇷	bandera de Grecia
🇬🇸	bandera de las Islas Georgia del Sur y Sandwich del Sur
🇬🇹	bandera de Guatemala
🇬🇺	bandera de Guam
🇬🇼	bandera de Guinea-Bisáu
🇬🇾	bandera de Guyana
🇭🇰	bandera de RAE de Hong Kong (China)
🇭🇲	bandera de las Islas Heard y McDonald
🇭🇳	bandera de Honduras
🇭🇷	bandera de Croacia
🇭🇹	bandera de Haití
🇭🇺	bandera de Hungría
🇮🇨	bandera de Canarias
🇮🇩	bandera de Indonesia
🇮🇪	bandera de Irlanda
🇮🇱	bandera de Israel
🇮🇲	bandera de la Isla de Man
🇮🇳	bandera de India
🇮🇴	bandera de Territorio Británico del Océano Índico
🇮🇶	bandera de Irak
🇮🇷	bandera de Irán
🇮🇸	bandera de Islandia
🇮🇹	bandera de Italia
🇯🇪	bandera de Jersey
🇯🇲	bandera de Jamaica
🇯🇴	bandera de Jordania
🇯🇵	bandera de Japón
🇰🇪	bandera de Kenia
🇰🇬	bandera de Kirguistán
🇰🇭	bandera de Camboya
🇰🇮	bandera de Kiribati
🇰🇲	bandera de Comoras
🇰🇳	bandera de San Cristóbal y Nieves
🇰🇵	bandera de Corea del Norte
🇰🇷	bandera de Corea del Sur
🇰🇼	bandera de Kuwait
🇰🇾	bandera de las Islas Caimán
🇰🇿	bandera de Kazajistán
🇱🇦	bandera de Laos
🇱🇧	bandera de Líbano
🇱🇨	bandera de Santa Lucía
🇱🇮	bandera de Liechtenstein
🇱🇰	bandera de Sri Lanka
🇱🇷	bandera de Liberia
🇱🇸	bandera de Lesoto
🇱🇹	bandera de Lituania
🇱🇺	bandera de Luxemburgo
🇱🇻	bandera de Letonia
🇱🇾	bandera de Libia
🇲🇦	bandera de Marruecos
🇲🇨	bandera de Mónaco
🇲🇩	bandera de Moldavia
🇲🇪	bandera de Montenegro
🇲🇫	bandera de San Martín
🇲🇬	bandera de Madagascar
🇲🇭	bandera de las Islas Marshall
🇲🇰	bandera de Macedonia
🇲🇱	bandera de Mali
🇲🇲	bandera de Myanmar (Birmania)
🇲🇳	bandera de Mongolia
🇲🇴	bandera de RAE de Macao (China)
🇲🇵	bandera de las Islas Marianas del Norte
🇲🇶	bandera de Martinica
🇲🇷	bandera de Mauritania
🇲🇸	bandera de Montserrat
🇲🇹	bandera de Malta
🇲🇺	bandera de Mauricio
🇲🇻	bandera de Maldivas
🇲🇼	bandera de Malaui
🇲🇽	bandera de México
🇲🇾	bandera de Malasia
🇲🇿	bandera de Mozambique
🇳🇦	bandera de Namibia
🇳🇨	bandera de Nueva Caledonia
🇳🇪	bandera de Níger
🇳🇫	bandera de la Isla Norfolk
🇳🇬	bandera de Nigeria
🇳🇮	bandera de Nicaragua
🇳🇱	bandera de Países Bajos
🇳🇴	bandera de Noruega
🇳🇵	bandera de Nepal
🇳🇷	bandera de Nauru
🇳🇺	bandera de Niue
🇳🇿	bandera de Nueva Zelanda
🇴🇲	bandera de Omán
🇵🇦	bandera de Panamá
🇵🇪	bandera de Perú
🇵🇫	bandera de Polinesia Francesa
🇵🇬	bandera de Papúa Nueva Guinea
🇵🇭	bandera de Filipinas
🇵🇰	bandera de Pakistán
🇵🇱	bandera de Polonia
🇵🇲	bandera de San Pedro y Miquelón
🇵🇳	bandera de las Islas Pitcairn
🇵🇷	bandera de Puerto Rico
🇵🇸	bandera de Territorios Palestinos
🇵🇹	bandera de Portugal
🇵🇼	bandera de Palaos
🇵🇾	bandera de Paraguay
🇶🇦	bandera de Catar
🇷🇪	bandera de Reunión
🇷🇴	bandera de Rumanía
🇷🇸	bandera de Serbia
🇷🇺	bandera de Rusia
🇷🇼	bandera de Ruanda
🇸🇦	bandera de Arabia Saudí
🇸🇧	bandera de las Islas Salomón
🇸🇨	bandera de Seychelles
🇸🇩	bandera de Sudán
🇸🇪	bandera de Suecia
🇸🇬	bandera de Singapur
🇸🇭	bandera de Santa Elena
🇸🇮	bandera de Eslovenia
🇸🇯	bandera de Svalbard y Jan Mayen
🇸🇰	bandera de Eslovaquia
🇸🇱	bandera de Sierra Leona
🇸🇲	bandera de San Marino
🇸🇳	bandera de Senegal
🇸🇴	bandera de Somalia
🇸🇷	bandera de Surinam
🇸🇸	bandera de Sudán del Sur
🇸🇹	bandera de Santo Tomé y Príncipe
🇸🇻	bandera de El Salvador
🇸🇽	bandera de Sint Maarten
🇸🇾	bandera de Siria
🇸🇿	bandera de Suazilandia
🇹🇦	bandera de Tristán de Acuña
🇹🇨	bandera de las Islas Turcas y Caicos
🇹🇩	bandera de Chad
🇹🇫	bandera de Territorios Australes Franceses
🇹🇬	bandera de Togo
🇹🇭	bandera de Tailandia
🇹🇯	bandera de Tayikistán
🇹🇰	bandera de Tokelau
🇹🇱	bandera de Timor-Leste
🇹🇲	bandera de Turkmenistán
🇹🇳	bandera de Túnez
🇹🇴	bandera de Tonga
🇹🇷	bandera de Turquía
🇹🇹	bandera de Trinidad y Tobago
🇹🇻	bandera de Tuvalu
🇹🇼	bandera de Taiwán
🇹🇿	bandera de Tanzania
🇺🇦	bandera de Ucrania
🇺🇬	bandera de Uganda
🇺🇲	bandera de las Islas menores alejadas de EE. UU.
🇺🇳	bandera de Naciones Unidas
🇺🇸	bandera de los Estados Unidos
🇺🇾	bandera de Uruguay
🇺🇿	bandera de Uzbekistán
🇻🇦	bandera de Ciudad del Vaticano
🇻🇨	bandera de San Vicente y las Granadinas
🇻🇪	bandera de Venezuela
🇻🇬	bandera de las Islas Vírgenes Británicas
🇻🇮	bandera de las Islas Vírgenes de EE. UU.
🇻🇳	bandera de Vietnam
🇻🇺	bandera de Vanuatu
🇼🇫	bandera de Wallis y Futuna
🇼🇸	bandera de Samoa
🇽🇰	bandera de Kosovo
🇾🇪	bandera de Yemen
🇾🇹	bandera de Mayotte
🇿🇦	bandera de Sudáfrica
🇿🇲	bandera de Zambia
🇿🇼	bandera de Zimbabue
🏴󠁧󠁢󠁥󠁮󠁧󠁿	bandera de Inglaterra
🏴󠁧󠁢󠁳󠁣󠁴󠁿	bandera de Escocia
🏴󠁧󠁢󠁷󠁬󠁳󠁿	bandera de Gales
#️⃣	tecla de almohadilla
*️⃣	tecla de asterisco
0️⃣	tecla del cero
1️⃣	tecla del uno
2️⃣	tecla del dos
3️⃣	tecla del tres
4️⃣	tecla del cuatro
5️⃣	tecla del cinco
6️⃣	tecla del seis
7️⃣	tecla del siete
8️⃣	tecla del ocho
9️⃣	tecla del nueve
🩰	zapatillas de ballet
🩱	traje de baño de una pieza
🩲	ropa interior
🩳	pantalones cortos
🩴	chancla
🩵	corazón azul claro
🩶	corazón gris
🩷	corazón rosa
🩸	gota de sangre
🩹	tirita
🩺	estetoscopio
🩻	radiografía
🩼	muleta
🪀	yoyó
🪁	cometa
🪂	paracaídas
🪃	bumerán
🪄	varita mágica
🪅	piñata
🪆	muñeca rusa
🪇	maracas
🪈	flauta
🪉	arpa
🪏	pala
🪐	planeta con anillos
🪑	silla
🪒	cuchilla de afeitar
🪓	hacha
🪔	lámpara de aceite
🪕	banjo
🪖	casco militar
🪗	acordeón
🪘	tamboril
🪙	moneda
🪚	sierra de carpintería
🪛	destornillador
🪜	escalera
🪝	gancho
🪞	espejo
🪟	ventana
🪠	desatascador
🪡	aguja de coser
🪢	nudo
🪣	cubo
🪤	trampa de ratones
🪥	cepillo de dientes
🪦	lápida
🪧	letrero
🪨	piedra
🪩	bola de espejos
🪪	carné de identidad
🪫	batería baja
🪬	hamsa
🪭	abanico abierto
🪮	peineta
🪯	khanda
🪰	mosca
🪱	gusano
🪲	escarabajo
🪳	cucaracha
🪴	planta de maceta
🪵	madera
🪶	pluma
🪷	loto
🪸	coral
🪹	nido vacío
🪺	nido con huevos
🪻	campanilla
🪼	medusa
🪽	ala
🪾	árbol sin hojas
🪿	oca
🫀	corazón humano
🫁	pulmones
🫂	personas abrazándose
🫃	hombre embarazado
🫄	persona embarazada
🫅	persona con corona
🫆	huella dactilar
🫎	alce
🫏	burro
🫐	arándanos
🫑	pimiento
🫒	aceituna
🫓	pan sin levadura
🫔	tamal
🫕	fondue
🫖	tetera
🫗	líquido derramándose
🫘	alubias
🫙	tarro
🫚	raíz de jengibre
🫛	vaina
🫜	túberculo comestible
🫟	salpicadura
🫠	cara derritiéndose
🫡	cara saludando
🫢	cara con ojos abiertos y boca tapada
🫣	cara tapada con ojo espiando
🫤	cara con boca diagonal
🫥	cara con línea de puntos
🫦	labio mordido
🫧	burbujas
🫨	cara temblorosa
🫩	cara con ojeras
🫰	mano con dedo índice y pulgar cruzados
🫱	mano hacia la derecha
🫲	mano hacia la izquierda
🫳	mano con la palma hacia abajo
🫴	mano con la palma hacia arriba
🫵	dedo índice apuntándote a ti
🫶	manos formando un corazón
🫷	mano empujando hacia la izquierda
🫸	mano empujando hacia la derecha
⛓‍💥	cadena rota
❤‍🔥	corazón en llamas
❤‍🩹	corazón vendado
🍄‍🟫	champiñón marrón
🍋‍🟩	lima
🏃‍♀‍➡	mujer corriendo hacia la derecha
🏃‍♂‍➡	hombre corriendo hacia la derecha
🏃‍➡	persona corriendo hacia la derecha
🏳‍⚧	bandera transgénero
🐈‍⬛	gato negro
🐕‍🦺	perro de servicio
🐦‍⬛	pájaro negro
🐦‍🔥	fénix
🐻‍❄	oso polar
👨‍🍼	hombre alimentando a bebé
👨‍🦯	hombre con bastón
👨‍🦯‍➡	hombre con bastón hacia la derecha
👨‍🦰	hombre pelo pelirrojo
👨‍🦱	hombre pelo rizado
👨‍🦲	hombre sin pelo
👨‍🦳	hombre pelo blanco
👨‍🦼	hombre en silla de ruedas eléctrica
👨‍🦼‍➡	hombre en silla de ruedas eléctrica hacia la derecha
👨‍🦽	hombre en silla de ruedas manual
👨‍🦽‍➡	hombre en silla de ruedas manual hacia la derecha
👩‍❤‍💋‍👨	beso entre una mujer y un hombre
👨‍❤‍💋‍👨	beso entre dos hombres
👩‍❤‍💋‍👩	beso entre dos mujeres
👩‍❤‍👨	pareja enamorada de una mujer y un hombre
👨‍❤‍👨	pareja enamorada de dos hombres
👩‍❤‍👩	pareja enamorada de dos mujeres
👨‍👩‍👦	familia con un hombre, una mujer y un niño
👨‍👩‍👧	familia con un hombre, una mujer y una niña
👨‍👩‍👧‍👦	familia con un hombre, una mujer, una niña y un niño
👨‍👩‍👦‍👦	familia con un hombre, una mujer y dos niños
👨‍👩‍👧‍👧	familia con un hombre, una mujer y dos niñas
👨‍👨‍👦	familia con dos hombres y un niño
👨‍👨‍👧	familia con dos hombres y una niña
👨‍👨‍👧‍👦	familia con dos hombres, una niña y un niño
👨‍👨‍👦‍👦	familia con dos hombres y dos niños
👨‍👨‍👧‍👧	familia con dos hombres y dos niñas
👩‍🍼	mujer alimentando a bebé
👩‍👩‍👦	familia con dos mujeres y un niño
👩‍👩‍👧	familia con dos mujeres y una niña
👩‍👩‍👧‍👦	familia con dos mujeres, una niña y un niño
👩‍👩‍👦‍👦	familia con dos mujeres y dos niños
👩‍👩‍👧‍👧	familia con dos mujeres y dos niñas
👨‍👦	familia con un hombre y un niño
👨‍👦‍👦	familia con un hombre y dos niños
👨‍👧	familia con un hombre y una niña
👨‍👧‍👦	familia con un hombre, una niña y un niño
👨‍👧‍👧	familia con un hombre y dos niñas
👩‍👦	familia con una mujer y un niño
👩‍👦‍👦	familia con una mujer y dos niños
👩‍👧	familia con una mujer y una niña
👩‍👧‍👦	familia con una mujer, una niña y un niño
👩‍👧‍👧	familia con una mujer y dos niñas
👨‍⚕	profesional sanitario hombre
👩‍⚕	profesional sanitario mujer
👨‍⚖	juez
👩‍⚖	jueza
👨‍✈	piloto hombre
👩‍✈	piloto mujer
👨‍🌾	agricultor
👩‍🌾	agricultora
👨‍🍳	cocinero
👩‍🍳	cocinera
👨‍🎓	estudiante hombre
👩‍🎓	estudiante mujer
👨‍🎤	cantante hombre
👩‍🎤	cantante mujer
👨‍🎨	artista hombre
👩‍🎨	artista mujer
👨‍🏫	profesor
👩‍🏫	profesora
👨‍🏭	operario
👩‍🏭	operaria
👨‍💻	tecnólogo
👩‍💻	tecnóloga
👨‍💼	oficinista hombre
👩‍💼	oficinista mujer
👨‍🔧	mecánico
👩‍🔧	mecánica
👨‍🔬	científico
👩‍🔬	científica
👨‍🚀	astronauta hombre
👩‍🚀	astronauta mujer
👨‍🚒	bombero
👩‍🚒	bombera
👩‍🦯	mujer con bastón
👩‍🦯‍➡	mujer con bastón hacia la derecha
👩‍🦰	mujer pelo pelirrojo
👩‍🦱	mujer pelo rizado
👩‍🦲	mujer sin pelo
👩‍🦳	mujer pelo blanco
👩‍🦼	mujer en silla de ruedas eléctrica
👩‍🦼‍➡	mujer en silla de ruedas eléctrica hacia la derecha
👩‍🦽	mujer en silla de ruedas manual
👩‍🦽‍➡	mujer en silla de ruedas manual hacia la derecha
👮‍♀	agente de policía mujer
👮‍♂	agente de policía hombre
👰‍♀	mujer con velo
👰‍♂	hombre con velo
👱‍♀	mujer rubia
👱‍♂	hombre rubio
👳‍♀	mujer con turbante
👳‍♂	hombre con turbante
👷‍♀	obrera
👷‍♂	obrero hombre
💂‍♀	guardia mujer
💂‍♂	guardia hombre
🕵️‍♀	detective mujer
🕵️‍♂	detective hombre
😮‍💨	cara exhalando
😵‍💫	cara con ojos en espiral
😶‍🌫	cara entre las nubes
🙂‍↔	cabeza negando
🙂‍↕	cabeza asintiendo
🚶‍♀‍➡	mujer caminando hacia la derecha
🚶‍♂‍➡	hombre caminando hacia la derecha
🚶‍➡	persona caminando hacia la derecha
🤵‍♀	mujer con esmoquin
🤵‍♂	hombre con esmoquin
🦸‍♀	mujer superhéroe
🦸‍♂	hombre superhéroe
🦹‍♀	mujer supervillana
🦹‍♂	hombre supervillano
🧍‍♀	mujer de pie
🧍‍♂	hombre de pie
🧎‍♀	mujer de rodillas
🧎‍♀‍➡	mujer de rodillas hacia la derecha
🧎‍♂	hombre de rodillas
🧎‍♂‍➡	hombre de rodillas hacia la derecha
🧎‍➡	persona de rodillas hacia la derecha
🧏‍♀	mujer sorda
🧏‍♂	hombre sordo
🧑‍⚕	profesional sanitario
🧑‍⚖	fiscal
🧑‍✈	piloto
🧑‍🌾	profesional de la agricultura
🧑‍🍳	chef
🧑‍🍼	persona alimentando a bebé
🧑‍🎄	Noel
🧑‍🎓	estudiante
🧑‍🎤	cantante
🧑‍🎨	artista
🧑‍🏫	docente
🧑‍🏭	profesional industrial
🧑‍💻	profesional de la tecnología
🧑‍💼	oficinista
🧑‍🔧	profesional de la mecánica
🧑‍🔬	profesional de la ciencia
🧑‍🚀	astronauta
🧑‍🚒	bombero
🧑‍🤝‍🧑	dos personas de la mano
🧑‍🦯	persona con bastón
🧑‍🦯‍➡	persona con bastón hacia la derecha
🧑‍🦰	persona adulta pelo pelirrojo
🧑‍🦱	persona adulta pelo rizado
🧑‍🦲	persona adulta sin pelo
🧑‍🦳	persona adulta pelo blanco
🧑‍🦼	persona en silla de ruedas eléctrica
🧑‍🦼‍➡	persona en silla de ruedas eléctrica hacia la derecha
🧑‍🦽	persona en silla de ruedas manual
🧑‍🦽‍➡	persona en silla de ruedas manual hacia la derecha
🧑‍🧑‍🧒	familia adulto adulto niño
🧑‍🧑‍🧒‍🧒	familia adulto adulto niño niño
🧑‍🧒	familia adulto niño
🧑‍🧒‍🧒	familia adulto niño niño
🧑‍🩰	bailarina de ballet
🧔‍♀	mujer barba
🧔‍♂	hombre barba
🧙‍♀	maga
🧙‍♂	mago
🧚‍♀	hada mujer
🧚‍♂	hada hombre
🧛‍♀	vampiresa
🧛‍♂	vampiro hombre
🧜‍♀	sirena
🧜‍♂	sirena hombre
🧝‍♀	elfa
🧝‍♂	elfo hombre
🧞‍♀	genio mujer
🧞‍♂	genio hombre
🧟‍♀	zombi mujer
🧟‍♂	zombi hombre
⛹‍♀	mujer botando un balón
⛹‍♂	hombre botando un balón
🏃‍♀	mujer corriendo
🏃‍♂	hombre corriendo
🏄‍♀	mujer haciendo surf
🏄‍♂	hombre haciendo surf
🏊‍♀	mujer nadando
🏊‍♂	hombre nadando
🏋️‍♀	mujer levantando pesas
🏋️‍♂	hombre levantando pesas
🏌️‍♀	mujer jugando al golf
🏌️‍♂	hombre jugando al golf
👯‍♀	mujeres con orejas de conejo
👯‍♂	hombres con orejas de conejo
💆‍♀	mujer recibiendo masaje
💆‍♂	hombre recibiendo masaje
💇‍♀	mujer cortándose el pelo
💇‍♂	hombre cortándose el pelo
🚣‍♀	mujer remando en un bote
🚣‍♂	hombre remando en un bote
🚴‍♀	mujer en bicicleta
🚴‍♂	hombre en bicicleta
🚵‍♀	mujer en bicicleta de montaña
🚵‍♂	hombre en bicicleta de montaña
🚶‍♀	mujer caminando
🚶‍♂	hombre caminando
🤸‍♀	mujer haciendo voltereta lateral
🤸‍♂	hombre haciendo una voltereta lateral
🤹‍♀	mujer haciendo malabares
🤹‍♂	hombre haciendo malabares
🤼‍♀	mujeres luchando
🤼‍♂	hombres luchando
🤽‍♀	mujer jugando al waterpolo
🤽‍♂	hombre jugando al waterpolo
🤾‍♀	mujer jugando al balonmano
🤾‍♂	hombre jugando al balonmano
🧖‍♀	mujer en una sauna
🧖‍♂	hombre en una sauna
🧗‍♀	mujer escalando
🧗‍♂	hombre escalando
🧘‍♀	mujer en posición de loto
🧘‍♂	hombre en posición de loto
💁‍♀	empleada de mostrador de información
💁‍♂	empleado de mostrador de información
🙅‍♀	mujer haciendo el gesto de no
🙅‍♂	hombre haciendo el gesto de no
🙆‍♀	mujer haciendo el gesto de de acuerdo
🙆‍♂	hombre haciendo el gesto de de acuerdo
🙇‍♀	mujer haciendo una reverencia
🙇‍♂	hombre haciendo una reverencia
🙋‍♀	mujer con la mano levantada
🙋‍♂	hombre con la mano levantada
🙍‍♀	mujer frunciendo el ceño
🙍‍♂	hombre frunciendo el ceño
🙎‍♀	mujer haciendo pucheros
🙎‍♂	hombre haciendo pucheros
🤦‍♀	mujer con la mano en la frente
🤦‍♂	hombre con la mano en la frente
🤷‍♀	mujer encogida de hombros
🤷‍♂	hombre encogido de hombros
🏳‍🌈	bandera del arcoíris
🏴‍☠	bandera pirata
👁‍🗨	ojo en bocadillo de texto
